source,threshold,condition,mouseID,tissue,group,HEX1_median,HEX1_q25,HEX1_q75,PDHm_median,PDHm_q25,PDHm_q75,path_median::Creatine phosphate buffering,path_iqr::Creatine phosphate buffering,path_median::Fatty acid uptake & beta-oxidation,path_iqr::Fatty acid uptake & beta-oxidation,path_median::Glucose uptake/phosphorylation,path_iqr::Glucose uptake/phosphorylation,path_median::Glutamate/aKG metabolism,path_iqr::Glutamate/aKG metabolism,path_median::Glutamine metabolism,path_iqr::Glutamine metabolism,path_median::Glycolysis,path_iqr::Glycolysis,path_median::Ketone metabolism,path_iqr::Ketone metabolism,path_median::Lactate metabolism,path_iqr::Lactate metabolism,path_median::Oxidative phosphorylation,path_iqr::Oxidative phosphorylation,path_median::Pyruvate oxidation,path_iqr::Pyruvate oxidation,path_median::Redox shuttles,path_iqr::Redox shuttles,path_median::TCA cycle,path_iqr::TCA cycle
GSE17576,5,Gastrocnemius__dia__w9__mouse45,45,Gastrocnemius,dia,0.1081894164402328,0.1080031615570587,0.108709251840682,0.0236266499007822,0.0234845081456671,0.0238490642896239,119.04810015288848,14.6721618954234,21.10863666201537,2.0369747920512893,136.5073573456781,17.941999839590608,194.69072684320332,26.74547120813469,43.97273984829178,5.356499139650985,128.3497226158433,7.068584539800213,0.0216611922728171,0.0048362032179762,340.43223726408746,41.61939689859668,2.163420868161656,0.0944931234994168,205.16118183752596,25.925906688560616,351.38865069517885,60.30565477247086,149.73332957722016,10.981298442975032
GSE17576,5,Gastrocnemius__dia__w9__mouse48,48,Gastrocnemius,dia,0.1163086826488088,0.1161786160770059,0.131509469063667,0.0303476376832766,0.0289792490992988,0.0320792456297371,65.50627368717902,186.83332813550695,22.54096838138231,3.3437583319792026,141.42136287019227,42.38872577417144,258.11796670445847,83.32519472446998,56.14656648893888,28.889718715688844,124.54874120513804,33.24549548274331,0.0353781474957851,0.0139016328122554,361.5978152956719,79.0818628323878,2.280946983381618,0.5079668365087222,184.8221236065148,50.25797137742239,214.91968893613557,132.9943688145021,298.99565113948734,62.78085323741942
GSE17576,5,Gastrocnemius__dia__w9__mouse55,55,Gastrocnemius,dia,0.1075123013321843,0.1072794827341493,0.1078120106291029,0.0228830168957303,0.0226538031444905,0.0229922539002204,149.01605295620203,37.34357547449584,26.18956651521774,1.3857448790336235,175.7976712150424,10.370734476948796,353.05230846448103,13.518986441868492,66.81871198060398,8.45463416106847,140.1820995233399,7.924794044470076,0.0069695550846642,0.0049472439260105,356.8290165582722,30.93288705541994,2.4164656700773506,0.0994231548920598,53.17847867440539,19.18478414286593,305.2347244109865,16.290742875193416,155.4916746518315,18.246495419878755
GSE17576,5,Gastrocnemius__dia__w9__mouse56,56,Gastrocnemius,dia,0.0988717650024183,0.0984070784801291,0.0989422647613582,0.0287091034437479,0.0274078079789385,0.0289330499952216,202.406359436266,6.600630969332059,21.54762710990581,2.2412062040730945,123.35993546502657,2.363688662386565,295.92886532676494,22.75693087132106,75.29403280347775,6.935383696494526,104.45084310943813,12.544677993423164,0.0064559874024304,0.0007922658136965,442.75317142687527,19.487600305919383,2.537965023347613,0.059662727496732,289.84429473542536,27.328601156342984,362.12899977634174,26.30359792940851,351.3036057897673,10.256628933396088
GSE17576,5,Gastrocnemius__norm__w9__mouse49,49,Gastrocnemius,norm,0.0947647845712892,0.092290379777202,0.0951176498652606,0.0270710011756865,0.0264802887714467,0.0298223508714073,63.49556969525661,45.18854186654933,23.409976412261425,11.607739850830685,164.81442516872357,8.587752907504353,336.397225065132,15.875185664473465,84.56573650286629,8.529995886824693,116.95178349156684,8.207618907605308,0.0067828432246764,0.0075585089846622,251.9929149522608,41.196384786335926,2.1576344621603374,0.4002862191823735,219.01829722193327,24.097116865648417,174.37042870329907,47.63599695891381,80.23827062121705,149.10495740424395
GSE17576,5,Gastrocnemius__norm__w9__mouse51,51,Gastrocnemius,norm,0.1099732842773315,0.1099327393621759,0.1101927992929194,0.0180275436573067,0.0179697265349274,0.0181167061853113,211.88460043467003,31.101374488031357,29.435273381387404,17.623691747448472,165.06038738793006,1.5299317789489066,245.96954366276333,56.45879010226878,79.61065752573447,15.831140971460371,130.53936896971032,13.967339391141737,0.0161919828131162,0.0081187874920923,278.6851624385315,70.66524993155937,2.2465782663546023,0.2431689230323606,157.00531771220145,181.93858541795643,184.97337772138545,60.6718216281032,205.6738004049082,74.16963779295793
GSE17576,5,Soleus__dia__w9__mouse45,45,Soleus,dia,0.1086842498053181,0.1042594612733186,0.1089947397840008,0.0155797853526888,0.0122552236850076,0.0179440608210444,184.8877919545515,60.07711776957692,26.438241654933623,10.820112438983056,156.13656941293235,26.900641215830063,286.6989008488796,77.12079842521379,68.23810561758992,1.8751238177022171,90.85969553992705,84.62551374539184,0.0093984034170465,0.0083339661484732,253.34876259724567,150.71623026545984,2.326467518443481,0.664911280311201,180.2681632255972,54.84620406600538,331.85931071158063,129.79295282968428,308.8895693638991,92.03279578285436
GSE17576,5,Soleus__dia__w9__mouse48,48,Soleus,dia,0.1115993496745178,0.1113975973997673,0.111735925408175,0.0208853804233932,0.0201763468079737,0.021027153350477,129.6744380373285,15.759640409969847,15.378883845049543,0.7060495454717479,103.86920926268286,4.487641141175885,195.86616421320429,26.58687458212273,66.18501724962243,8.759225277329428,84.45174127725375,4.195894829465246,0.0359706117089635,0.0021756117821232,229.8654396968787,37.27322348564573,2.021742761875145,0.0826436168662099,192.02637304746756,20.617195785556675,177.8456892465377,20.249027910695418,76.86926856691437,15.37813606470506
GSE17576,5,Soleus__dia__w9__mouse55,55,Soleus,dia,0.072035790050954,0.0682908712479701,0.0731724529608162,0.0179808891447515,0.0176407942264757,0.0191728912612953,133.80663117854434,44.26065680372868,20.256175070560296,6.1307173573479545,141.097636004891,35.4547472372971,146.39088873845083,57.69033763784597,57.57004476775423,28.52473894647865,103.51722923555344,41.46922017929597,0.0264579159150416,0.036127091878658,205.57469785344256,83.12945365083232,2.1247606641298957,0.4471173281343683,167.62055082853664,103.91522944618434,198.9919999110317,101.45692126370729,140.3177585737186,12.04995034509028
GSE17576,5,Soleus__dia__w9__mouse56,56,Soleus,dia,0.1030830325226389,0.1029096996701442,0.1032342565183668,0.0063865039461475,0.0062984521131226,0.0064127009335859,189.36813426569373,26.15903082535911,39.135463339340575,1.887389627353265,163.7408328873737,5.53813221055421,368.7018685886252,17.64299571308254,127.95014263042052,4.654970782426403,150.62155877637102,5.599092309070215,0.0027249410113267,0.0017238711240527,376.3385835412057,22.776265017438504,1.981250856383262,0.0311520688923507,341.79388095256127,19.920368802345426,201.6156705435966,2.5475244547050977,167.1925817346536,12.979508348283955
GSE17576,5,Soleus__norm__w9__mouse49,49,Soleus,norm,0.0909470793294345,0.0906558487140305,0.0919312217319077,0.0093896327997458,0.0076277965362197,0.0101266244755919,208.997191627918,5.570831295226867,14.738116733472776,6.575469042273506,57.90534608562028,27.786371053570907,205.0818101184195,61.33693102319833,49.347615741285374,10.542815228845292,64.3984623271951,11.905059917648444,0.0286331310376039,0.0065250836348479,161.11706969432325,23.102261926214,2.3144193657901244,0.0631312082487243,70.05293484395273,37.951787954578656,137.931662575267,229.9162924788923,81.02597674568403,128.218840467899
GSE17576,5,Soleus__norm__w9__mouse51,51,Soleus,norm,0.10742251321878,0.1073766435936268,0.1078494241080319,0.0268109294887219,0.0262662209626349,0.0269815128224041,138.8498556773293,20.97039760687329,20.601135732326547,0.8372832003727062,146.70536363515902,9.200442716291434,293.7901123260983,32.867384130522794,80.27224159414425,1.3425617461329438,91.20123185065889,4.356072070220407,0.0326692827581913,0.0128131975240398,366.2161789314881,19.76472564056246,2.0790720706088583,0.0765311921665654,128.7204447196488,10.926721218747048,263.6357611806911,79.52451317970497,186.20098064319467,29.94805623055126
GSE17576,5,TibialisAnt__dia__w9__mouse45,45,TibialisAnt,dia,0.0949875196551841,0.0946483065915763,0.0954144314879172,0.0288180210872821,0.0286100782418185,0.0288458624962692,138.34458275444402,32.4912016275386,31.227911350422765,1.6913918560432537,155.89496005225757,3.2978671450722743,183.5512215413665,8.39666462558668,57.05396739544935,1.3044442032534036,168.82758474096448,1.241054240666131,0.0042978419993013,0.001022772054247,337.5472008788117,13.634637562222792,2.452426925262891,0.0420035620876149,226.3037684020053,29.737121436706985,333.8053013853784,13.094582108707243,262.70412503408056,10.113881621804182
GSE17576,5,TibialisAnt__dia__w9__mouse48,48,TibialisAnt,dia,0.1086309790081853,0.1078381792440735,0.1103698604631489,0.0273453453425247,0.0269409784787688,0.0274084543424224,185.35060291873404,35.98936233530253,20.0174016837256,13.006848642070029,153.1399499242501,13.077379463651283,232.21759034267944,35.94474984237425,66.30149477702074,23.098019957156325,79.5723159806098,49.39834824557623,0.0455086911261797,0.0520896835080909,372.59558147705206,174.78993267286916,1.8507391011233127,0.3754295772791702,285.310490109885,127.896440416141,140.13824051315325,26.413262147942675,239.84993106024285,97.52133010075585
GSE17576,5,TibialisAnt__dia__w9__mouse55,55,TibialisAnt,dia,0.1105100939036363,0.1095185367036964,0.1106409565545773,0.0206013429970376,0.020518810327556,0.0206949480525908,30.47259791240182,29.0465008735589,19.14930413051642,2.524324276195099,127.86004007519544,5.537452939003316,241.83258858151623,20.07110022293199,86.03035633977953,3.6433517110794327,93.5800560848952,12.301441907325284,0.0303065767320055,0.0369646850042405,297.3516449142023,17.623393622334277,2.3113727573763354,0.0771865384679162,172.09306632347085,43.20271059474391,88.11697958596847,11.106912489176707,97.80231424753796,10.909068406669178
GSE17576,5,TibialisAnt__dia__w9__mouse56,56,TibialisAnt,dia,0.0565854845009589,0.0522399528391056,0.0571340813479366,0.0159654276666934,0.0154420483762046,0.0168346715772374,166.0078136014651,29.208781418143047,21.283542785107112,1.713198030965316,141.77983150423847,4.8251175837354765,283.6554250644059,8.119996085780997,56.21784545541095,3.005282466810634,119.6068971141046,14.661558872559254,0.0125530395580419,0.005178191140009,297.16799916942125,17.837114966968784,2.321378793727365,0.0286679065162469,124.86661270629732,26.98439335605641,233.31633264997123,24.55827417071828,133.44319619967558,5.15005171803233
GSE17576,5,TibialisAnt__norm__w9__mouse49,49,TibialisAnt,norm,0.072748859937084,0.0662279572635579,0.0729162800206288,0.0159105547983287,0.0159093325812089,0.0213407155270672,220.463347568585,10.931192210580235,35.172509086210376,6.3773247564937,166.28895254994967,0.6966258474951701,503.8339187506728,335.73600576337736,95.527998480332,2.8625585231434485,169.97518413083296,2.7817020694640746,0.004336067662743,0.0238335928019759,453.60630684408943,47.0883100928981,2.5054011931993188,0.0130342318664014,249.5497898008396,218.3326952006678,574.0383239259754,291.4451570145676,301.8316771461649,38.52253808561625
GSE17576,5,TibialisAnt__norm__w9__mouse51,51,TibialisAnt,norm,0.0920540216970032,0.0898825635646295,0.0942364105671009,0.0259745873290467,0.0234966259376078,0.0262409158530468,118.43745328628113,111.96657825917094,22.423985500207746,3.208888302047985,80.16272629961881,66.19779744554624,94.6481239066978,185.62165281618465,36.45783436695865,20.756771104660565,59.96725905868368,43.45597368352052,0.0156623309911417,0.002728156692464,176.56533967927385,50.99503085022943,1.9356634196006557,0.3758199614235524,93.52061503618224,111.4526304449533,137.84846880033405,48.430506236879694,217.57341393750423,70.3999744087734
GSE17576,10,Gastrocnemius__dia__w9__mouse45,45,Gastrocnemius,dia,0.1069090876183232,0.1066332362710213,0.1069985800857638,0.0252353716058906,0.0250980451706221,0.0253352569329284,97.67038998955768,43.4859924389136,18.65850969718756,2.0384182268936293,193.144708476861,11.28205863627386,280.56772111999805,50.95887315526432,70.89672776890905,6.543943501376731,112.4422640201134,18.62134417115574,0.0092194118622911,0.0064963039430814,256.713752897473,102.5144603368988,2.3416508070369897,0.0744403132638993,233.782678823553,42.31279585916912,97.01617082937187,26.71006603231207,120.79934541629558,48.9051404545714
GSE17576,10,Gastrocnemius__dia__w9__mouse48,48,Gastrocnemius,dia,0.1174428889786667,0.1170734025924424,0.1175448289063588,0.0288792752824861,0.0287752760997257,0.0289731487493477,181.82026686460608,39.69430730358911,19.686691600829366,6.015785073086121,187.7206194568808,15.281422003620436,184.06632674493383,13.46069528574725,61.72436502389304,21.55191434519749,90.8240673677562,3.3910760692518807,0.0297998367996202,0.0018409954293412,229.68316999621308,27.95836109529984,2.406062601701405,0.0642792247816048,140.9361407116171,67.47142005514982,190.5936150705879,29.69697529357225,261.7737330004941,51.12011303729108
GSE17576,10,Gastrocnemius__dia__w9__mouse55,55,Gastrocnemius,dia,0.1052100347652574,0.1051335039856063,0.1053571837659176,0.0184439092308281,0.0182858966411338,0.0188882651558162,104.96382276697594,57.33557314518913,30.82858686644048,5.457309729458732,187.1874481684388,18.632069561929768,247.56263584157452,7.946894356924929,57.64447479609768,4.25408970794583,141.63624856337668,8.126202807895282,0.0107127684973563,0.0069081734320574,368.6345999137034,25.708550799084264,1.919855681332128,0.0289077965054094,386.932997828984,56.973486761083336,354.3035705041943,27.13644990127142,271.40454097268093,12.229904064088371
GSE17576,10,Gastrocnemius__dia__w9__mouse56,56,Gastrocnemius,dia,0.1009518694775386,0.1008310943689519,0.1010370887267967,0.0247700014554445,0.0245902956821706,0.0250289919432052,56.50770454739352,10.449807539574842,24.78330084000386,2.5656856488599367,54.09820407028393,9.536974718852136,191.40637707085088,18.681242564988,95.77185404595306,5.72070976571743,127.40449261772136,8.999147243818584,0.0293611189868897,0.0073118780689706,326.85649636571674,46.8755723573222,2.388767767174108,0.0495914193779718,321.19483876003665,38.28208362505222,33.336287094864176,24.71074184218501,173.11470617344264,15.957005849611903
GSE17576,10,Gastrocnemius__norm__w9__mouse49,49,Gastrocnemius,norm,0.096871373175849,0.0963819194206173,0.0970554394013697,0.0258609616055333,0.0256366536883718,0.0259739752425055,23.62687632475479,20.53140041612526,26.219200399846613,0.8886577042905195,238.80876759084845,11.795994304902536,287.951278557314,8.794855115239159,110.82612034912444,4.718343013462771,136.71751481112983,2.7769095183930688,0.0608151248289374,0.0123737934970973,236.15305320457327,18.40708797385318,2.006877429659029,0.0510949198090668,282.2412080662506,12.996869845635672,270.944668018077,20.335699414053156,170.62791702919162,6.214810047140645
GSE17576,10,Gastrocnemius__norm__w9__mouse51,51,Gastrocnemius,norm,0.111118222452436,0.1109337332736975,0.1113130027155485,0.0171858673702513,0.0170884173724483,0.0172435311358764,103.00876179739686,13.255047278548702,14.763261918418316,0.7691697078172943,169.21035300532327,13.481346167173768,228.19414632434643,43.39064410100372,75.01758133163534,7.396752757361312,123.06431213979762,5.646550282816278,0.0334115545831756,0.0088044336590668,316.3505260971572,13.065523243543396,2.189307669224519,0.0706624205998034,177.4006871319301,25.94648249943981,113.70130802160298,19.15957046930268,149.28997194697212,11.8538043008964
GSE17576,10,Soleus__dia__w9__mouse45,45,Soleus,dia,0.1082723008600408,0.1075523993895786,0.1084964276814726,0.0131860575521783,0.0124894340155526,0.0145530255880684,186.4862216581238,7.487211676350228,24.667921168013887,10.577351294028578,156.43437858672436,21.196378507956297,187.77488323245228,225.32009914044608,56.94541405109539,36.548461615301576,109.50849636651148,61.33770309383124,0.1221919652780555,0.1130457676292067,235.4651337768103,137.72516207150025,2.398589120713281,0.0987882357021066,110.92165415565265,117.25051778765484,96.27858348597528,72.08548341865207,182.70921416847008,69.79164798367776
GSE17576,10,Soleus__dia__w9__mouse48,48,Soleus,dia,0.1108302069935079,0.110787252350666,0.1110459332810577,0.0212391195730043,0.0212045364214971,0.0213809078672277,53.184409563857095,128.58102275704488,18.494123361726917,8.629578280937078,147.4794936538693,32.880505327133136,294.8726634693986,44.30777228969646,70.92149667261552,7.386290003087993,117.47819091346238,2.473149386789117,0.0090313756923657,0.0180836839669357,421.1100267409749,80.12412687138647,2.436336417132006,0.3156443799659616,245.8004219816056,183.15190774251624,145.55972962598787,26.81131925589456,128.72144833698383,64.22895376824214
GSE17576,10,Soleus__dia__w9__mouse55,55,Soleus,dia,0.071646331176009,0.0710926863738944,0.0718835782183086,0.0202440066936937,0.020002286903477,0.0204659222322027,19.084029400421706,9.9136006103034,19.715521319245568,5.585458528909443,147.09491350857513,10.266180523377216,271.09943725911216,33.04916483757739,77.13131612850957,28.67628817253373,96.04187149752948,28.460088426838297,0.0122986478661375,0.0081451612329938,258.6308934707199,36.090068760226416,2.398414791032246,0.1450538172072955,122.13637153638967,27.03924897835321,239.908217060131,56.54737319716267,105.7813942281772,176.3670956446495
GSE17576,10,Soleus__dia__w9__mouse56,56,Soleus,dia,0.1073924459172188,0.107362355860942,0.1074243255340968,0.0004154065483633,0.0003642631205545,0.0010746185956099,190.7517072720529,20.422797981832677,30.415996668077295,0.6006026118634686,166.12324971488178,5.5911995935964,297.6873848131187,20.1461433759132,131.13407900335844,3.0677087651599777,151.8134033053505,0.9471706193280623,0.0172685047828453,0.0015503777408381,367.1980791291861,7.032328204197825,2.5064345448433585,0.0613752360659662,10.849115277258448,27.166228984673904,199.62961341426276,2.668071349480954,224.59942111952947,6.943496064428558
GSE17576,10,Soleus__norm__w9__mouse49,49,Soleus,norm,0.0947452664017897,0.0939587182932046,0.0950470593024198,0.0086496620576311,0.0076632213790659,0.0098602249051105,110.71166359193464,39.10519517327154,14.813122084118936,2.799481421388325,138.7915256958122,31.870484640751727,298.0412744690155,47.35451772757426,76.45633489686995,20.84786469930078,82.20666859838144,43.893820582904425,0.0160221292482854,0.009656876444908,288.74628409155264,58.06785711548122,2.331627896829652,0.050812409220978,142.524265563627,75.40381619630824,210.04475868365444,152.05340624751943,177.57949733281572,61.47720337464057
GSE17576,10,Soleus__norm__w9__mouse51,51,Soleus,norm,0.1080468568683607,0.1077458896044682,0.1083986876266365,0.0268774746724698,0.0266336540012265,0.0274331221617929,97.67797243353463,10.259719031433036,19.473518357086853,1.609081106914111,167.18313531755888,4.610029809493881,280.6604813077131,10.068349873677278,95.1624985943426,4.202740243376383,87.95893941972793,2.742677442012265,0.0133830491154607,0.0037065250079379,282.1157892952642,16.350612307361587,2.292569927479525,0.0419462846915101,273.5225690643291,4.857466895343578,221.3054069599644,78.98765701475944,188.3188183449908,16.553234300793036
GSE17576,10,TibialisAnt__dia__w9__mouse45,45,TibialisAnt,dia,0.0982326149186131,0.0981214707974351,0.098386324376407,0.0283227709021901,0.0250702621262865,0.0284813792694092,179.40011907084315,114.85248254934476,23.424656048392077,0.932259720541385,162.434710491422,2.745651479624144,211.19642843936649,56.12132417107492,58.06918449245612,2.916707052896648,160.54139661003518,7.892064440262231,0.1116424879136118,0.1067172053042261,332.1235996599223,53.179964064949445,1.5900409450417174,0.7849528437773272,155.175362920775,23.24286109351837,274.8561584757326,90.72090240425352,235.25476516290885,59.15822865753756
GSE17576,10,TibialisAnt__dia__w9__mouse48,48,TibialisAnt,dia,0.109256097261232,0.1083312896888726,0.1098843336089842,0.0261655474487902,0.0250845498707575,0.0273353806533905,196.3200125094696,29.54208464805569,21.97174971233472,14.372293706805578,159.60652267540115,13.00100183429987,225.81656951402533,95.9342744910399,31.043034737633487,41.819517574012096,68.96723331367521,30.379651035401324,0.0336817610659757,0.0560316507457601,303.7006648833837,105.1574727141425,2.317728092157646,0.5457110252505062,224.72636490543724,74.83139193697178,279.4231318396712,217.16149396799463,276.41664339911455,203.18986533647413
GSE17576,10,TibialisAnt__dia__w9__mouse55,55,TibialisAnt,dia,0.1101976598684057,0.1100908340807629,0.1102725734892534,0.0213055404232274,0.0211696104102565,0.0216500634850073,60.71291349877963,11.446263352247072,14.419698319121997,0.4258262164294528,145.4172656683449,3.151039144132767,221.10877262824465,7.1471506898093935,72.30911684715898,2.297625352498983,98.25005397882848,4.259564340634839,0.0149006036082271,0.0019408221569667,277.0902100706338,8.137431026805075,2.087265643944509,0.0586973674774387,113.46200394833588,34.351279377214155,197.9162801406816,7.979167861011831,157.46326343695486,7.515774488930162
GSE17576,10,TibialisAnt__dia__w9__mouse56,56,TibialisAnt,dia,0.0528096961302534,0.0523634402713875,0.0530615261137914,0.0111813238667334,0.0110080013383082,0.0113679837557231,130.91013633304237,35.20998620098719,23.98873189050233,2.016771803054805,173.64256165396245,11.34947949503703,258.44790784321754,6.31777694156844,62.69626434543751,4.99543012144062,117.50996055725366,8.609754391339195,0.015717477299167,0.0036610421937145,185.58688205175451,26.36882002806689,2.276746165720006,0.1222091948420631,226.63880466232547,114.66007659744562,261.38548882518296,18.392908619494506,204.95328392598535,23.653854328534408
GSE17576,10,TibialisAnt__norm__w9__mouse49,49,TibialisAnt,norm,0.0727751866175984,0.0724031387217126,0.074170027806339,0.0191232055538195,0.0186825959949779,0.0193177266010747,55.652654362921,15.1336379683436,35.11524909549331,2.942351809541087,203.24765852395657,23.32218998914837,358.2131903708394,5.680931994928983,98.58832477027076,2.192822131924288,136.10570893132288,9.239232989657154,0.0167031328099225,0.0060493895593198,429.7273559689734,27.648836281001195,2.449913043389663,0.0661178377703053,259.7640372312275,7.8907381064931315,171.6091413929874,34.12101764326752,155.00318554693294,11.779857221704276
GSE17576,10,TibialisAnt__norm__w9__mouse51,51,TibialisAnt,norm,0.0978717850908602,0.0727641582706116,0.0990568253209567,0.0235562670238383,0.0233268543882581,0.0264514535861843,197.4047888860602,65.08556405473789,19.657397042295933,6.750783311034507,147.21541224410768,93.44048979586904,194.00121760898543,96.85788489056488,42.3445138390604,54.05592339329529,86.59363283722774,92.43596207665598,0.0235640170547136,0.0339147289499203,246.08273305132445,187.82767877067064,2.498407632688556,0.2466061871267229,144.543942795922,114.603166172031,249.05214305482224,84.46008896391504,198.43661370674727,13.039868181901824
GSE17576,15,Gastrocnemius__dia__w9__mouse45,45,Gastrocnemius,dia,0.1080756962951349,0.107917532297717,0.1082376439747098,0.0246723482870073,0.0239351814041682,0.0251291301862353,113.39004707425698,15.67600554234457,27.978435489840216,3.4571957257411263,149.26955077047734,3.1058018329010797,289.3173276719609,22.146571211727974,66.33838554738944,5.292149081210752,145.45318714595675,9.513276298500957,0.0136970853281005,0.0044729467154978,367.6905018978488,18.546428469329385,2.2959811899190434,0.0907784074380866,349.3106340024977,56.18922549152347,347.812274419872,56.88248132007777,263.4495631828843,51.6435861272868
GSE17576,15,Gastrocnemius__dia__w9__mouse48,48,Gastrocnemius,dia,0.1287616575574649,0.1285784624844155,0.1291955817079498,0.0298080768410753,0.0286448095483971,0.0300889376478184,194.24628226420236,33.03078146028605,22.24365093318652,6.010456459796924,104.26578869634258,8.859135048967701,253.95669965306612,31.126437344145472,60.042218354299166,4.081428196817235,82.61651326189303,21.74582773615492,0.0476265203615099,0.0011402614234363,257.03537351357,15.45157571405474,2.3216617461708653,0.0398208243763003,144.2039144193506,33.004618281108606,263.86224410022805,19.93367433493671,271.48794610278617,66.63850214570047
GSE17576,15,Gastrocnemius__dia__w9__mouse55,55,Gastrocnemius,dia,0.1041074779353844,0.1040401904953947,0.107571897951899,0.0213176768451641,0.0203840610189581,0.0214121914227954,64.89014563166529,47.68747000466559,31.982064178222515,11.972276693239207,166.03333757918102,16.236841399128025,243.120259954366,44.51694939888972,63.097437085737226,16.59596626600355,152.93647203631565,32.20473368426033,0.0122439238936391,0.0034794279443442,376.72538497622986,25.13193936970646,1.932322509171216,0.0311632770768188,412.28838350691336,181.41506724213832,349.95435067478377,48.81242921010664,297.5515781512551,51.052353054725074
GSE17576,15,Gastrocnemius__dia__w9__mouse56,56,Gastrocnemius,dia,0.1000103652295243,0.099913020592676,0.1002025810944377,0.0246218854664481,0.024463669333854,0.0251410089346009,7.012881241243128,13.019609674366576,22.659099694532987,2.7306559460176416,145.2843962218478,3.8732069315241233,269.31137508194365,26.95066156677612,69.41045985643206,6.4920694293080174,118.63039693655593,5.148770392959335,0.0140094983563327,0.0140997452805999,343.3586284490209,12.90902219536258,2.231498836583218,0.072610913782837,179.35483541837706,14.952861454666618,269.9117225158118,38.02019206603964,187.8376578208178,16.393179646538073
GSE17576,15,Gastrocnemius__norm__w9__mouse49,49,Gastrocnemius,norm,0.1064152626221919,0.0950858757190197,0.106846605788813,0.0240140729225628,0.0238805483211202,0.0259493679998998,204.48700908150423,152.7025577238728,19.26906212756635,7.607227862530912,119.52930144080726,33.41864839912262,109.49177413955196,106.80138292111768,64.38736779487385,23.532447052724848,21.663250814450578,110.72392232845574,0.0277274650978286,0.015924749662519,136.9283626733996,224.29273697754908,2.471927825131172,0.4550705580082588,22.660880138226528,47.70031924069579,315.9503009619555,190.34355840993572,276.290940518918,125.69936434347966
GSE17576,15,Gastrocnemius__norm__w9__mouse51,51,Gastrocnemius,norm,0.110594788609816,0.1105022078089701,0.1106424048226755,0.0184068194949359,0.0178965164894872,0.0192712182751682,159.4649381161919,32.22711522244285,12.778526377810696,3.171378279882605,110.85567586948304,18.200351679136176,165.47199224010598,6.803732337320355,49.43133385270707,8.236512815608513,97.29575099764212,16.520710441240695,0.031490604919075,0.0063483065150172,311.11776835417186,27.55200616267996,2.275543016515356,0.0569337490245938,187.884923516356,25.464036349449916,190.44984232929795,23.97484525612748,113.34584788383196,10.623404076504045
GSE17576,15,Soleus__dia__w9__mouse45,45,Soleus,dia,0.1075136696354589,0.1071260182127342,0.1082417699860587,0.0147718210199349,0.0144103180072717,0.0154074296225589,146.03883623600765,63.04905355048808,17.466195077421567,5.506132085758686,176.730707068431,17.002274470993598,143.80798697174407,36.319283392074965,66.24299419934837,3.8344850692252654,116.75928849435324,13.037602031441835,0.0185198899362231,0.0054407542346693,354.19288475098284,25.69955666776696,2.3827108495140674,0.0461729560024881,201.0559333880352,72.60378026978742,216.8947990384509,54.4822289315083,167.7560952950546,38.28452543972938
GSE17576,15,Soleus__dia__w9__mouse48,48,Soleus,dia,0.1118717458076166,0.1117226071937138,0.1119375202408363,0.020842292315065,0.0200336678765285,0.021013756601102,167.15676847186572,12.778625472058565,20.111408946257416,1.3995950843831046,173.63314034394838,11.262618986452992,192.5678546337531,15.744903610974603,68.08100483370654,4.738741172363305,108.50318024924464,2.9184101121924755,0.0205830894350867,0.005773960433958,398.76509161966186,20.71929923833613,2.30733818904124,0.0738903637525889,207.9888627595755,13.62903187954612,189.33364010510968,7.32037112335874,143.64749684580173,23.558173287662044
GSE17576,15,Soleus__dia__w9__mouse55,55,Soleus,dia,0.0731305494361673,0.0714256697929622,0.0740391444930789,0.0190503082621188,0.018336126016638,0.0193069119290984,139.0163906233327,12.652398473286468,21.643152156716997,3.33716162176588,125.31733510437098,11.171656861185838,155.7137267071274,23.600394822782132,58.36591910777916,2.4920409690812093,126.56879301673727,10.023521586565352,0.0197467103292752,0.009530793798645,319.12946399912494,54.02436169731891,2.3558243223315163,0.1940946682406452,134.71565974272715,17.354692952190447,262.90259771167257,74.80480901090587,193.50801276985345,16.881987695290917
GSE17576,15,Soleus__dia__w9__mouse56,56,Soleus,dia,0.1065658785802403,0.1064751781975648,0.1067841407185256,0.0049302281385786,0.0047193086300962,0.0050064424096121,7.826135717900104,44.59542847936135,24.50296158632618,1.5597002850387265,153.569911684183,10.86600097058917,170.1154624667135,13.173953342348682,81.53238705525423,11.137183731225448,147.64800894548222,10.426627727209675,0.024563391534767,0.0035798750354191,388.1723264465661,37.57083573857631,2.1319212310585263,0.0496686435905924,381.35505029187016,17.318114870295915,274.7409943681168,10.373318309248248,241.4716804016007,22.17754580890573
GSE17576,15,Soleus__norm__w9__mouse49,49,Soleus,norm,0.1004173258297659,0.0954647398844536,0.1023960126764525,0.0097270728707472,0.0082092616066616,0.010149884680279,121.16033001880204,42.75448344148988,13.073513808199335,5.642503696500135,112.6478849910677,5.5299740799978565,276.8526876678766,16.095573806657512,51.8543872286884,2.79328554064827,67.77037635798229,27.244791568409823,0.0085963735192591,0.0041320098639583,234.13595345391624,78.66377218302202,2.361966006912846,0.0352354486939621,166.75236872058937,27.917137098158637,209.279834326397,202.10412692824235,176.9468337471949,188.43387038266303
GSE17576,15,Soleus__norm__w9__mouse51,51,Soleus,norm,0.1067884981133843,0.1061654975256391,0.1093415042570296,0.0287519734093889,0.0241564725538836,0.029222504437128,104.34845908425976,70.35464012372515,24.234414071483208,9.654377856205029,178.53064126846243,7.436913834440105,327.08043987332053,109.98801015540158,61.21239578546867,11.99468196679183,106.54212108485598,17.92751912399244,0.0262356509093307,0.0049129707918562,366.8011503488592,104.72420611330516,2.0372074488999696,0.7583678767182567,186.08948753464531,95.57944383942808,319.2122498570752,64.44771122469132,175.39161265085625,41.91534242613287
GSE17576,15,TibialisAnt__dia__w9__mouse45,45,TibialisAnt,dia,0.0975025668199062,0.09716369089374,0.09779853825039,0.0258540071678034,0.0257492093049357,0.0259897209195141,175.40705872919523,128.25524024154805,26.5171227303294,2.016598565359004,168.33319233970218,82.47010985150527,234.6406423943348,79.55539352490976,71.66823309079577,24.008500463870035,154.37052775597493,4.980249450733396,0.0852610584985754,0.0800050546717553,265.62136069005953,104.78011505593793,2.0033374727793527,0.6792126346315577,112.10840342227633,138.1744311089928,261.8351913829539,134.09348607291588,254.30084919101407,8.826196702829407
GSE17576,15,TibialisAnt__dia__w9__mouse48,48,TibialisAnt,dia,0.1096612111596917,0.1091564898761771,0.1113341217073684,0.0267933205900038,0.0266887804570216,0.0273655397689773,125.07948326412372,20.30378599488577,26.502856177431266,6.101301128457848,148.64023923547373,2.772050165944364,179.87062200919345,10.055661497179557,63.10349534925026,4.345588032033895,122.76955745979647,15.24340590796885,0.0107562339365947,0.0075135165010642,363.7584982936314,80.58384703660118,2.270389396034217,0.039380501549854,297.50300523462136,182.32192170126743,325.5638207544612,101.37555575148514,227.73619853106064,111.05210197748386
GSE17576,15,TibialisAnt__dia__w9__mouse55,55,TibialisAnt,dia,0.1101712003315186,0.1100980735716421,0.1102357188248964,0.0203387542060056,0.0195038107849606,0.0209227346869292,63.03986077328544,81.923874177496,23.200050573208188,11.64147394338757,106.4711435386247,11.414947428878676,199.65432368799733,87.50426537662798,123.7801743586752,30.12371752098764,113.58206899059306,14.547543841253471,0.0117306475547099,0.0025157081621034,325.9396778416117,86.74099697539219,2.33329952160309,0.1902488637319623,335.7880511256436,43.76683413449928,320.8450907950827,39.6902749891521,227.76098688922525,18.85905217154243
GSE17576,15,TibialisAnt__dia__w9__mouse56,56,TibialisAnt,dia,0.0534083788219554,0.0491713897631427,0.0541077381216605,0.0125570262662148,0.011903667450859,0.0134777938978532,111.26481247785898,87.8783362968015,23.846667598509143,1.4410010298445108,149.3581169672932,17.652591088433923,290.50468791618954,34.95040764391649,59.56836411827979,5.918636763828154,131.97199681534337,45.9736916733076,0.018484284568619,0.0043131191741987,302.67606975654235,88.77116723940611,2.1635660682566384,0.3881977661963054,194.0282581685505,99.3797230714266,317.0695618616272,47.01508168900836,167.08457986526673,21.734887846405087
GSE17576,15,TibialisAnt__norm__w9__mouse49,49,TibialisAnt,norm,0.0748746857922861,0.0741984078284203,0.0755942485678724,0.0192449582332674,0.0189975568080771,0.0194360902646329,67.56247271138862,42.697875698022585,16.35287922288698,1.4116133216379758,222.44004730226985,8.138160937176679,213.227523269325,7.919857663739748,71.99692723183838,7.551828690850499,125.16031910300129,5.952018341749707,0.0168348492489511,0.0079942863571044,202.457958427408,34.669408839038454,2.396698261793704,0.0795239396461608,229.35696795158847,16.152834605864427,205.0914732922772,18.05230078444873,152.70907293693028,10.677587151388453
GSE17576,15,TibialisAnt__norm__w9__mouse51,51,TibialisAnt,norm,0.0849874583412391,0.0765873879208261,0.0858766511548759,0.0251790029818617,0.0234695148556704,0.02586098246036,186.79609178384624,15.845910932391432,17.713039902298526,2.0668829109460667,154.54913253503668,7.953002523409083,153.26467758384874,45.70171249250055,58.61380731394482,4.970337820695043,110.77920367622818,15.25469760044878,0.0110961729992508,0.0090506221497141,270.10340177617,35.14534391880727,2.186294172299084,0.261655457557445,209.6393427893521,33.403209496506776,244.4465996389202,28.936354551393663,185.1105143674502,35.90324427594459
GSE17576,20,Gastrocnemius__dia__w9__mouse45,45,Gastrocnemius,dia,0.1088037400080804,0.1083681691896828,0.1091368418547404,0.0221654457108605,0.021437444931814,0.0227703329220739,22.655470132223314,103.14058597962182,24.665037072197457,1.646764343254386,183.44182895079456,54.03905869101629,210.59063932813,105.7384808077473,84.5357137230153,11.33757097547648,97.91799414796506,13.209504880038423,0.0065910979964573,0.0010871670797957,209.58920523312884,29.47253023636665,2.3409589407178304,0.2154418907790387,151.25948251090506,30.0184078613234,161.2453212847224,43.77492969386728,141.14782232600334,15.96420505706827
GSE17576,20,Gastrocnemius__dia__w9__mouse48,48,Gastrocnemius,dia,0.1161992423018871,0.1153857380967149,0.1187130955387817,0.0281308703373499,0.0243185318829211,0.0288731283792209,39.12640244102171,14.030306215853445,26.108856507208763,2.507293639587949,143.52144163929316,11.064269947521096,204.06809069889292,121.80661502114071,89.89086400614997,44.85870124538586,117.0365336630004,28.230371564884507,0.0064317293490907,0.0036802893153098,372.1321461248766,74.11849605728236,2.511581387325477,0.3444720302859547,248.16480463997783,114.30460099529014,226.44257204439717,105.63643276289446,159.52115371616102,20.34388192943388
GSE17576,20,Gastrocnemius__dia__w9__mouse55,55,Gastrocnemius,dia,0.104368012310051,0.1042446829975735,0.1044484527989562,0.0200885706049044,0.0196185592047486,0.0202665382983835,97.36314679124668,16.877126283398425,23.21157626234035,3.0005335403125173,174.96333408650207,8.362960434052354,119.51465856842556,6.593002571202533,76.85164801182233,11.57797553279704,98.79897355238796,17.858828808461823,0.0079867745139107,0.007504397075091,303.15628648238663,44.70441937619364,2.4349702537883378,0.0991616311727265,275.18370340059147,33.11222611715459,180.6300132586381,63.510730902032265,91.87211578233942,54.14699120994722
GSE17576,20,Gastrocnemius__dia__w9__mouse56,56,Gastrocnemius,dia,0.1004226498952116,0.1001665003152429,0.100672333447597,0.0240682734939288,0.0237340484639771,0.0242423323754119,145.75243666777567,10.37150599585442,22.55101932369152,1.720218698916792,129.4588082990491,10.868019053275262,89.17041302645234,7.426187741716845,57.89212410436991,2.196069457271413,67.8567072156828,9.692872253373388,0.0055173672501506,0.0026382218909857,314.7196953479268,29.025090836249205,2.5428296356842184,0.0499326013868879,22.24838018255482,12.888163023561209,164.4477209683252,19.622811872731432,187.0677600817039,7.794730210800907
GSE17576,20,Gastrocnemius__norm__w9__mouse49,49,Gastrocnemius,norm,0.0941377992076305,0.0940172573633192,0.0951903397263631,0.0277255469609071,0.0274422021657169,0.0279277744893182,135.98872975617314,15.81041114511379,15.382669853144924,2.874792118661235,191.24310430369388,5.837597556601651,152.07265809133742,45.17088181315165,70.66848884584178,12.806541761316964,78.65711781586975,4.84216187092224,0.0048439793532026,0.0007997883675741,290.74650059059127,20.71126339033293,2.4844104767643724,0.0422903441791109,156.56664222086837,25.41466940853536,63.84494237578806,14.393466309399711,99.50006012300588,26.411993645478447
GSE17576,20,Gastrocnemius__norm__w9__mouse51,51,Gastrocnemius,norm,0.1098697170618459,0.1097951925164418,0.1099510458798219,0.0180926029607058,0.0180516837858723,0.0181644550395816,155.7938075067569,145.12707971846626,22.21253832904925,5.11565321707274,162.2376395716097,3.9961839947090425,114.92704812224528,98.49811476505523,104.51454149107998,15.677792495719302,105.30574738361076,18.39488992403996,0.0026825281545523,0.0015738786643211,394.7447770073801,74.09463492626156,2.558745288748604,0.0558155328209601,162.06835903286776,66.38793769600277,418.8890529638284,108.06294553002785,300.6880368888327,127.62053195385673
GSE17576,20,Soleus__dia__w9__mouse45,45,Soleus,dia,0.1060566588090538,0.1060025040950669,0.1062178763329054,0.0153754874795638,0.0151641847186107,0.0154620571343216,116.09207292451802,79.07535708158015,27.387829161172792,15.020779812961315,201.93760519253385,76.33145806912322,109.11151091012962,43.090900362052224,85.657660333468,10.265263307581662,77.34220878590156,16.46029291228755,0.0107122934847645,0.0068011352415377,279.8402799771328,117.83146152343636,2.6064927471392583,0.0349885776842087,33.706259734734466,150.75548681819754,149.48256442989452,74.57438163811253,202.69479887164016,35.89648919222458
GSE17576,20,Soleus__dia__w9__mouse48,48,Soleus,dia,0.1116430063726855,0.1114940103688888,0.1117242700942568,0.020528887257194,0.0202879751935563,0.0206640739010021,146.82393574263332,53.35917828415998,20.56287594874109,1.9952903453620292,177.833782451439,5.513755498794893,174.74308492974643,63.54094952429424,52.06186629445857,3.71875419084698,82.40805390562699,17.005712902160738,0.0053347713872278,0.0090868845231575,284.8059946506296,46.57172390194052,2.413446716672328,0.0460435681252766,153.8731608594845,26.692395631322483,207.25979369243385,41.539259998180256,165.54504164714396,9.707718989915437
GSE17576,20,Soleus__dia__w9__mouse55,55,Soleus,dia,0.0628926379350744,0.0621999600930941,0.0632497024492676,0.0199668658423172,0.0198936917560605,0.0200451429318249,140.86118510666716,16.051783226636132,23.49476825601789,2.408694132104227,146.94662184534457,12.387412279499358,77.91430978339628,11.393326882409482,55.55409041085272,5.149494018832527,82.99697285026156,5.354036675165787,0.0092238619177238,0.0053744921499969,207.8390088194201,4.524524900761378,2.457337597429773,0.0232178530341382,161.8624516671167,26.050571319923503,145.36212995337638,14.32207487856303,172.76077906822854,16.19530197029505
GSE17576,20,Soleus__dia__w9__mouse56,56,Soleus,dia,0.1050648386663419,0.1047337743087237,0.1050712825460055,0.0034125401185467,0.0034080494813601,0.0038687930233528,219.46966507523803,12.814102838314824,41.80064733055878,2.459369370675056,163.96528954328434,2.5958660173726287,82.73686027162381,0.2136181807683641,50.20431451102927,2.0051956409287754,84.26462059667332,4.155476136462937,0.0159464191295597,0.0003548538726544,329.64641165045265,22.469625079499167,2.705050762742885,0.0475723256618434,232.33180786394743,7.384644081215868,273.2447265363816,4.487286176869986,298.6946762337909,18.85578044680057
GSE17576,20,Soleus__norm__w9__mouse49,49,Soleus,norm,0.0887882361460774,0.0887202317600259,0.0891147887675389,0.010561812058524,0.0104210609025392,0.0106977948031227,187.2836235887009,16.900981016243406,19.23859002192937,1.929160701847195,115.9630240013527,44.92444220471312,105.74613043704768,17.271365653037066,56.29872931945332,20.27469400151377,88.34653554834838,16.793201466724554,0.0046851736483568,0.0025924841818108,209.09717858269784,29.0303987636037,2.394388029969014,0.0585011967602135,30.98358119633657,25.11568501882879,133.12370874998487,57.33095263622948,154.64204334545536,15.673639996146107
GSE17576,20,Soleus__norm__w9__mouse51,51,Soleus,norm,0.1086999843266174,0.1085593505876855,0.1087450343378652,0.0260240810483295,0.0259493292465693,0.0266833783959557,29.53369959073288,34.6434974193033,22.658940963883207,2.4843424039195305,145.9001647145277,3.19216138367554,161.19697814572402,8.802685024102118,63.32205277565649,10.648483656388166,98.92567625662537,18.653396399830957,0.0068280074583996,0.0025239025114095,263.55550561986365,8.321428072581057,2.4812895717840737,0.0422491755288683,285.3256780236465,49.26594806310513,93.64677973137633,14.69934434143896,157.5112048407675,34.223299381769365
GSE17576,20,TibialisAnt__dia__w9__mouse45,45,TibialisAnt,dia,0.0970269960732372,0.0950043910073765,0.0971866069760027,0.0248266585263756,0.024487913366895,0.0273844970741531,158.10206566481494,161.2347552761684,23.850304575089496,8.648847931397672,176.8623240606252,69.04759711503968,96.82178255180088,46.796085670890605,75.87034431320123,49.38032969455648,66.75993817150946,70.43309247694188,0.0094355428250041,0.0174079280747924,286.1564188989768,134.81818975656842,2.579976351211743,0.14690646842649,127.40233238657584,168.0229028831518,211.14636883309947,180.43096162275265,184.70072567669845,143.02887303806511
GSE17576,20,TibialisAnt__dia__w9__mouse48,48,TibialisAnt,dia,0.1090058319223494,0.1086528427633001,0.1091159639398229,0.0230280835087737,0.0228746490136924,0.0235671520447242,181.9158924862553,35.855043754769014,16.825554289666528,11.886366019947577,171.25456219657156,8.913261629978734,226.5722524528769,104.52634864012066,66.32782171441067,5.411280981159734,74.9806950939109,79.77620280145258,0.0066317130126695,0.0042584679646181,256.42608230759754,113.64482440716654,2.513216922946254,0.0514241420139507,126.4520901128696,46.57340626752988,191.07222955405928,16.331483471580498,86.20996845327745,106.11536168231213
GSE17576,20,TibialisAnt__dia__w9__mouse55,55,TibialisAnt,dia,0.1095258597899915,0.1093264175929311,0.109755015195378,0.020485847081796,0.0202386421691045,0.0208390869198736,175.4767042286423,67.20662313862456,16.522887514148785,12.20738209869628,148.45660254920074,25.577029805921317,302.24058222022995,98.22596028994224,96.42416995140093,30.948592777561544,71.27445330776538,30.388188364282755,0.0109550987175128,0.0134941472569525,347.5215729242831,80.03467676341978,2.4597240664806685,0.2902028120261923,175.6898037450971,86.20085436971252,261.7700860994628,120.27082288660546,182.17861595491968,49.20892129739906
GSE17576,20,TibialisAnt__dia__w9__mouse56,56,TibialisAnt,dia,0.0441056733335162,0.0440094686993136,0.0452679907101158,0.0145790574004343,0.0141851228474918,0.0196067352665432,155.91611318816268,23.20875992260977,18.029214397511943,2.816733913047493,139.07441865064166,12.161575111717724,312.6315809434615,137.12229933588063,35.87558424873487,11.936507537793602,79.50969557630634,19.90739322450781,0.0071247670661707,0.0037889834872483,280.72338543723873,33.94564331471787,2.4487602163841533,0.1019172517444899,125.4407203851542,40.89122426535121,87.81155229493311,41.60951247231037,212.40204333892436,98.45205135034756
GSE17576,20,TibialisAnt__norm__w9__mouse49,49,TibialisAnt,norm,0.0680968950360083,0.0652510692384614,0.0692280801596413,0.0189774564269056,0.01676401099409,0.0213645258480156,194.0185037076467,39.56721048199361,21.713499455868604,6.875048119375222,91.98058791968398,124.84619248674656,99.66321116188408,110.206916417719,50.87694860835733,32.47833607476539,30.48829365155108,63.26101525530424,0.0039921368981466,0.0043625147015233,94.2481631050465,245.1483047889221,2.346397031379328,0.2914384552199145,83.22110917045421,80.6131035632601,120.60272677276171,83.88857454306648,101.73624612672836,113.39028735315966
GSE17576,20,TibialisAnt__norm__w9__mouse51,51,TibialisAnt,norm,0.0697561357894434,0.0652061534730697,0.0701768898640839,0.0287396927313767,0.0273256340656775,0.0293088726433163,144.93399228079946,30.929529802382604,16.44814618820644,5.164918750224857,184.4728515837284,43.54014423850524,238.7955152922557,132.70094098325447,62.42112154379548,20.448562277215142,78.49387124883359,4.666553566989734,0.0028907145941918,0.0035079772141356,335.7937578576333,50.53082538646152,2.5326730344035093,0.022702376912381,253.92200991752813,150.2350525329831,126.18996275597334,51.43705658788912,108.9964498098526,90.6620825064424
GSE17576,25,Gastrocnemius__dia__w9__mouse45,45,Gastrocnemius,dia,0.108066436317808,0.1077912098490908,0.1082420496676641,0.0314396899460105,0.0304353739603607,0.0342302522383615,184.9104403133092,34.55839323044367,25.81112492544976,4.966577368477662,165.59262632145817,4.23605747919089,181.13801352119265,5.848411735566913,57.710938819106005,10.60711659196516,110.54100942763672,14.581109646364524,0.0200238568028304,0.0047477459580372,355.24986034331977,32.56214846600716,1.8819969610040488,0.0959178185183231,283.3925164690204,101.87681834121996,267.4894689871296,53.58728235547306,213.312139498164,40.75624757773497
GSE17576,25,Gastrocnemius__dia__w9__mouse48,48,Gastrocnemius,dia,0.1160956479488471,0.1152779466567689,0.1200190473228053,0.0374639776475918,0.036589224792809,0.0385076284416361,164.16637221500548,53.26660869822141,16.961951346181923,3.89444475513503,170.0765925025314,10.851825714681013,102.08640557422586,26.75145469892492,61.8007412702665,4.354154550726854,89.8889141206556,9.568602482529355,0.0265086569786557,0.0017907801581155,257.8756113947853,29.60396400831468,1.812329883282914,0.1063178669146762,277.6470943701314,50.21471294133136,234.81070504609173,23.628589689049505,141.60889661826144,41.635687513528126
GSE17576,25,Gastrocnemius__dia__w9__mouse55,55,Gastrocnemius,dia,0.1062966281712037,0.1055710369678168,0.1067217329113383,0.0235248528079455,0.0233174022948974,0.0242399461289674,190.89568668527943,13.473401475770372,28.754237786466398,3.516608465685838,155.65289418467117,2.968776648948591,213.95714698836355,14.715043934802084,84.91850845976714,36.194260803877455,80.80588565586828,3.5154578139797508,0.0103461435608852,0.0023378250534109,370.85451383795606,56.16130922633522,1.8923133516381536,0.1456275068805039,224.37324886058803,11.769213136586783,369.844392507771,81.49328260667619,214.6717331436654,44.731741540883945
GSE17576,25,Gastrocnemius__dia__w9__mouse56,56,Gastrocnemius,dia,0.1022025093794855,0.1017372364545737,0.1029922225590196,0.0392533978100218,0.0380905157231841,0.0405199174458452,189.2337952440749,24.56818563707208,27.070031068190527,1.942419131725412,145.20185510942696,64.95849527861478,117.71913761747676,24.461037721905072,72.15071946322153,3.376911621875294,108.20419987216655,6.853200114487123,0.0232120899507453,0.0014593337760582,306.1579715801927,14.215604292009743,1.836928471343779,0.1032166388046165,320.8860335448082,25.514644635235527,305.2833213948103,33.28135077914823,212.47732669282271,17.40198514657851
GSE17576,25,Gastrocnemius__norm__w9__mouse49,49,Gastrocnemius,norm,0.0979099787025033,0.0959408637662974,0.0982660357338381,0.0312136199147273,0.0266100524358882,0.0334577768193985,196.4435991726382,27.368955010394245,31.397129668645647,1.657884986815766,148.41870950525282,29.983315380001585,190.72177123948003,52.58419062036563,87.68276472538341,7.428005286043003,119.20179340650782,7.8549545364866304,0.0234969862399168,0.0019350204211975,313.18224471322344,22.664041618863397,1.8752512023442205,0.0576459630936976,288.6637605362031,35.16685188408934,184.6527492173845,33.58155459576929,179.17475257319958,22.34597075761866
GSE17576,25,Gastrocnemius__norm__w9__mouse51,51,Gastrocnemius,norm,0.10961364220262,0.1096114981392707,0.1096719182700892,0.0203971851404708,0.0194841083119063,0.0209615740471953,69.32797642871128,118.60437806294654,25.23340687702185,9.809184460842635,229.8716992231212,78.74943891536935,231.33596248859607,16.025754568182776,112.8778633790614,44.1504853420158,102.52957367455198,20.4233885133484,0.0269527362496813,0.0040505195668795,360.62149530631314,32.89917068912422,1.8676557297374037,0.2457612045771098,317.6183683755247,89.99002282803747,226.97602384084803,138.25201523825504,227.17813802610272,12.069800401821963
GSE17576,25,Soleus__dia__w9__mouse45,45,Soleus,dia,0.10544481727593,0.1053405219042058,0.1055423003271347,0.0333627829879239,0.0312273231577074,0.0368358545878337,190.1635653966966,120.44039766419732,20.34602530924851,1.7001280279126192,43.50872195294313,187.48872613112732,199.80161684342107,22.83891053264776,56.11253077881816,33.22112011741445,74.33973081146397,7.1571369577056885,0.0232836454040747,0.0095074693456328,274.6637111146316,35.707399507609125,1.9583488484198908,0.2502644989639497,166.95034892117488,41.28006597457858,205.20136801721597,91.06753168611851,168.29789952784404,74.00326695387028
GSE17576,25,Soleus__dia__w9__mouse48,48,Soleus,dia,0.1106538869963651,0.1106478278579907,0.1107505628792193,0.0268816574991774,0.0266424407583467,0.0324435473598607,166.24332611900695,105.07782066460184,27.34740864794004,5.314244351888565,277.4825572061188,57.75798146975461,240.13506932459072,55.68903801283327,63.05340412321014,14.797151283702874,107.88970542787592,15.255376391819638,0.0286091390158226,0.0111373207005594,498.8288066534273,128.7147242360536,1.7482963090878432,0.1070784933908519,306.62097582856154,87.92689395326175,341.102525061052,8.17446610885554,232.44433160124495,84.31262245953818
GSE17576,25,Soleus__dia__w9__mouse55,55,Soleus,dia,0.0698450718098737,0.0669945239640171,0.0714231525295399,0.0374827822321364,0.034869482035763,0.0570129974672842,179.80302113022378,53.28211135632623,22.81617758292037,2.1315348597033186,154.56347499774034,37.38176519647413,156.79841925149907,76.89558302829,62.933829829253,22.01063479761568,91.4068199630394,65.48926018160176,0.0261581288659181,0.0035321673209432,186.9293312396109,208.90370327054927,1.7236401859567372,0.2210224169908849,207.6883841682136,197.06228797987268,182.0691765609632,244.91090699931777,152.4688538169022,44.114039988424224
GSE17576,25,Soleus__dia__w9__mouse56,56,Soleus,dia,0.1042087167242313,0.1035227892773403,0.1065507908888197,0.017497107851496,0.0153750624882802,0.0180872189982691,139.1825158833612,102.31907804053164,21.241656584492528,6.430600550263499,167.54358878893726,185.78102836494685,282.60800776913453,162.18172216982293,97.92634364661151,61.92575470198712,86.40193597727934,36.129270360926114,0.0274338867370599,0.0078004958935637,379.8770511711468,60.49519923143845,1.8826253446113448,0.5499167849600366,227.14311507077565,165.41127469471746,237.92006685552323,199.2495440667734,217.27421606599896,135.10832980077367
GSE17576,25,Soleus__norm__w9__mouse49,49,Soleus,norm,0.092091542455842,0.0918912400036827,0.0922321635079842,0.0158710547561894,0.0118961938972989,0.016947903896365,189.1876276744807,20.370242331711125,21.42774288206694,1.5139339606168392,160.57021559551026,19.76250762108208,187.3582965258877,16.356980985517794,78.86963726448181,10.719382889035757,76.21049258035941,2.8959657988644096,0.0288470480735772,0.002719151835978,318.6780031063738,31.604191104999188,1.950542428874858,0.0881289147203265,183.46909863320224,44.53481342038396,283.493480376834,46.65723264440419,149.71643612073018,23.12217402359317
GSE17576,25,Soleus__norm__w9__mouse51,51,Soleus,norm,0.1073330304039355,0.1070065476614292,0.1095201977962309,0.0441555013132457,0.0255017613153663,0.050800412482767,197.31143740133,16.638219701375732,19.11973768795794,11.66813767434789,167.66409062779115,11.615504578796816,146.41836649611602,31.332166443665383,46.79547511702387,2.436615234176159,101.50196879700468,26.45302710059022,0.015603061826417,0.002179912180819,372.5282858046559,205.83305549347045,1.7631496107675646,0.0890674623039167,215.0191955155904,77.42898691708473,328.17024627963906,63.63793148133573,237.0480662686639,80.21205529705239
GSE17576,25,TibialisAnt__dia__w9__mouse45,45,TibialisAnt,dia,0.103707217503581,0.103474416754757,0.103948633539227,0.0654831908893393,0.063745478962986,0.068922132687086,96.89128835700804,11.172478393462072,14.28765362168878,2.698507714319197,83.67844485475783,8.162376854583826,88.27162937122496,5.725966155186242,37.10824682684463,3.3972820072065275,41.94539753213186,2.9712634342582547,0.0084313887586165,0.0061853918037457,186.9949005795434,38.200548792371166,1.7196200726284727,0.0248272948417698,29.463035589306656,7.358139501339892,218.41880835173092,24.160043751553783,134.62378970159128,24.042689661137388
GSE17576,25,TibialisAnt__dia__w9__mouse48,48,TibialisAnt,dia,0.1068012641652834,0.1066929895738355,0.106850467618223,0.0712006082831518,0.0706679340196108,0.0716729364251508,69.5472715391169,3.944558130804211,10.078498266084296,1.599096941937015,63.76870923459968,1.2235564892470592,109.2139581910811,44.0315408069056,43.34010448662622,1.5160276425831969,34.9087771539935,1.2776199126407164,0.0275444716163823,0.000801669657847,94.72983150311484,3.5902046314616456,1.5310749031905788,0.0050204199723831,69.3541873194209,7.030520375993902,257.70966875861893,25.904584577553123,184.4869917529964,45.39756031554487
GSE17576,25,TibialisAnt__dia__w9__mouse55,55,TibialisAnt,dia,0.1089026257879465,0.1088155178297996,0.1089919234921037,0.033899803305419,0.0328419930504129,0.0362979438723164,95.96126369097988,49.68432246680574,20.563957426892102,1.4894342450923794,190.3876353529412,48.855934490764525,168.5108459678504,54.00207815636409,40.99237087433111,3.3912664582915117,86.60763131040562,7.331809168398109,0.0273025070487639,0.0040061778678481,319.79605331633894,122.80342294903296,1.8074695036249893,0.0265307794261422,251.5923252396637,37.53811647629087,260.4546827420037,100.59262864819765,165.50314995863152,26.52614843284647
GSE17576,25,TibialisAnt__dia__w9__mouse56,56,TibialisAnt,dia,0.0483028270791836,0.0481353208342911,0.0486194301804513,0.0305261695132388,0.030128564913982,0.036804047406225,158.7309287657644,14.78164382376022,15.541076875155618,0.8686612577368926,195.8502112572124,5.023507845030366,162.73581055703096,42.24832514315014,63.32289010317282,3.621948782132698,71.6079505146528,7.982994745892938,0.0250872192992181,0.0012719862456826,253.8262948031128,56.056289976790254,1.7866232239093716,0.1011417213092196,159.70533101282507,38.00026211112288,279.7444022928708,26.74539696880117,193.45219819860057,18.689256226679305
GSE17576,25,TibialisAnt__norm__w9__mouse49,49,TibialisAnt,norm,0.0704290840614925,0.0696206992827082,0.0714760863458428,0.0355279512701254,0.0341494899834257,0.0362269835264831,72.90696170026024,18.066620355421165,24.795176050263606,0.9348808476811784,227.42821738740588,31.69230322459373,249.26801804895777,23.12601350290788,94.43046465821092,8.649782200245625,89.54936360893396,6.822675568585751,0.0269990770192787,0.0043686718753897,291.7105601894244,18.154733769669065,1.806829643216031,0.0285480188921161,182.6547711545958,34.5445328364402,159.988594629568,17.05447777356872,173.75851922995952,7.672486212690472
GSE17576,25,TibialisAnt__norm__w9__mouse51,51,TibialisAnt,norm,0.0726043502470817,0.0668937187448486,0.0735297657951245,0.0353150345979993,0.033223835229555,0.0368808214464872,135.28173363794255,61.17474364383608,22.679812667900727,2.869742026841536,217.17166674481825,28.46861440608467,163.74743915075032,45.70817732211307,64.57349804362491,9.63298998799104,77.72370375501129,27.6033471896058,0.0204281658527719,0.0082073077586064,197.43563798567607,63.66215574652151,1.8082485798927967,0.2352533540645041,166.2632456423708,30.310010748854356,237.6933897184596,71.83810219376517,279.9697350470293,67.85980958701481
GSE17576,30,Gastrocnemius__dia__w9__mouse45,45,Gastrocnemius,dia,0.1079579660023582,0.1078769179525341,0.1082285176604619,0.0388949826645238,0.0384746284152481,0.0412042246615927,191.5273558766876,17.979146513908347,25.21329164848676,2.328120708331447,134.679194721376,15.361318963855284,241.34804260278457,7.348631027236109,46.19135177266372,10.82014287663648,122.11436927356397,3.0560653467027805,0.0254440288687004,0.0010591392153151,284.22737761436645,34.52388780088313,2.0386880575378616,0.0325061877312253,252.5784618553861,12.036077494907431,184.39035081313236,49.7246488422812,154.1806708041807,6.795035883018272
GSE17576,30,Gastrocnemius__dia__w9__mouse48,48,Gastrocnemius,dia,0.115533655336817,0.1154300546780479,0.1157487285500829,0.0421876242484112,0.041894233014127,0.0427383598195742,184.44951336235133,4.63463086598702,25.44900397442793,0.7982012149368884,140.87768151298172,9.44821524806693,232.8468857136113,4.410495148554844,87.27296810796082,8.009420911539237,129.1337151228076,6.272673165914171,0.0245528718963632,0.0012699436448829,276.8351213891283,43.9318152524786,1.9700391206748096,0.0490363061984862,276.32893786411887,14.766112299245435,230.7755180975265,25.326585342081387,154.29561193279426,12.053535916160795
GSE17576,30,Gastrocnemius__dia__w9__mouse55,55,Gastrocnemius,dia,0.1054372683990369,0.1032981237623615,0.1088181270100232,0.0404643728881442,0.0242681897332466,0.0435611426676626,200.81164077786627,33.072674563663554,20.5437346065816,18.247358447420773,161.850131371428,8.599068888619229,258.0866298506344,39.0418636087594,71.44550132566744,9.56018087249322,137.26131142036405,25.20650321307221,0.0130992509450377,0.016311641056764,341.21757147888843,44.51827669360057,1.7590688804417955,0.2760488416166524,252.9766807389441,148.1773072365209,145.3272438561711,109.19908642848408,166.99716884924598,46.46427827654841
GSE17576,30,Gastrocnemius__dia__w9__mouse56,56,Gastrocnemius,dia,0.1040930816666214,0.1039453790052435,0.1078331744488182,0.0388350033980368,0.0226827381574322,0.0411246378783855,210.71410665267013,103.79174721780646,22.900845333617177,13.987818720371363,158.1412089577115,9.488559284710476,224.46547798885427,108.74090932854216,47.618902970235496,15.169458349512569,139.13396453531925,41.95527502183218,0.0204232278129895,0.0051845283436318,267.7946082574456,77.43282777881404,1.9590596554685484,0.2891951293562973,179.49444123174197,178.30095719720703,220.07228218610905,240.9794548718132,149.52708786391685,91.32365824736024
GSE17576,30,Gastrocnemius__norm__w9__mouse49,49,Gastrocnemius,norm,0.1064012426231132,0.1049359159992195,0.107968658558247,0.0348800110725084,0.0294862394648974,0.0443303957619428,192.344709110818,43.04532509730521,20.85422668451877,6.856294720106188,180.40041116118329,20.923158747754712,254.9044435182241,34.23165892024494,84.52144482505207,34.31415498510461,138.98092898598046,4.737164830946767,0.0206343235969704,0.0059671961023624,311.176670734589,86.81313675560725,1.9843386273403525,0.2955629436359646,238.16785161896328,46.9418192121002,190.68724685760264,99.44036036493549,169.36612164456898,69.58210339552798
GSE17576,30,Gastrocnemius__norm__w9__mouse51,51,Gastrocnemius,norm,0.1098127466497925,0.1096875523035278,0.1098446982656711,0.0273031948837375,0.0245956939667119,0.0338999141670631,158.57196184917478,79.84762091798615,23.951526297557788,7.74868629515807,156.54992515930178,20.19308151846477,242.5447616762322,63.68486366984629,59.64374844230399,12.211853486822392,104.70244220336768,11.096476831632486,0.022941404875947,0.0033385745863794,281.9529601668475,110.76130421917416,1.938391016750443,0.1350439784393711,175.90461954263492,76.82162529619472,154.002265299677,25.428203033182456,155.062155969508,58.14028609792268
GSE17576,30,Soleus__dia__w9__mouse45,45,Soleus,dia,0.1049402724803599,0.1045829629215554,0.1076142611919153,0.020109529948346,0.0196037845927257,0.0218805865306327,118.50624632494464,101.6319283383322,27.79316427591629,5.079559229593581,176.6167986424905,43.22243226325512,237.1781476312129,49.256437406104766,61.497271465342514,2.9279627610129992,132.27947365239865,2.9348102915255936,0.0286752928577645,0.0034185385939396,418.3068048538445,108.52449054618904,2.2955007930040594,0.3392075605081046,272.73479443038593,7.752844165510965,188.1421034777769,69.77637483821673,297.09155398864294,137.40022765778428
GSE17576,30,Soleus__dia__w9__mouse48,48,Soleus,dia,0.1108188671834812,0.1106652270815651,0.1110502181227129,0.0336061680876762,0.0311316403881872,0.0353054893555412,188.49929247025935,15.909014838901498,19.950699737011377,4.024343623001236,164.00770450016137,5.689166998041657,208.22637432374395,21.25389722717864,56.953198582415055,4.823441331122389,117.64514044764552,7.466643345598513,0.0245596990470546,0.0018066338925061,213.36275241433208,20.535847719624883,2.089559965516191,0.0290279842500815,163.22924796935746,44.94541414059074,91.79740716579926,14.79997383538614,135.05583925380753,10.16177568504918
GSE17576,30,Soleus__dia__w9__mouse55,55,Soleus,dia,0.0693547270730954,0.0689761549360398,0.0756678358182727,0.0342556881143207,0.0313467972599362,0.0446226026140077,160.43999505702456,30.181940525019822,20.081329224321788,3.810212759314627,169.21933904428175,53.87628802566916,209.35556420460412,67.38513910065646,75.00269945549564,18.69495484268581,110.03303376438195,31.91411241466453,0.0212671874410055,0.0019641912814841,297.05322690276944,111.17407536646527,1.917949314112373,0.0329684319379659,222.5322226425932,76.62440969102309,138.16220538065164,24.106504894968023,113.76726726037607,40.91030663857701
GSE17576,30,Soleus__dia__w9__mouse56,56,Soleus,dia,0.107113645159303,0.1057558914261485,0.1076424841951787,0.0130773414643908,0.0114968901350789,0.0174745048225076,211.66606121729316,22.332713628398324,19.17015473014792,6.442941242652811,160.7184646193346,14.24529348713429,162.95960169958,121.27671504285068,46.80052172178279,14.436662271668922,125.27927762176658,114.92768560773726,0.0232861979945515,0.0049373886099809,289.9239322114597,244.9830405630627,1.690396808939941,0.2105674554184298,141.14678415157175,182.3897038550504,148.26685267788315,140.0618935524147,142.5122389921477,76.46775801764859
GSE17576,30,Soleus__norm__w9__mouse49,49,Soleus,norm,0.0989039806781279,0.0983508986897417,0.0992953250204831,0.0179695125098762,0.017398154708226,0.0193522390254492,184.1729307853429,21.99654326568006,25.95498746339633,6.552219942403792,172.32251846921804,22.68221202519612,193.29610912257095,27.846918306155544,60.05676958957454,16.981340402438164,129.76895943430645,9.704942578529511,0.0234717540780911,0.0019872941993164,351.6579662851253,11.800027040858026,1.9091835596704545,0.0285652016037558,311.0436803798213,38.51206706788264,146.10713030343055,15.53033930688312,180.36392478242212,24.75224591227189
GSE17576,30,Soleus__norm__w9__mouse51,51,Soleus,norm,0.1092158706211498,0.1074022020381483,0.1096801374647847,0.0613500271823834,0.0522119080485395,0.0667036452522981,83.57550143335588,159.44799584608063,19.14112070044612,1.6497417429698338,173.80374423160754,16.58872574397384,236.1931178481429,81.50624656818235,44.67014723319659,21.68400352042028,91.73471690799508,14.40182418523176,0.0298531328633506,0.0082678974712268,334.26745477433394,113.06620517789383,1.7578969678286394,0.1890051944080537,121.38152766597072,192.06874678880007,202.7472525826072,126.39145489012088,178.0217958083814,122.29955715052463
GSE17576,30,TibialisAnt__dia__w9__mouse45,45,TibialisAnt,dia,0.1018541510239244,0.0982805367454209,0.1031898124509841,0.041431257871897,0.0241857516993015,0.0425543771505904,182.45765621489195,27.90501613106997,27.99545596629006,17.914677785657688,178.42957336089722,150.83126906187647,239.6259581532345,73.10707122501282,48.45314363370999,6.376779254717704,129.91781103081183,43.74458115075714,0.0233774728868903,0.0127146823651948,432.77769969964805,195.86411849153387,2.0435734489487585,0.0844854035857776,282.58757485370984,226.2972803954437,121.6098835984012,61.88322758167277,168.6591512352495,99.07196098813807
GSE17576,30,TibialisAnt__dia__w9__mouse48,48,TibialisAnt,dia,0.1066842385429279,0.1066215675843198,0.1067259332147993,0.0325272919837198,0.0286299601328312,0.0330627361356313,189.43220459546043,29.511785748486147,30.29835205649018,0.9820015227187008,182.0888790970536,19.171358943925952,280.5478386716824,26.38297263337273,44.06358975660704,3.753609957521462,151.11619100025925,5.394939085075976,0.0228046446407324,0.0016842538852323,412.52113894414606,42.57986521009372,2.038513644500564,0.0965569730610407,401.89219162250936,35.994200996746315,119.6395920228954,20.81760130074437,209.39959061206292,21.134807701091237
GSE17576,30,TibialisAnt__dia__w9__mouse55,55,TibialisAnt,dia,0.1091866463524379,0.1091465900167781,0.1093136463533449,0.0357626364089943,0.0338944407286041,0.0368037033336666,166.74870550872896,19.287237427432476,19.787363318406896,1.746632757033371,182.8031742359289,29.05402023717176,231.1383949833424,33.91413450768573,72.1629043600108,8.768861618877978,123.88046842227376,10.999959778274246,0.0297154264568804,0.005820614853355,289.5816482935194,37.299927628490025,1.995159599570792,0.035964852947746,274.09129235993265,86.21657951192333,165.52078822856924,28.118580183169342,116.78882207309618,14.492128201922595
GSE17576,30,TibialisAnt__dia__w9__mouse56,56,TibialisAnt,dia,0.048475322760875,0.0446684045259943,0.050921388839236,0.0246241420229325,0.0181392114158762,0.0255903102064099,162.01551400593118,44.57296091232087,29.214570787688277,12.389232334542092,180.85706296619293,21.40649434514998,174.7240331093177,26.83784636080145,49.55316654402233,12.567298578406714,130.60333197984164,24.720221195419256,0.0216116687514768,0.0031778382504989,252.0898880350363,53.75822819361412,1.9480509524624243,0.1515429896057172,305.2974212803068,131.12475955569596,349.99864606346955,174.14657970288795,253.0715337166075,110.85869424763382
GSE17576,30,TibialisAnt__norm__w9__mouse49,49,TibialisAnt,norm,0.0663522682789837,0.0662801830129103,0.0664359872912399,0.0308700407252087,0.03028800597205,0.0325995841165452,185.82369779678064,3.786532499913392,22.255189641852866,0.2869479502288996,178.7887002810852,10.323960278142778,254.14290461044152,6.566777352915608,127.25503783236316,1.890245763148215,79.63631677551732,1.5272712442364025,0.0282616867430199,0.001005737216015,322.3582326587938,9.43712394389746,2.2259163535337176,0.0181110774791455,91.87925127948088,8.939110043198141,400.5253127978479,11.569625214621285,235.17897079966335,16.335601762071775
GSE17576,30,TibialisAnt__norm__w9__mouse51,51,TibialisAnt,norm,0.069893150395079,0.069557364796587,0.0706300727019421,0.0359616324652912,0.0329375062584171,0.0365490117049912,180.13326170283682,18.53820546224736,32.40552758754151,2.619069846896892,153.82358893030107,11.806997380783969,253.04104571284785,6.603547832967536,50.17647778062116,1.674651291118522,140.8731212591564,4.042247061125266,0.0179628570496192,0.0018606449005574,485.2081408589491,6.67113219041039,2.0013854976609897,0.0306858578873561,395.208171346362,9.375625806091762,323.2797641663624,25.27466640512006,285.2484535072008,29.06729067008524
GSE17576,35,Gastrocnemius__dia__w9__mouse45,45,Gastrocnemius,dia,0.1062432789446041,0.1061683991183736,0.106960130681032,0.0255235419052549,0.0251922521396345,0.0256489676141549,186.51370541721732,58.33206322105608,21.63364038004592,11.449578244166345,165.41174166485428,2.56581887996154,237.38580896514105,62.537650387694384,87.28152989665128,22.258776674195303,92.72838959568558,18.77971033249925,0.0265851793144339,0.01012748546988,354.68480762954005,34.37440411657718,2.3271202926502754,0.2959999548377907,172.29322219911256,75.58058240916341,167.93135298107296,103.86228045792768,119.41553905921462,68.40383126307799
GSE17576,35,Gastrocnemius__dia__w9__mouse48,48,Gastrocnemius,dia,0.1153868497386922,0.1152993514318509,0.1171207394345716,0.0291688286547015,0.0290293205540136,0.0295395018966664,145.5276417348137,28.842273867125183,22.60754288770472,5.5199780738241095,151.68112039171194,16.75725335530379,243.08009104298776,29.714400090531317,60.88227389186204,8.929650410338532,104.32490727031345,2.456889896547437,0.0179815389773978,0.0625974824747199,263.65564594627523,116.92406977581491,2.445543353956152,0.3047356572118453,175.69190860378296,78.84458395993099,160.35673432824663,80.58028157594214,155.1725949905628,33.01388023425227
GSE17576,35,Gastrocnemius__dia__w9__mouse55,55,Gastrocnemius,dia,0.1021330124725681,0.1018615968123632,0.1025535716090042,0.0236930420988252,0.0235703476980291,0.0237825877317726,170.02896809909066,13.159657747993805,30.30479862492084,0.6514583994579866,147.04702086168987,2.121976203643527,269.43747475231976,8.93486227060555,76.47390212398969,1.8660500031119511,139.03914566465482,2.9378794826639023,0.0108303408398911,0.0030594968503566,387.2141854833344,21.84858259744186,2.588402943157654,0.0274747817506986,346.89052960328627,40.38342981542121,198.04225756528325,5.973929090453112,155.22817731070384,3.935145652396585
GSE17576,35,Gastrocnemius__dia__w9__mouse56,56,Gastrocnemius,dia,0.1027022483065702,0.10257281625121,0.1048263980858444,0.0235260717526416,0.022788251493059,0.0238450407613407,187.9981683731658,36.1603222823245,15.34570010801879,1.9404646392246327,180.2354270654801,10.264359914736389,192.36447977169627,20.84322190323769,89.3497150417311,11.87614262346692,98.20696089806285,24.09730760224086,0.0121772436288071,0.0056222722146837,178.2559155030576,25.89006737051764,2.5484180023610525,0.186234127486494,70.30325057600314,27.8882145578986,107.57642084600752,14.083284833952264,109.11055111662316,19.300170906158925
GSE17576,35,Gastrocnemius__norm__w9__mouse49,49,Gastrocnemius,norm,0.0934975116141982,0.0932026220039187,0.094191453926512,0.0291408683399212,0.0290112322012312,0.029285861970573,192.70020320895844,10.848801325337234,14.417724802413511,2.054577523744042,89.99760145829177,58.58794138331963,164.39594183931746,26.596754068786225,63.67040326480486,14.029541704522458,70.65797696732432,11.770960490350175,0.032144563751044,0.0221841424886279,219.27513595505263,10.430414467944388,2.548150283953639,0.0417409326824231,53.900056659447614,35.61172507909588,114.48659504584462,35.95790604308631,150.97730361027817,22.403091765891844
GSE17576,35,Gastrocnemius__norm__w9__mouse51,51,Gastrocnemius,norm,0.1103255410248697,0.1099276347828163,0.1126612700989152,0.0177922671063159,0.0145276348499026,0.018069754358952,209.84182343164576,74.7447548587825,20.841237574924104,15.984195252658589,166.6185218382136,24.942746179155563,270.01945571121973,86.30574077143791,69.09284277211097,6.546634067545028,107.4756917623107,75.83631404537586,0.0107520545161716,0.009836416126905,290.2002429101631,97.02918965324756,2.4863543294801738,0.0119562436834379,163.1950483729133,427.2417339353737,263.8479250955838,266.5369440008165,146.90724515424878,272.774818256237
GSE17576,35,Soleus__dia__w9__mouse45,45,Soleus,dia,0.1066711527855972,0.1064693705440552,0.1068601663240486,0.0154992771400584,0.0151356628815834,0.0156337015875093,179.70243192804145,15.16211748971503,16.07701731803288,0.9583224610781008,112.90205210826436,16.20576874902754,206.86606249707287,12.861604533115184,58.70302270963646,1.7556298666923524,81.69844973932238,4.960814600183326,0.0110747047295525,0.0039360110710292,307.2942401360373,14.296257226288446,2.6115270011740663,0.015333546136476,116.24378684632836,9.923069666323556,133.9924609111697,36.624680256538966,92.12432428744592,22.92321607342909
GSE17576,35,Soleus__dia__w9__mouse48,48,Soleus,dia,0.1109470890229525,0.1106968970629763,0.1111024473289978,0.0249124139578353,0.0239137746213608,0.0256003382668103,161.1216313779136,29.35923565445012,20.169820663507068,2.3299885315935747,172.27200933474407,8.162645307962123,265.6992909639102,38.905942316131245,61.53966685589153,6.314395581814082,128.805081608566,5.962358333286204,0.0521766352543974,0.0108385260631079,168.73639401019298,15.364884032134626,2.2720617846451394,0.0475883082155177,114.36967828638576,42.91451668442386,236.4380889976676,48.269261977225455,138.19739403501913,39.43221844564772
GSE17576,35,Soleus__dia__w9__mouse55,55,Soleus,dia,0.0773500188684489,0.0751157510159941,0.0778843650201803,0.0170935518333668,0.016765547868284,0.0172689705088435,187.11059778949635,14.639386092582782,15.86575741531798,1.3389157710659774,138.81769785529622,18.93881789052466,140.6408717931627,12.064709828911989,24.43711820633675,9.6505008232083,64.98335538259218,25.10381540322957,0.0141587297508368,0.0047157864231167,237.96152950775505,14.489145439647928,2.5900410764765525,0.0404974144223451,129.1975695929392,24.67407716061203,72.30530040445619,43.42892923836115,77.96009386981041,28.182878826042327
GSE17576,35,Soleus__dia__w9__mouse56,56,Soleus,dia,0.1048918674509191,0.1048515031336303,0.1049193648182598,0.0045405423435315,0.0045252675321217,0.004683259464371,217.91072083741955,4.7678520208684745,31.655769005289976,3.7529569211554583,163.9250025784459,1.8376555919166435,264.2749197845013,4.049259388365385,73.0533702582442,5.77318393960212,109.00084422744231,2.0786229494902244,0.0176711649095047,0.001050381781521,331.1890883254081,11.092580236768184,2.655430546534727,0.0710332817903247,220.6070828428685,26.63426639926064,177.6767681120989,9.310931053431943,236.8216558413413,36.68576987311653
GSE17576,35,Soleus__norm__w9__mouse49,49,Soleus,norm,0.0954885035760316,0.095097775505859,0.096266835941506,0.0088692107015657,0.0082370356837941,0.0090488355918862,189.2574112906475,16.932731135237788,21.257545619669077,5.935028048833466,122.02076838686928,14.732010049469975,219.6968179315509,28.041314809077026,61.2936803293271,5.598447242776942,88.7571401289866,9.752769635757616,0.0168761888349023,0.0040913687956157,277.12482389779524,84.1774207426067,2.522518546331222,0.0520875055257792,167.26535522052282,58.931020728012896,194.1010188746979,95.4409601467322,133.87694677813408,18.985625716887117
GSE17576,35,Soleus__norm__w9__mouse51,51,Soleus,norm,0.1070736651865733,0.1047642315196891,0.1083861801511381,0.0289748039965867,0.0283811756232399,0.0300191249220969,202.80011423745935,37.22567242364207,22.075360797172088,16.66550486150434,166.3960606921568,11.10562421667504,228.62604149465207,23.30733895546706,80.76257766525057,13.49764064505996,116.54132319351662,22.530971974611774,0.0543781305281175,0.0469809734455802,373.9368716248759,39.78880831780919,2.651918298207506,0.1092022593022865,106.5758390958062,219.2484642821709,216.70691502163191,90.27064501336496,103.54918275469464,173.50279965497998
GSE17576,35,TibialisAnt__dia__w9__mouse45,45,TibialisAnt,dia,0.0975496041464088,0.0967196124425652,0.1017277083567266,0.0264518509697119,0.0249167815112772,0.0269536511683566,144.2234738047662,67.60795661257862,13.288210990599834,7.494805027165105,87.32491128992501,64.42186794026468,130.01901596267345,46.295799031586455,53.11745327501337,9.580672583940816,71.7280162179672,33.40633577458699,0.0120740005388353,0.0267627923080601,166.0335969876865,92.63988827910347,2.3945809716584616,0.196536244282834,89.29836659508825,34.97113988946569,155.4751782301318,140.14669555289905,111.06883936859955,63.89700064386443
GSE17576,35,TibialisAnt__dia__w9__mouse48,48,TibialisAnt,dia,0.1083436032906265,0.1082143177566265,0.108428971862348,0.0260195720333405,0.0258043054460215,0.026998688294259,185.6803783122868,17.099021867797433,24.22225049142939,1.6473038267042277,143.44584313535591,16.046796257804175,223.2695520112299,12.64490796405633,53.02235079376895,2.861356877638244,107.8537941815088,5.070569729918574,0.0166366780775514,0.0068545716533972,306.8938803193924,16.755336884534586,2.5119723650441657,0.0178551144856333,131.86003883587,29.670708603050983,170.75704686951957,29.14037390597437,127.54693362547512,12.521048412880006
GSE17576,35,TibialisAnt__dia__w9__mouse55,55,TibialisAnt,dia,0.1094537984208287,0.1093082701912962,0.1100523041000852,0.0204678862475169,0.0203725333291359,0.0208329129484483,115.82172936052189,65.00338793205461,32.20450913007781,12.72912362666722,166.91545523323845,76.42876977570802,258.5943583206084,113.23762451917015,78.3821147317043,13.73923103623494,148.48216522922462,36.38754737802634,0.0101096059090824,0.0092716348514462,197.62527695070048,55.72244942037909,2.5680885335655823,0.1050442922826975,355.1159435542964,134.51711095053852,426.6308148104533,193.81166516652144,251.82245140251229,92.7724800586138
GSE17576,35,TibialisAnt__dia__w9__mouse56,56,TibialisAnt,dia,0.0516853426245386,0.050406916397971,0.0520199660078599,0.0140058469332834,0.0137589542832155,0.0144270323792772,180.08010608552524,16.751461853111863,15.3215453047669,1.730844787124207,170.68578807242656,8.2985228889587,189.109911008514,57.00631520493414,76.62735392874131,3.330067265361336,100.0025275021348,10.3806464872265,0.0131021748156714,0.0027815718042535,276.1384587533719,29.187735384094083,2.5228452725369093,0.0131769966836547,113.58730544711312,59.39377302443447,90.278372412957,17.891945001411898,100.25342155633858,39.33884080915357
GSE17576,35,TibialisAnt__norm__w9__mouse49,49,TibialisAnt,norm,0.0757189974643538,0.0737629155407595,0.0790539478804998,0.0171288074534817,0.0164380671270504,0.0175543995188957,135.65732322671664,39.82486015032407,22.007231629316514,2.0656652721995137,168.70776917388108,20.249249981814472,259.1043519291272,38.739849506629554,68.66756570459677,10.99317011374916,118.84705093308246,18.780786669066643,0.0113459110770079,0.0052089204425861,312.8132782450896,46.98365733225285,2.4896386202386798,0.0406833101162691,257.2321356995721,13.493199081828266,117.27961864209252,21.69386873957683,166.32547573439996,41.37902333893047
GSE17576,35,TibialisAnt__norm__w9__mouse51,51,TibialisAnt,norm,0.085375772040402,0.0666962274425789,0.0973403465687938,0.0262639905166166,0.0236722177046939,0.0278194353294482,201.72642931529936,151.4105601025029,24.40146299867991,1.181069956976799,106.8831556739637,158.61313205270005,260.2942269671028,185.76676478214563,26.01293490683862,21.098170050317613,63.439455770458245,77.20191276710534,0.007024646283771,0.0082423325494069,120.13452957167864,136.7436156333368,2.604534944439697,0.1654488275267516,65.66241737994596,131.00655830787122,266.99102323243574,18.997204705436445,168.54159753961395,13.28518361568402
GSE17576,40,Gastrocnemius__dia__w9__mouse45,45,Gastrocnemius,dia,0.1078692013473726,0.1069187125086095,0.1084593882027148,0.0602556902186991,0.0356090524880457,0.0646483542912196,197.3451711355629,23.939203003589483,16.587041634010276,7.43586442920812,164.1622731388878,2.9468111069660097,157.2773001335458,97.41937450316348,74.18656424141912,37.89345775246288,78.3459064517173,45.74060505824232,8.535711449251471e-05,0.0002169989294332,189.2966680104119,133.00378857212857,1.684926544966663,0.1487984498232524,59.3886976147392,45.17939793472151,264.10712691129083,132.1842183159494,216.76017009833,100.35005884267434
GSE17576,40,Gastrocnemius__dia__w9__mouse48,48,Gastrocnemius,dia,0.1167092092072528,0.1164497564993869,0.1168563218224824,0.0625907767646853,0.0570821369334491,0.0637120870548599,196.71124864489357,8.270538726289288,15.342469750975742,2.403900699288906,146.2737005448128,10.771262569613754,178.51028204384664,7.012713257932177,75.91367867769404,7.612847608868336,83.37686660158253,5.70554320838562,0.0002256052014218,0.0001677474787078,286.6446930922209,23.028332167350413,1.7335426430680618,0.0403059772098897,54.30743932843619,58.99101796825077,155.46352546127147,36.0686278691546,187.77047983467477,15.666222074535623
GSE17576,40,Gastrocnemius__dia__w9__mouse55,55,Gastrocnemius,dia,0.1039070901920924,0.1037320913768412,0.1044691533429279,0.0382381160949688,0.0369224156944899,0.0404315359796389,203.79166798004857,12.091963049306004,21.353269972109203,1.7769759659573552,152.68809561754102,11.208401717565296,229.42681553120508,9.623962146953318,47.35887708906153,6.838679855597455,108.76087282372266,9.447601057020163,0.0003797968527709,0.000285304222364,250.18464901456423,32.30512444460459,1.7596570560101576,0.1086830054577205,125.39134710728322,7.650201067864813,379.88621569131374,92.9561877468136,214.5737453364331,25.644206013886983
GSE17576,40,Gastrocnemius__dia__w9__mouse56,56,Gastrocnemius,dia,0.1027413696431479,0.1025359373606175,0.1036637931480535,0.0291562975118381,0.0266553524622324,0.0504455800900857,184.58314391051312,50.024943083411074,17.055498346550344,1.753658182358766,109.51333446671498,100.73832914101024,144.18304338912958,55.77857099676166,43.990251410568334,12.946089384623164,87.06565474152372,72.936474435245,3.3099386421433584e-05,0.0002669407393779,308.7251761025043,270.6497753900614,1.789350566820422,0.3149383452555145,174.54763063684405,156.46538050791736,327.74173872193575,182.2974349790224,315.9887323655321,86.08163131757254
GSE17576,40,Gastrocnemius__norm__w9__mouse49,49,Gastrocnemius,norm,0.0978169647911501,0.0960238966668673,0.0984063814846442,0.0377894729440288,0.0376376032403463,0.0412843777378602,172.4410286761414,13.110097870777622,22.68323748823459,6.83133428844215,160.53700026618034,8.450137494791676,234.6030646697779,103.24702836423587,66.27128615966983,25.735937090840345,86.75995102054927,25.172885917822896,5.439173820260341e-06,5.892314454551232e-05,254.3440649879996,26.420059176375474,1.9945075707581177,0.1726083912845302,192.96651693817,6.950968241985322,467.62454957249054,118.97047634104392,260.98828023827406,24.93071217376485
GSE17576,40,Gastrocnemius__norm__w9__mouse51,51,Gastrocnemius,norm,0.1098804612251086,0.1097064169985453,0.1129027177459414,0.036019155392599,0.0310532070950026,0.0419303659085579,203.79828958950145,20.941016295070938,25.73555325395368,8.517572856294812,138.23693017791786,81.86199542774918,199.7486825301607,79.99637301578139,63.62309489792386,20.47501487952035,88.2217206739808,36.87646664855117,8.601619756157423e-05,0.0001619843130679,205.69077328284547,118.1442284776702,1.7789263216796134,0.1722505005524297,152.13794984447546,122.41520616784334,309.58679872620667,59.30242107853081,245.38981042259888,52.56628288296389
GSE17576,40,Soleus__dia__w9__mouse45,45,Soleus,dia,0.1065785774671236,0.106342390840432,0.1069918061064608,0.0355795938012481,0.0334584004952362,0.0386016922299617,173.17381202520554,6.753514398988784,18.286966750180984,5.66982030006842,71.715742853432,31.66954307993838,176.23322154927436,21.8517046008748,57.80290084656461,3.2900512402454893,76.49908294183463,12.009122950669664,0.0007347512527813,7.746264975559615e-05,223.86243006293057,32.56721782731711,1.744387876643798,0.1143158763395952,178.0473821016604,89.59908595327016,360.09012770455456,107.1262882748902,219.96995231654216,47.539056367358825
GSE17576,40,Soleus__dia__w9__mouse48,48,Soleus,dia,0.1124280767554848,0.1122291988378767,0.1125676489685938,0.036061171997066,0.0348705804407429,0.0393828136714937,195.1381460705665,23.608081644340217,20.8849312767668,3.050508307573203,157.4146970239292,7.2549039650944,207.2081829883563,7.303763462426389,60.84999809522547,6.66018367374005,96.0403833825368,18.009586812871376,0.0003106424506594,0.0002139517557459,240.7644959075452,10.192392887919423,1.793398553545087,0.0740342276000509,74.55034175998907,33.82497839164565,376.5790808298895,45.23831547295441,259.8066806400125,23.122632266986187
GSE17576,40,Soleus__dia__w9__mouse55,55,Soleus,dia,0.0717517466908474,0.0694412493295032,0.0984664084495315,0.0440356643381808,0.0366721323274475,0.0628414604483175,189.8213408705757,37.83358509632805,17.800025920003442,2.61905574532808,116.78125482836148,59.8715670372448,146.60772298373996,80.48913335636371,53.27862967148637,31.558877119518623,86.78440982515232,97.1761663093014,0.0001040478585378,0.000143341310518,255.47165222388563,293.03626928396926,1.741184718546469,0.2928133809901541,135.3431743107465,149.24193799764018,284.8760394504043,61.5589242945141,208.87742280733917,141.4091390197264
GSE17576,40,Soleus__dia__w9__mouse56,56,Soleus,dia,0.1075511466224086,0.1074039492952288,0.107611425972368,0.0053001568480074,0.0047463781385474,0.0056951899443194,214.6264964307861,6.804333858956085,27.448659087892665,1.1778297229551988,149.9404371337444,3.068420877910654,73.87169427104162,5.268741365468799,71.43781381704514,4.950011451442535,87.58734034949998,3.608524727529812,0.0001385393083126,0.0002024605643008,183.62751007789552,6.712737988971753,1.8485109053640123,0.0733663305120218,208.70400444832305,29.640032357009037,425.3214145035489,19.479716959132816,312.44596111195256,19.781528483875377
GSE17576,40,Soleus__norm__w9__mouse49,49,Soleus,norm,0.0913730656105962,0.0899354757435789,0.0929090584494476,0.0247532175653021,0.0208876490684557,0.0310627779627372,193.94864680665788,111.47195929278342,17.771235130302376,7.853514790133161,150.39876399074822,54.653443613679485,274.76956240558263,22.286414074484924,44.21868657188274,18.40322580290029,91.42897460663356,38.65000146911004,0.0002338730222623,0.0006507297485009,186.7698666927517,99.14622531094432,1.8811797570567808,0.3327957257686469,158.78254638312544,237.71440609741185,320.1319104659433,154.43032119955797,243.79113884456336,54.46103634722198
GSE17576,40,Soleus__norm__w9__mouse51,51,Soleus,norm,0.1098801917647665,0.1095241662444522,0.1105043592596495,0.0363881534485879,0.0313583530307605,0.0393434748270327,207.71004964033145,15.042353988083164,30.455615125004197,11.222229079588764,156.8898226578566,6.200562561457304,286.5685250518719,26.10477372350061,45.901948128232064,4.628850080992834,107.62323745633272,10.31974591625854,0.0002004561222706,0.0002408477074405,309.168169368891,13.127132006848512,1.9257785814659056,0.1082682994829453,208.0563556181488,17.580745223783737,504.5951400058132,127.99864529607612,343.0365370187677,68.63142925519628
GSE17576,40,TibialisAnt__dia__w9__mouse45,45,TibialisAnt,dia,0.1015201771756554,0.101180022548,0.1020118873738728,0.0257755861576965,0.0250983503342568,0.0279947743433341,70.16666185551739,6.980557619779603,28.54202906585867,0.4301539707314106,166.64895727556444,1.3896500686502122,331.45033992892417,9.520763052441056,71.58773043444567,4.046800980942535,157.2098927058127,2.1352286117892163,3.8571371596986574e-05,4.081602150825335e-05,374.80448348976336,14.485278445839526,1.6069063441164448,0.0215227452363966,318.37765206488274,24.219606292166983,549.346536288713,22.40502532286439,402.7214566648855,14.875973923366756
GSE17576,40,TibialisAnt__dia__w9__mouse48,48,TibialisAnt,dia,0.1060015417632004,0.1059558951212094,0.1064810551002147,0.0382275187323246,0.0281131088937111,0.0706762837373521,105.8208842249878,164.70583156308652,22.28370356821812,21.278125535692205,166.1568347385197,131.19958483250937,107.69948294119908,183.97965425172416,25.963052968477527,49.56319928050858,58.88537986114258,62.69489034089333,3.659493702845636e-05,0.0002655136456317,151.36615688792136,154.81952933670993,1.8292673517991036,0.595712365139289,161.0298152271836,192.34530383030523,304.0204735787098,165.84725235636608,261.5393462113915,210.83027897114263
GSE17576,40,TibialisAnt__dia__w9__mouse55,55,TibialisAnt,dia,0.1088715546704681,0.1087585469514016,0.1091538377781314,0.0378442883661042,0.0355469429738851,0.040272205475053,167.08173117778762,13.05588222625505,18.734189290298698,4.527003879475334,143.47319251227873,17.62193769338913,173.56090919839204,24.72823602375422,57.33954694359059,6.029417700339756,94.78973490068904,5.082578724815619,0.000103976688711,6.542330224905146e-05,236.5442260075652,9.450169163665834,1.7783334030535147,0.0733574683503566,100.03810207034589,62.79003896569978,414.214127126042,82.27681822580195,240.8741929724127,47.79652329320416
GSE17576,40,TibialisAnt__dia__w9__mouse56,56,TibialisAnt,dia,0.0491381077047182,0.0485681485965984,0.0498547769121233,0.0186706996317574,0.0182100835269078,0.0191000000751466,192.3721608430451,13.375431314189086,24.190264953393516,0.4713134698126104,160.64423444781912,2.841227304089699,251.9522876444325,5.17675236266453,62.85465823034976,3.56523295186102,108.16096164111336,6.842356573084928,0.0004598602442438,0.0003151642844732,366.8942248695016,11.6268773862962,1.8745368465268424,0.0382958552057199,74.61881145343136,26.01848448545864,408.6526295947731,17.866982342907306,330.26579785427214,6.984001372059424
GSE17576,40,TibialisAnt__norm__w9__mouse49,49,TibialisAnt,norm,0.0699475758398678,0.0694897474400912,0.0704087748854506,0.0204239027977259,0.0201349057433867,0.0216459810855437,217.92397993751524,2.4994842596832143,32.774230781917794,1.3833929796857305,157.315048713436,6.440116061883799,287.12610548524776,7.5579824847959,56.67319481782347,27.413617479066595,111.7001469041654,4.482417227567012,9.331551333970298e-05,5.64177520322326e-05,309.7090417494182,27.47041643764487,2.0507087141507774,0.057809395742864,223.0844556798721,16.652063268527,507.62535665845127,9.642864126733627,412.9246875870052,13.919735592781308
GSE17576,40,TibialisAnt__norm__w9__mouse51,51,TibialisAnt,norm,0.0692701289106268,0.0653503859483296,0.0713844069121549,0.0743978089279206,0.053508214229696,0.0826636192180278,221.12646416417573,3.508372534887087,22.655142245117563,4.846865909132006,162.6270119314019,23.10904757770913,291.4780702619073,29.40014363565973,50.61792950013015,8.008704160859025,63.662062673577054,16.70107315498076,1.4931022853017682e-05,6.161888888678507e-05,373.5572251395262,74.77584912095676,1.7019769403027962,0.3157597304123061,226.9106046710977,43.00598989616603,372.8152120566515,142.00786802853617,292.86147776682645,7.802374565188472
GSE17576,45,Gastrocnemius__dia__w9__mouse45,45,Gastrocnemius,dia,0.1108063374762632,0.1106018869920578,0.1109611597599286,0.0450154082764604,0.0437765917300821,0.0460784294660577,202.6429341310504,5.429818361306957,22.11801228487596,2.962072232665026,217.8987983497667,14.506629910983465,169.8307270373594,14.974790725932593,54.39898075143854,5.917766315852354,91.35674107338866,6.813757904720333,0.0014100256723918,0.0001941055452695,283.4360322271591,12.790808292390691,1.8623014176897217,0.0792885072201388,161.77791802172624,30.109675678589923,171.65027102218662,16.78782547125425,164.6944595141319,23.551344274368176
GSE17576,45,Gastrocnemius__dia__w9__mouse48,48,Gastrocnemius,dia,0.1156683796969296,0.1152997436218877,0.1158455364384445,0.0530474858473502,0.0499026336516932,0.0752635324959336,212.89521802702217,6.596591562868639,18.301176731806915,6.861556124916724,206.71331297712413,24.199329323789243,169.87326283639442,144.45613981148438,50.15195976482438,8.113250257038807,114.09784952389438,22.67017041539808,0.001323115745269,0.000153366087068,292.4570430139363,55.26611408017209,1.7446871050561747,0.2714093928879184,253.2323186554297,154.2943005959309,113.1105223775816,67.28951313086453,132.20125790436572,44.53116400835975
GSE17576,45,Gastrocnemius__dia__w9__mouse55,55,Gastrocnemius,dia,0.1052221884752759,0.1051109859858844,0.1057339681321478,0.0318469663254343,0.0303537511729594,0.0339315502744392,180.84809994488663,161.91777988406125,21.56690516380585,1.716710798293235,234.0952616054774,17.765232804908408,147.8869695597861,28.841759445030817,51.67859135254299,4.144973663055374,94.3848072386156,8.383293232163737,0.0026005360442688,0.0012287304441162,291.67163374250123,49.316974453761645,1.89680628941576,0.2382347541362217,186.1966931905948,37.96950946130153,241.29727219175695,42.96503216371903,211.9327361957524,24.058587982236247
GSE17576,45,Gastrocnemius__dia__w9__mouse56,56,Gastrocnemius,dia,0.1081143606947854,0.1075550873658703,0.1084184339485212,0.0368434847786433,0.0362287102687062,0.0419677956121396,121.16908034992149,14.0710081737695,21.7792920152074,3.2651528061599286,249.28834927950595,17.631343062688472,185.142949380856,17.82698408559895,60.12184894712596,3.499829788192052,104.3456914035851,5.581034473544207,0.0014324918131004,0.0001866260023786,322.8373633835057,22.259829297720216,1.747683779116095,0.0562097802652246,165.7763165224082,15.55041123652174,137.26534405043927,14.211191124631114,201.1489254372852,37.430235261298094
GSE17576,45,Gastrocnemius__norm__w9__mouse49,49,Gastrocnemius,norm,0.0955134532500642,0.0949091403070961,0.0957329108968345,0.0308280515460874,0.0297386327432586,0.0313378219896113,147.38825228909116,5.7702116736480775,27.736964251114596,1.3795180701277232,260.4528935345787,18.23220885857546,194.69669986770245,7.220951202313387,66.54269733472228,6.327931828421399,149.87888899687272,9.292131703115215,0.0013774688769923,8.106166120204201e-05,316.9965844062341,48.30680704545222,1.8606004112626515,0.1122741727094795,277.45945138774977,91.8574960647772,241.38430146050487,24.74327253217814,197.1308917203673,9.088759152511187
GSE17576,45,Gastrocnemius__norm__w9__mouse51,51,Gastrocnemius,norm,0.1096882966917546,0.1096328332615069,0.1097727599905667,0.0209125884126851,0.0203276283316547,0.0221461753937443,100.87197973160488,114.74173771593466,33.18063166926687,0.8437705471162644,85.5544237263114,227.52920405907608,278.8591094325046,23.81100018841755,79.16217840168343,2.3410553218166967,140.84772485835657,3.653345651195849,0.0013460878010995,1.483923729889776e-05,385.6458410739334,13.9730150335335,2.182423358953697,0.1752982830929124,447.4950713477594,18.39100151482944,363.3558872049381,73.3994684388395,220.9812023426932,73.83314436608569
GSE17576,45,Soleus__dia__w9__mouse45,45,Soleus,dia,0.1051296206078189,0.1048205269769019,0.1057144774327146,0.0239026892223843,0.0200948613881793,0.0393940940031827,204.2330551758656,108.72298428249044,21.749165113818115,12.054720981799942,278.68917018943466,219.64946643619552,168.3181637007758,66.17619527039426,25.051763528856988,47.48015926098894,130.5184052070456,72.24991407039045,0.0016159037303267,0.0014642318191137,329.8393772936271,37.982937562284064,1.569082466261429,0.0763775416045642,126.73725267511628,46.957799678700965,251.0224645420722,143.19348617072075,170.6616915746901,77.65484382810926
GSE17576,45,Soleus__dia__w9__mouse48,48,Soleus,dia,0.1122589046961832,0.1109163559242137,0.11249554253457,0.0381890638348443,0.0368474189716786,0.0444732543331509,205.8025862296032,7.951712424217192,22.86620674424914,7.97523774880726,202.8637646262193,69.73770165797455,175.47659891146907,13.55054961522535,51.16889916312533,2.032715359615956,91.68948917340052,5.159535607205299,0.0014933508027485,0.0002150101220855,341.8759827697735,44.32007848008857,1.934475556548309,0.1592714903527234,171.45605308904186,72.64545002695243,267.67055877396217,91.25934526220196,180.8326780703084,110.03387799326532
GSE17576,45,Soleus__dia__w9__mouse55,55,Soleus,dia,0.0715963959944212,0.0684750670627412,0.0724939114326703,0.0344417989851531,0.0335047063304525,0.0395469519898954,202.9603638713936,6.710481584365311,23.93035163156115,4.516448883313284,193.3931313985428,30.40076363357528,124.28779964653629,18.57291784493813,49.30022929329285,8.38085825870754,105.07741242081234,14.09389811444106,0.0016934495893622,0.0002539142590242,251.4129243695398,71.5359353400062,1.7897713978493843,0.0918978441749591,183.429764362616,59.0592254037754,214.20619029258745,38.64519481317595,164.4193061727307,44.14286865023783
GSE17576,45,Soleus__dia__w9__mouse56,56,Soleus,dia,0.1087946122145893,0.1078341421465398,0.1090557755634833,0.0022381217340747,0.0017819613764789,0.0094175368367444,208.36536722023715,108.93102740635196,20.1476949161091,2.74075016147275,173.16178233037834,17.99339715740433,137.12719188048732,127.33393839273177,43.509776047268936,4.525924277411967,84.78596003272848,31.651662531456253,0.0015947693828942,0.0005033192829912,251.2513818361012,231.52204085887607,2.0129373059904587,0.129308541813121,202.1070961469549,95.27904760100262,179.7754039780879,124.0198603452447,154.46137201769417,106.59954761834368
GSE17576,45,Soleus__norm__w9__mouse49,49,Soleus,norm,0.092435025658739,0.0920897133219623,0.0939389646239287,0.023608562593483,0.0091119469326369,0.0255027789263938,208.95399395012603,14.747714251921336,17.921987697291208,13.661515745347812,164.65483478657518,150.06778683860372,178.32680338076798,32.050246997768824,58.23884582041208,20.803666167641666,106.44325903739,8.286900015177665,0.001350682160434,0.0001501502950625,310.6679255052096,66.03369586816444,1.8038966708503663,0.2727729731527593,235.93310232313124,79.81465524909618,238.4565783539285,154.02371281869125,189.85118438358265,162.3694905537046
GSE17576,45,Soleus__norm__w9__mouse51,51,Soleus,norm,0.1087761242162643,0.1057995429180214,0.1093318237240682,0.0288145233384506,0.0272002280729688,0.0295792407056531,215.6717675769294,22.677517280134623,25.72894894349465,4.239928470058313,273.24083473305325,223.33046832863897,176.11211590000414,102.3871261928783,67.28997237087037,34.42678706157237,107.33188247485072,22.73031275362084,0.0013843402988737,0.0002148378701702,294.6068838593266,130.69500160291096,1.6066662905332452,0.1807446417323086,215.110748588576,105.61257613484376,256.5626276346926,229.25651127255355,174.84098319483255,73.00313858584832
GSE17576,45,TibialisAnt__dia__w9__mouse45,45,TibialisAnt,dia,0.0974265960374347,0.0963942948912588,0.0978996974787893,0.0265737703151543,0.0241433031122702,0.0303020832222233,209.0821533608145,14.106518941590195,26.06045518643281,14.151153929252729,239.76807948551829,127.84438485782243,121.44035299541022,79.1164920808546,51.45406694213125,27.79864756309459,95.07210508211512,31.92523431590179,0.0012745178297983,5.421626323208104e-05,327.3396824328422,93.69196417896433,1.9895187189628247,0.1353113136870281,214.38697053611637,67.52989623485013,143.4981367353058,8.848488540276946,218.7164453532112,137.9232742845846
GSE17576,45,TibialisAnt__dia__w9__mouse48,48,TibialisAnt,dia,0.1085733341140126,0.1084996586255471,0.1090232647498232,0.0421327600223929,0.0404954444812811,0.0428486229377575,162.61235355593382,19.126149493562338,22.68392268584869,2.014482891940613,208.43152557371695,17.406991545347324,168.8728568774409,8.399153430413037,55.81223317142874,5.593958462043403,122.79469027984617,10.132314119219116,0.0013795849221628,0.0001111270916334,290.3253318855769,56.62387345500469,1.8800856327455933,0.0618702213851662,175.00741689897842,25.372882309001,149.2735124179808,29.2817099924406,171.40777691107203,28.10428308294644
GSE17576,45,TibialisAnt__dia__w9__mouse55,55,TibialisAnt,dia,0.1096186897495882,0.109462517438741,0.1102731691016823,0.0342792576567361,0.0328530374979358,0.0355970970375147,213.3353826570381,5.088462527497114,25.24008996412564,5.649661506924684,239.8842779770518,32.06628255260435,145.5183652421668,17.34682385332033,52.40355941296371,6.184507095321898,96.8783447166683,10.550700390940918,0.0014159082746997,0.0001227862623657,288.3514653321472,31.96733613791099,1.89202609371114,0.0534852732270176,158.67277214015445,34.258691289321604,149.33640735739277,20.77658927636398,208.8140918359656,57.344737103533305
GSE17576,45,TibialisAnt__dia__w9__mouse56,56,TibialisAnt,dia,0.0503945088070401,0.0499559201691428,0.0508098684552619,0.022200882465314,0.0216026526817222,0.0252475745686934,190.31595764457512,11.07035529573892,21.94742038861252,3.8914189329273263,221.1921242754654,32.39870383978365,144.4124207852977,14.194992419567969,60.3735087373521,2.88859678890271,91.30004977779063,5.213806781346733,0.0013574092351365,0.00018357696162,285.3684053734636,29.87829330573038,1.855459119788597,0.1071338533748511,155.83746845110107,6.029747053847785,232.3077332852186,52.3160026365766,176.30766716522322,46.53158530444949
GSE17576,45,TibialisAnt__norm__w9__mouse49,49,TibialisAnt,norm,0.0776721930202654,0.0719184932279811,0.0795572257683534,0.0221747816489,0.0211340731853263,0.0231584118249222,201.82880691500537,167.81861654245836,27.99715844822017,0.7324345166499029,283.0991697089655,10.9452600962818,128.16929632677125,30.483432514282725,65.1619607137126,6.551617806753328,109.05946129956048,3.015451190422368,0.0014786155382758,0.0023069846261814,262.3589663488686,23.987709530616712,1.9754325664797645,0.4579639723022803,221.23647898108263,11.570560484878117,284.6459000448677,99.15006012030727,283.7049868672499,62.31141176018983
GSE17576,45,TibialisAnt__norm__w9__mouse51,51,TibialisAnt,norm,0.0690493351516464,0.0677359626050095,0.0694745083857621,0.0618024086715487,0.0564211683276596,0.0673448011378701,201.6262264219645,5.852290586217634,19.41054805283033,1.3394290861791625,236.79866168332347,151.85038974914875,231.63081507005504,60.60059476429458,59.11860996064349,4.044087371137735,134.8018076747425,15.235412029430565,0.0013475625022364,0.0001024906307876,424.40833453815856,80.42860529266056,1.90960547133624,0.3571284318262346,261.0775805820706,134.06493794125132,146.86820719088573,38.692402176338135,191.3776825752969,55.205678858834574
