gene,per_gene_mean_expression
Zglp1,2.447227223578594
Oog3,2.170309172634832
Ldlrap1,3.570318621423311
Mdn1,3.3733946115960904
Wfdc17,3.289128253678564
Umad1,7.509331438229661
Dnajc3,7.0188340575610155
Niban3,2.6037494942079804
Prcd,2.9803138655586365
Arih2os,2.6093108210481932
Gm1971,1.5481143884660102
Csnk2a1-ps3,4.4812960098685535
Gm2011,2.4125161776757604
Gm16529,2.735132349128561
Gm2136,2.2785426541256064
Gm2137,2.3893720273221835
Gm2164,1.9664222967034004
Gm10399,2.489660205442434
Gm15706,2.6581450931393493
5031434O11Rik,3.037110385015049
Ildr2,2.336807205655021
Gm2461,2.098067369572843
Tmem35b,2.7960184602619123
Gmfg-ps,3.781543287733445
Gm2590,3.8410112972757706
Krtap6-3,2.0353130979234577
Krtap6-7,1.9425009006248555
Gm9892,11.633119720495444
Gm16418,11.64598656015007
3830408C21Rik,2.2202714669601433
2810416G20Rik,5.6851301117062745
Gm2769,3.1413707439208927
1700036A12Rik,2.9278536948020553
Mrpl23-ps1,9.164348952098983
Gm2824,2.474007676416188
Kcnj13,2.349692957404025
Fancf,4.125111290221122
Mirg,2.2711696308919715
Mroh2a,2.3639444773385634
Gm11627,2.533268354770809
Litchi,2.1484938490420027
Gm3227,2.1332810889150218
D4Ertd617e,2.504697147315882
Supt4b,7.910907826704849
Ccdc201,2.0377553090421903
Tcp10c,1.834429395862666
Gm3363,2.4901736895639623
Gm3458,2.138607944175391
Gm3556,3.922076851671101
Gm3609,1.6898447094822953
Gm9794,13.48827028706909
Impdh2-ps,8.939052954909725
Gm12371,2.044520793349086
Nrg2,1.969790744630196
Thoc2l,2.5831667546169936
Rps15a-ps6,2.8665294224727247
Prdm16os,2.4188957250569425
Pam16l,10.071962677074973
Gm3764,2.81259653371974
Reno1,2.5173777159614388
D830025C05Rik,2.606363146262814
4732419C18Rik,1.8998246039071318
Gm3916,1.9441108893848018
Rbakdn,2.499509271765135
Gm15234,2.338783280998255
C920021L13Rik,3.0527764231585355
Gm4129,3.0752312809855535
Gm4204,8.950185945469828
A230070E04Rik,2.1411990312230547
Gm4251,2.3736792878717288
Gm14004,2.3420635278981496
Morrbid,2.434437670731052
Zfp955b,4.912414593432763
Srcap,2.699608630302238
Rbx1-ps,10.01920169873834
Gm14057,3.776854718353549
Gm4640,2.5831182995128974
Gm4665,3.019016331140666
Ppp4r1l-ps,2.766338617754186
Lrrc19,2.7706679400456813
Cyp2j11,2.460537379304821
Camta1,3.6573559843701364
Kti12,8.43031202306353
Rcc1,3.7671153859146123
Zbtb48,2.726924472601757
Pcsk9,3.0984031104219216
Tdrd7,6.160095592404443
Gpr153,2.6338206963710253
Pafah2,4.1935122565524034
Phactr4,5.682890123632127
Zmym6,3.838139642455483
Akna,3.171157814578502
H6pd,7.439645201032515
Tmem64,8.979329140223967
Adprs,3.436020679432532
Gpn2,4.332090051906651
Rusc2,4.446909854826928
Stx12,8.947527317912467
Osbpl9,10.07744961103596
AU040320,6.211547449811204
Ppp1r8,7.319875194367699
Smpdl3b,2.6911948146675626
Tent5b,2.5267169436458263
AW011738,2.720822562952954
Bsdc1,7.835267205250325
Slc44a1,7.683015486348471
Mob3c,3.075893059900602
Lao1,3.1536684845380005
Zfand2a,4.798102296481651
Zfp518b,2.5341220916267275
Rell1,7.116292379923169
Ugt2b38,1.9566927272609291
Slc15a4,6.099752204597375
Lrrc8c,4.126858624969433
Noc4l,6.259812840805395
Nsun5,3.462182515960158
N4bp2l1,3.5446056136823287
Upk3b,1.9063140131776215
Psph,7.185097218400411
Trrap,6.841065058964059
Spon2,2.5064805042299616
Pds5b,7.7178808189616275
Ugt2b34,1.8834103730032303
Mapre3,7.839082175087451
Dcun1d4,5.219348912471198
Usp30,3.9066525356125097
Ube3c,6.250179203247363
Rita1,3.293700166697262
Tbc1d14,3.2227642802952587
Hscb,3.9031437574240684
Tyw1,2.968297421416048
Emilin1,2.8999871372893327
Rab28,9.558787782321605
Nfxl1,3.043397531722236
Akap9,5.073878654422622
Zfp513,3.6312170145478713
Zfp282,3.2440671849303313
Ttll3,2.2562685791875885
Snx21,4.1453735132690435
Tmem168,5.512318605011483
Rpusd3,4.157413671850915
Itfg2,3.5377467839076395
Samtor,7.864924871967543
Pot1a,5.949168127786578
Parp11,4.058548501971882
Zfp956,5.021969253139004
Hepacam2,2.163200852514334
Tada3,5.6032197537867985
Tra2a,5.543752399276028
Wdr91,3.3789045050314646
Brk1,8.967159506337062
Eogt,3.2895853629456995
Fbxl14,5.627475222623208
Prrt4,2.4385425326400485
Ceacam15,2.2985483736881656
Dhx32,9.338674116903858
Phrf1,4.21433850790469
Plekha1,8.34860650920224
Slco2b1,4.796282925903783
Ric8a,4.935242147556769
Inpp5f,2.5624217072539976
Plekhg2,3.641280066635918
Hsd3b7,4.5300671225724365
Mob2,6.907632370497112
Prkd2,4.3461214012890155
Wtip,3.6795120272269117
Zfp575,1.6313847920440392
Ccp110,4.130997109353372
Vrk3,7.0467950941293225
Efl1,4.874844120223103
AI467606,3.102848363836564
Zfp764l1,2.6701436847116646
Grwd1,6.226569368825314
Nlrp6,2.508129131772483
Pwwp2b,2.8899619285038196
Spty2d1,3.4139832320319647
Mir9-3hg,2.8621003917432533
Trim68,4.381493836055424
Numa1,6.403328480616881
Psip1,6.942221919802431
Acp7,3.715527085437063
Ano1,3.236807607962698
Spred3,2.519148186794117
Faap24,3.033231099261082
Ints4,7.257248281196337
Rrp8,5.01062925923537
Unc45a,4.6736648629034105
Igflr1,2.779807730545078
Sf3b3,6.170886834439968
D8Ertd738e,9.875731610757299
Usb1,4.063936020660385
Champ1,3.790987249789069
Ces2a,1.7315232778124612
Smim19,8.342331458077567
Exoc8,3.9812678407934263
Gadd45gip1,7.982140845109609
Plekhg4,2.0524614754292254
Phkb,12.326456759251064
Arhgef18,3.3763047298438487
Mtus1,8.481247571541681
Dohh,7.976313426039972
Psme3ip1,7.760544602480884
Enkd1,2.1799359447006412
Snx25,4.807035373311908
Taf5l,5.542467211279153
Prmt9,3.551086783315641
Zdhhc7,6.786239194763368
Snapc2,8.00994605638362
Gpat4,5.123944950870005
Cpne7,2.611642548505608
Cyp4v3,2.771496233444152
Dcun1d2,9.392397762155982
Ankrd10,7.24948946498342
Cog4,8.476664852716345
Myzap,3.5770327788853016
Clk3,5.866001076331064
Hinfp,2.607979688316512
Lars2,5.755982493332975
Dennd4a,3.243479795009229
Xylb,2.2898983287973245
Imp3,7.978986718739108
Cmtm7,4.425186189361283
Ano10,5.902605331917466
Slc22a13,1.9051473025216816
Alg9,3.6467457565480306
Plekho2,3.7711983874080843
Snx19,5.49117450527051
Rpp25,2.1270933131941487
Mapkapk3,8.652527341164413
Acad11,9.081923467647696
Oaf,4.2028671404105005
Cd276,3.8123396512258303
Slc6a20a,2.0683036600921945
Phldb1,5.336464291789731
Lrrc49,2.630178343496846
Bbs4,4.692794638530941
Tcta,7.824523709996446
Slc6a8,8.949033840096277
Pls3,7.935341554707025
Cenpi,2.179330426896603
B630019K06Rik,2.4357671739077293
Nudt10,2.8457171399278978
Ezhip,2.4670391148605817
Septin10,3.160265955238606
Slc6a15,2.204103871713585
Pan2,3.551084115163931
Pwp1,6.936625774415991
Gstt3,2.7067776927363845
Rdh9,3.5608347759995724
Upb1,2.5442272724816832
Apof,1.980639052108624
Chchd10,12.981611692890974
D630029K05Rik,2.3049915217713983
Fig4,5.602973844486409
Traf3ip2,4.780591208078023
Ttc41,2.510380976761147
Csnk1g2,7.373740001480563
Tmem263,8.726758742506965
Cep57l1,3.16674493902381
Zc3h10,5.098001103346752
Ncln,5.760728102143058
Nt5dc3,9.125362865608539
Nup107,3.356718762419804
Calhm5,3.752722450570728
Mgat4b,6.994625031013624
Mbtd1,7.457615128401817
Epop,2.4475899602905318
Psme4,11.584692032801966
Xpo1,8.431492875622256
Fbxw11,8.919955195924741
Sec14l4,2.2399554736514076
Smg6,3.165329414321434
Tmed4,9.737368726446629
Slc35e4,3.9263968733537316
Pnpo,5.675105612155282
6330403K07Rik,2.0784005022218315
Tbc1d10a,3.021225799119042
Tubg1,8.153823252401544
Pex12,6.891443998824781
Mien1,8.882816366040071
Tmem98,3.573825078746097
Tmem17,3.434218106745597
Tubg2,2.44347450997808
Slc25a41,2.6812487057543195
Dnaaf10,4.943338738442481
Maml1,3.511022963457087
Zfp692,4.6379280409230885
Cuedc1,5.539788834342969
Inca1,3.5681739160792176
Nt5m,5.651842932094408
Hoxb2,1.8504042066908344
Rpn1,9.481932618469228
Dnm3,2.7787941427730054
Gpc5,2.379379965983827
Gck,2.9989257475771844
Rtn1,2.3429209057464333
Ctsq,1.9630851455418525
Qsox1,3.2094749495042767
Cdh22,2.661773830272421
Synj1,3.935513421771685
Synpo,4.293186182851063
Sncb,2.695994022315849
Nxph3,2.907377872331343
Nxph4,2.517156816013525
Wdr7,8.74037254920509
Cyp27a1,9.37560873592675
Itga9,2.5284114743788053
Adcy4,4.734217482822271
Adcy3,2.2971579556394457
Acly,6.4247206098016685
Ndufb11,12.199272782574383
Etv5,2.762643936292044
Ces1d,9.055477021811326
Gldc,2.2174049414944377
Sbk1,7.702782306489699
Chil4,2.229695617678964
Blmh,7.413195705687276
Rhoq,11.508967747581698
Slc6a5,2.1351791415411028
Cabin1,3.288724363971948
Cdc42ep2,7.391795284826336
Kdm3a,6.504515147762901
Tex15,2.096539141946162
Arl1,10.54196581888894
Csnk1d,7.267373691079432
Gas8,3.427893055201787
Zfp120,5.421531411612574
Zfp119a,3.4044460393383784
Isl2,3.101611337697705
Meig1,2.000166717605111
Snora65,3.0209637812381813
Barhl2,2.739291881060186
Rcor2,2.1980657339334555
Rhox9,2.8451962102345125
E2f4,2.722740248782021
Pcnx3,6.4253299104510875
Bap1,7.983055672674616
Dgkz,7.905736515502326
Npffr2,2.4914596375233784
Rexo2,9.278923983003727
Cdc42ep1,5.812687144019985
Bacc1,6.846633276294771
Rars1,8.610250215417514
Ccdc117,5.50529166180841
Ppp4r3b,5.996651494290106
Rprml,2.2063601699187916
Mycbpap,2.6365407073813483
Cnot6,7.027103421989826
Tsr1,7.863550920969463
Slc16a6,3.343811264288204
Pik3r6,2.5892384649776563
Ttc7b,8.825472585468907
Ddx1,10.320969780463317
Sptssa,9.27039388035403
Tedc1,1.9939803386160866
Pld4,3.514738681982766
Jkamp,5.4749744368685755
Aldh6a1,10.705882060235334
Vipas39,5.893167151753391
Fancm,2.423081292120681
Aspg,2.276624392444879
Ptpn23,3.0526117947225035
Cbll1,6.725633116520602
Tecpr2,7.464175456940914
Spata7,3.1349705271135253
Tdp1,2.792249706957366
Tmem179,1.961736664984257
Rab15,3.071207701913071
Slc25a47,2.925662034273875
Adi1,9.605461921760892
Fam110c,2.300564737094551
Dnal1,2.491190401397626
Lratd1,1.8712776721586304
Rdh14,9.465364965122106
Pelo,4.178068579748505
Iars1,9.691930008198385
Arrdc3,8.331145809240255
Nhlrc1,5.501993117265347
Rnf44,7.870041921708361
Txndc5,7.544659483225234
Brd9,5.868570938529085
Cdk20,2.8315701110257727
Epdr1,9.476793766306882
Golm1,7.619652524798718
Akr1c18,2.2812776984835854
AW209491,7.368385561156761
Dusp22,8.762718050273211
Slc17a3,2.0182243445889205
Utp15,4.200074519217373
Slf1,6.1663351830277335
Akr1c14,3.549384134477936
E330034G19Rik,2.058973697921789
Fam149b,5.686697995979806
Slain1,2.1229894527552227
Kctd9,8.528856198491829
Dock9,7.731803819856581
Gmpr2,3.3259191513645288
Mmrn2,5.816627865822714
Abhd4,7.752554992105321
Exoc5,8.3229001000794
Chmp7,8.48765295539416
Ankrd28,8.001933418073833
Mbnl2,11.250736419057981
Zfp957,2.122092057138705
AU040096,2.925177158360624
Dph3,4.911295062011246
Phyhip,2.0997785789104597
Thtpa,5.86795957827486
Rcbtb2,5.593845952534082
Ppif,7.354430511606555
Mycbp2,8.379911324975463
Ano6,7.655284997576658
Slc38a1,2.2455075002337037
Fam83h,1.8506430399368714
Tigd5,2.437982476017776
Scrib,5.3145798076520565
Kdelr3,3.8753240284529475
Prkaa1,5.904694026218259
Amigo2,2.3349977372695894
Ccdc65,2.7338726493182066
Sgsm3,4.5664192987041465
Mtbp,2.4488822109374624
Dennd3,3.431077109542675
Card10,4.609975116386932
Lmf2,5.823103698161134
Mal2,2.472732475174022
Nckap1l,2.698148253103845
Csdc2,3.293664225841107
Krt72,2.534403008840678
9030619P08Rik,2.1908893381507695
Espl1,2.318431615602632
Tafa5,3.2383691090051623
Topors,4.0275731241442445
Sharpin,7.461033598404015
Gga1,4.536718154957228
Prickle1,3.683167414023771
Fbxo4,3.7168543470488324
Rimoc1,7.771567449867938
Slc45a4,4.186992181382508
Mfsd5,5.4103924527836895
Cggbp1,6.97350981474204
Txndc11,3.613686644512988
Zc3h7a,3.2060855124291976
Qtrt2,3.066791410277921
Ncbp2as2,9.307411163485483
Rrn3,7.28997138884704
Osbpl11,7.873728125002811
Nsun3,4.204401377569293
Rfc4,6.607082591081181
Ildr1,2.2417357036841534
Ypel1,2.26211855161066
Eaf2,2.0361793106789343
Srl,12.88601153198993
Slc51a,2.1526622218791434
Stk38,7.939539227226395
Gpsm3,3.236566659121712
Pkdcc,8.852078153506612
Tecr,11.355853735035138
Ldhal6b,2.1915033954309955
Ppcs,6.283836653046492
Dlk2,2.584277168325401
Rab31,3.198664267614221
Fam234a,8.359119596928469
Nrm,2.283029065052761
Scaf8,7.3942325117831595
Ankrd12,5.164349622051193
Wdr90,2.3299180323372783
Trip10,9.270091786282057
Ift140,2.910277477839275
Vmac,2.4325140874484945
Cyp4f15,2.1241437656877715
Smim29,2.933999023286748
Rpusd1,2.8719994149328607
Catsperd,2.312173223020592
Ticam1,2.8909496576772824
Ttbk1,2.6213527621991672
Stap2,4.508366208098235
Dhx57,4.808760803971442
Tcf19,2.7343249970576498
Oard1,6.541001749669593
Unc119b,4.5894484112278455
Abhd3,2.8822395632604554
Tnfaip8,3.8245643908752336
Afap1l1,8.188991813793647
Smim3,3.0175940326826116
Hmgxb3,4.7417275926561855
Kctd1,2.7411054528489025
Slc39a3,4.0695301110698745
Arap3,4.397659475259521
Slc39a6,3.42440404409106
Gramd2b,5.882679565517289
Me2,3.2258039374837146
Fbxo38,6.28364280651155
Lars1,8.550953589359677
Psmg2,8.725986469470024
Lrrtm2,2.277190972111424
Wdr74,6.438768398458947
Rrp12,6.5726578839896534
Cyp2c50,2.2207322110714682
Glyat,2.677244273883788
Gpr137,2.6823048728859433
Btaf1,6.015838752929182
Uqcc3,8.183517452945244
Ffar4,1.866892591224719
Macrod1,11.389713150438093
Carns1,6.829703486632727
AI837181,7.611341459701873
Kazald1,4.74634234506819
Otub1,4.217147049040005
Yars1,5.462578671766771
Psat1,3.3914887673506744
Vps37c,7.7531611534441724
Lpxn,2.139150732175951
Trpt1,6.731452869806653
Gbf1,6.445107010005202
AW112010,7.414161845527844
Kank1,4.196148916446516
Tm9sf3,7.713433970743599
Exoc6,7.82189613536127
Fam111a,3.8300775382046215
Slc25a45,2.658510083025474
Brms1,3.224400271413375
Hat1,7.906278829692591
Unc5a,4.109428743731011
Unc5b,2.922018741726143
Guca1b,3.3001221476212925
Atf5,7.157364985842695
Eprs1,10.255090049818092
Ssr1,5.899339933327663
Lgr4,8.40814782906312
Ece2,2.353631143211492
Gimap4,6.240115290608277
Il1rl2,2.6571399959476794
Magee1,1.999619412377287
Arl2bp,8.066661851222799
Wwp1,9.73401747055687
Nt5c3,9.602810836238094
Col16a1,4.87371865672663
Ovol2,2.2460060664714825
Osr2,2.459255045172521
Mylk,4.295331616379255
Rdh1,1.778115317030437
Nod1,4.670655772594439
Pi4kb,2.788673872867458
Uap1,8.520701630084611
Coro2a,4.311951456391761
Rnh1,8.650234424451952
Slc12a6,7.077582849894995
Mrpl10,7.525653590731117
Mrpl41,2.5716420089986696
Mrpl30,11.694571840320116
Rapgef1,7.223459431142472
Aldh1l1,4.640205250905461
Lgals2,2.6846225131109454
Ankrd1,5.997489886997559
Haao,2.836029805590266
Scamp1,5.024815207949286
Tm6sf1,6.804275485558374
Tm6sf2,1.9929576866077714
Bmyc,3.9741136113494586
Scml2,2.110835940127864
Jmjd6,6.443651530151286
Nsd2,2.285903513753019
Thoc5,5.9114271331634285
Adgrb1,2.5788581107929676
Usp9y,2.0416404390543605
Cth,4.330620163828996
Gcm2,2.172718905823006
Chd4,3.6468066433615145
Celsr3,1.9930066813888014
Pom121,5.272180544601613
Cdk9,8.61159663901205
H1f6,2.5111063351790768
Frs3,4.142417854938329
Pacs1,3.8377301747873904
Babam2,6.953980425684836
Ddb2,3.76211414507087
Bfsp2,2.1435226862096433
Cdc20,3.0704136272389113
Gtpbp6,2.9064477109348528
Cenpf,1.9093884894644895
Ap4e1,6.903142611141919
Ap1s2,2.879164434257825
Celf4,2.0391300061735573
Srsf9,6.379219885078419
Chrnb4,2.2007207530600983
Fxyd4,2.409187328391225
Igkv6-15,2.1112024634904683
Lin7a,2.8749875437477814
Shmt2,6.350582391582054
Chrnb3,1.9437370996746772
Slc14a1,2.458793867396912
Camk2d,6.837848713778126
Cstf2,4.136122692273573
Eif2b3,8.322169179203959
Grm2,2.795344777877034
Grm3,2.0930499037168913
Grm5,2.1457783120023524
Grm7,1.9488898066102855
Ltbp4,7.025659862254424
Skic2,3.6424648180363035
Olr1,2.311166356288647
Prkaa2,11.559977839064645
Pip4k2b,7.3427275304259565
Rnf216,5.977159883651711
Rnf144a,2.993348961395114
Slco1a5,2.021800711700019
Prkab2,9.734980182231274
Med21,8.011795964044573
Prkag2,4.66130839635162
Baiap2,2.4709655777949338
Fermt3,3.261905962028777
B3gnt5,2.0835824312327715
Eif4ebp3,7.005986027817809
Slc22a7,2.2146506107693793
Slco4a1,2.560717690030741
Slco3a1,6.584009937332006
Napg,6.696252576111696
Napa,7.53488931953371
Xrcc4,5.295967751020611
Taf9,9.533195981404722
Atic,5.2304785622892185
Galnt2,7.9263571665166666
Galnt7,3.625171890280131
Sema3d,2.3501324961809544
Adamts7,2.4176009848650057
Ogt,8.834577048046569
Mthfd1,7.634272337918238
Ubxn8,3.663002145587516
Fam50a,7.886912366579689
Npm3-ps1,2.893628025984531
Mat2b,9.312766759138642
Slc35b3,4.331813492250748
Rimklb,2.747887445826588
Fam210a,7.557421585739085
Foxp1,3.216778161995991
Rnpepl1,8.895769653648435
Rnf187,8.13082431880373
Atp6v1h,7.120118471270589
Epsti1,2.278692042890719
Dnajc9,8.091526849635647
Zdhhc15,2.366680695962818
Ccdc86,7.627868542373534
Cops8,8.8511570082811
Gpt2,10.571105177565679
Ccdc88a,3.8925084772748284
Edem2,4.248437492211941
Stn1,3.8911996066282732
Chn1,2.9030185849846344
Pttg1ip,8.309878620872363
Slx9,4.064361868036796
Card11,2.736063777725693
Sft2d2,3.9273275185256744
Lyrm2,7.4349307091943855
Galnt16,3.4261452457468806
Pnrc1,10.63931763010058
Mex3b,2.564466132382074
Ston2,2.224030697005627
Ccdc122,4.233410356047009
Flacc1,3.869210109109583
Jmjd1c,8.565542674007164
Tmem74b,2.6926315940595953
Ibtk,7.5732144300589
Rdh13,4.84426759661782
Mtrf1l,6.745385290104006
Atad3a,8.189286759949459
Aif1l,3.1444725858098814
Zfta,4.926510202120064
Fam72a,2.1934056248700196
B4gat1,7.485723110420111
Tbcd,7.393270596858419
Nusap1,2.687577811385866
Rcc2,2.700408144304119
Cdca2,2.372117739743688
Lhfpl6,7.9794309294135095
Smim13,9.797090546826043
Trmt10a,3.2023662787431775
Zzz3,6.755652594776329
Ppp1r15b,2.4911609421606675
Miga2,4.7397516663745645
Irak2,4.972609671667324
E2f8,2.3195002891540373
Tpr,8.624039467544101
Tbc1d10c,4.806638310467213
Ciapin1,4.366377547771424
Nabp1,5.771825825041186
Cavin3,3.957162781880779
Inka2,2.8402294997527036
Krt75,2.276416128775995
Pfdn4,7.343556669922098
Dnaaf2,2.844378882111167
Exosc4,5.789946676360164
Ints5,4.003293050227961
Sephs1,5.266889834240865
Fbxw17,4.46876233252062
Rars2,8.156916350749851
Slc30a9,9.653037949165922
Uhrf2,4.147903033827386
Supt3,5.433535574072711
Mmadhc,10.503151967372576
Plekha5,2.219266505406788
Mmaa,4.497926509253652
Gins4,6.817798329112056
Chd9,7.396788049538039
Mlec,6.955180226429605
Ube2q2,8.770107452332589
Atl3,2.384749803336833
Trip11,2.7547376445197145
Sobp,3.3071068376001853
Pimreg,2.288932852154311
Tmem139,2.1704342911143555
Rarres1,2.489098414340453
Ms4a7,3.035614102871629
Fam118b,5.625545877517028
Sccpdh,7.8665113161682365
Mbd5,4.852587747118729
Kif24,2.026798500937623
Lrrc39,9.470823709881925
Tspan9,4.263439143587182
Adtrp,2.242415915844195
Rlf,2.88694432472291
Me3,8.503326934116707
Ssc4d,3.252799774121316
Prr5,2.7601608248269436
Mybpc1,11.545995158933854
Actr5,2.9193721325179225
R3hdm4,6.3836722742508245
Tmem250,3.6599054927461867
Orai1,5.648811452756717
Prr9,2.370037445269498
C1qtnf7,2.487372047765206
Rnf20,6.1303597648166805
Pkn2,7.429383566003729
9230102K24Rik,1.985616855111117
Slc5a10,2.3714486092594553
Ankrd39,4.014701978327465
Fam163b,2.1885730763509676
Abraxas2,8.021275851282676
Sri,4.3017356459641825
Lmo1,3.489870434109536
Dsp,2.1930352340836654
Cald1,7.658587185991256
Upk1a,2.6243622500734407
Npy,3.1654220923306156
Acy1,3.925012601640884
Txlna,3.983498498231342
Ctrl,2.2805078096969242
Cyb5a,8.516184938917226
Ampd2,3.6537342967463213
Ank2,7.7126269164678325
Hyal3,1.9281990332793129
Arrb1,4.656417336450386
Cpa1,2.269025717900465
Itga1,3.5222418185243893
Actn1,3.254587900872814
Maob,8.732436296128128
Cyb5r3,7.411318521859658
Blvra,6.154489351540522
Pgm3,3.2724362316140514
Clps,2.1309474035917666
Glo1,9.504637386985905
Selenos,8.170389402129176
Pgc,3.492235445228006
F11,2.3656127464187775
Cbr3,3.4882446299255085
Braf,2.286016909254288
Mzf1,2.119651434020318
Asl,3.627797913209213
Cela1,2.8249390327417743
Mcf2,2.348570165691038
Zfp91,9.036684950627825
Zbtb25,4.776044460196797
Abr,3.079935741023458
Art4,2.122527049332357
Art3,10.254164984211181
Gusb,4.063675472304951
Tpgs1,6.461665950995457
Kif22,2.8169165551721798
Syt17,1.9464564800128556
Dut,3.327659140726316
Pygb,3.649000036416128
Dnah5,2.117227076878993
Dnah12,1.6940021062774486
Dnah1,1.9194068742935926
Phka2,4.633524375627025
Pygl,4.69735592060557
Nop2,7.161137843994102
Cyp11b1,2.065859072682695
Mpi,8.47415274042231
Fgb,2.2483036727844516
Ehmt2,5.375749821453385
Raf1,9.989279434231648
Gpr18,1.8584894437663635
Slc35b1,9.102267887487779
Manba,4.066676443041974
Dgkg,2.1804660945530707
Akr7a5,8.796867683668179
Pgd,7.256267916703071
Tmbim6,9.895117597493872
Triobp,6.224077092962577
Msra,7.077858487226979
Bcr,3.2568029931790563
Glra3,2.1730333754287114
Krt5,3.079673294260307
Krt7,2.265677804734804
Pmch,2.4249223686938572
Cox6b1,13.438527082095197
Tas1r1,2.027666362623016
Dync2h1,2.52047055263816
Rap1gap,3.4250810012970434
Grk2,7.653420444605021
Sec13,9.12794330390958
Shroom2,2.3994722439816583
C8b,2.1427963508359174
Qdpr,10.040040993549326
Pigh,2.8716716577068504
Acat1,10.555290610853325
Ly6a,9.733653784266908
Acat2,4.912795824228291
Dgkq,2.2600437131987494
Adarb1,2.5848802807039912
Amhr2,5.652196988348799
Prdm2,6.413278160389083
Timp4,7.864012437466208
Arhgef28,2.4518381075435474
Fntb,3.942790272581876
Hdlbp,7.963367862073835
Atxn3,2.4157862727563755
Grik4,2.669456819125077
Prps2,2.896049587913243
Lmx1a,2.196260212108316
Aldh7a1,2.9961988949618736
Chaf1b,2.2775436828608826
Cse1l,9.315590553134538
Adam33,2.6310731128789953
Iglc1,2.3954380139880853
Iglc2,1.8948428467537781
Adgrv1,2.14426557537164
Tshz1,6.161329932208031
Srsf1,8.675020963520739
Pwp2,5.55611972135416
Pcca,8.544719098993227
Etfb,10.513493470761555
Lims1,6.471469801333467
Chrna3,2.1651702373307127
Chrna5,2.145824926712125
Etfa,11.094405470091148
Ptpa,7.086538265166183
Pde6c,2.715286293378059
Scn2a,2.4408559882591887
Slc18a1,2.475312840402559
Scn4a,9.339032207611325
Gabra5,2.307700043349118
Slc8a2,1.9843534570083416
Slc8a3,4.580723211871441
Chrna2,2.09656012426251
Cds2,3.692203608187471
Hspa13,4.931836947690814
Atp6v1b1,2.1865912868954855
Hlcs,3.714666300172341
D1Pas1,2.1825053810735295
M1ap,2.1657317570504433
Nudt19,9.242548674827113
Tars1,8.431006710352664
Mbd6,4.465936047950081
Erc1,4.943788098035914
Taar1,2.144734908670094
Pecr,7.556086291183102
Igf2os,2.7408419440739418
Dxo,3.7076249537922497
Egln1,9.556825595955251
Egln2,8.938416211108978
Egln3,5.583483320834113
Zfp607b,2.8068314202502376
Ugt2b37,2.19589066607104
1700102P08Rik,2.281436367985292
Ifit1bl2,2.8248765541489136
Zfp979,4.129969192219356
Pzp2,2.258169125775068
Aanat,2.351919057506489
Aatk,2.3506023066242236
Abca1,5.585463863488267
Abca4,2.6005329421036283
Abca2,3.6557946474935625
Abcg1,3.1551759399710506
Abi1,6.6829227769493365
Abl1,4.217031925869463
Abl2,6.183786576139869
Scgb1b27,3.494059642250465
Acadl,11.656202018769847
Acadm,11.275980064125884
Acadvl,11.298563131298387
Vmn1r47,2.172232525657791
Vmn1r43,2.0294625471642656
Vmn1r42,1.939969584266666
Vmn1r54,2.278499058077062
Vmn1r50,2.13693628490289
Vmn1r53,1.9229335187726229
Vmn1r40,2.0111332132784625
Vmn1r46,1.968388082704412
Vmn1r41,2.0935177585170877
Vmn1r29,2.534902351475479
Vmn1r11,2.264774414848041
Vmn1r13,2.2072763180002473
Vmn1r15,2.304586128697164
Vmn1r14,2.244903274823819
Vmn1r25,2.130985708309363
Acaa1a,5.194198595557799
Acads,7.669352564102206
Laptm4b,8.727916240602953
Cldn16,2.0339534050602968
Foxp2,3.109994457924758
Atp6v0b,8.7762277463822
Slc33a1,5.127261563811792
Asic2,2.194152644344655
Asic1,2.2443241677565453
Ace,6.160281254184372
Kiss1r,1.8786921310076439
Aipl1,2.4810049010063313
Ache,5.3074144120145546
Npnt,2.3430717672665042
Dok4,2.6926976278926382
Apoc4,2.5411604606735594
Macf1,7.522684715704064
Aco1,5.89801545290522
Aco2,12.87574191329846
Palmd,8.18696393544357
Slc28a3,2.418237733234942
Acox1,9.563000364550005
Acp1,3.183821064967331
Acp2,4.808846283217373
Lyve1,4.627366856444746
Acp5,5.281510292441223
Acr,2.2199712897351596
Chrna1,5.851281810324047
Chrna4,2.5357163186132197
Chrna6,2.1139738419650045
Chrna7,1.9809669838158115
Chrnb1,7.541782115571254
Chrnb2,2.4250911218242197
Slc5a5,2.130076637002721
Chrnd,2.43381533759435
Chrne,4.896044082104583
Chrng,2.230684704170032
Adipoq,9.809908084720023
Acrv1,2.3223904606886046
Zbtb21,3.4404596918891968
Krt82,2.0859360945655756
Crip3,2.9954525945990262
Clic1,4.996502507320792
Acta1,14.812886957803464
Ehbp1l1,8.830732939003967
Zmynd10,2.1562814936551367
Prdm15,4.194521232674484
Tle6,3.3305452544188054
Elac1,3.918811523994398
Actb,11.386502624784884
Pth2,2.233817263675457
Rpl31,3.7895526190880813
Brdt,2.586605396726301
Oas1c,2.4309386505815236
Slc13a3,2.680483885274905
Actc1,12.015322536504323
Ly6g6d,2.3724400333863467
Prss28,2.1950361515513026
Prss29,2.20366926401821
Impa2,3.250015413938955
Hsd17b11,5.803605964252477
Krtap5-5,2.0268807271737828
1700007E05Rik,2.5504160778275087
4930433N12Rik,2.280602982677381
Gtf2ird2,4.542565828074945
Selenom,5.7186156307186735
Actg2,3.1755292336953787
Actl7a,1.9380884102653286
Ferd3l,2.021732169294968
Rasa2,4.278001409710468
Rad51c,2.2128174094017203
Spred2,3.088230480210376
Actl7b,2.6023559153353752
Actn2,11.81757378480657
Supt16,3.4382584225067823
Actn3,14.219965766116204
Acta2,9.370463072955168
Acvr1,6.479004067511397
Acvr1b,2.9211575666152236
Acvr2a,5.882296602513488
Acvr2b,7.1799729562157815
Acvrl1,4.10234132242279
Aspa,5.724034333747128
Plpbp,5.776992011324666
Ada,2.4190251419914186
Psg28,2.0266689727354805
Dscaml1,2.2244829414501788
Ddhd1,2.6158342594038335
Plcz1,2.1268468042487747
Adam10,4.264145644892896
Cygb,6.017744176836163
Vsx1,2.1821363236063562
Adam11,2.147980043074183
Dcun1d1,7.445565866320837
Afg3l1,5.124020812696606
Adam12,2.237232753728859
Adam15,3.3867621136992203
Adam17,5.889885404525887
Adam19,3.2154813996882443
Adam2,1.7358914426747944
Adam22,2.623907482778857
Adam3,1.975551826350584
Adam5,2.2627476733454555
Adam7,2.543534367495505
Adam8,2.6560524645520007
Adam9,9.580342570602658
Adamts1,7.654124074349291
Adcy6,5.901858750759053
Adcy7,3.3562084238197722
Adcy8,2.355290712142296
Adcy9,9.054483388602634
Adcyap1,2.5375416303628113
Adcyap1r1,2.423675309754108
Add1,7.822764890616001
Add2,2.784594032001152
Plin2,8.692710178534943
Adh1,7.115802558920232
Adh7,2.6590876627288176
Adh5,10.375754599784475
Adk,9.77519474836242
Adm,4.593096907149077
Gpr182,2.4009474619575886
Cfd,9.498053372015772
Adnp,9.218040898670028
Adora1,2.70016816333878
Adora2a,2.746393737378424
Adora2b,2.3750918742674565
Adora3,2.6120438616013533
Adprh,7.08383223485598
Parp1,8.28037240191269
Parp2,3.9858317902417064
Adra1b,2.5086540695645567
Adra1a,2.201627768178463
Adra2a,2.41268277295937
Adra2b,2.231811300999826
Adra2c,2.4035560881441014
Adrb2,6.961592463103912
Adrb3,2.680584021317603
Adsl,9.646222448770972
Adss1,13.001822486615675
Adss2,6.874235371581061
Avil,4.571295199872653
Aebp1,9.568451949975978
Aebp2,6.976210331135025
Crisp1,1.9896026771372082
Crisp3,1.9949307786092276
Afp,2.0012010982073467
Aga,8.145528736909297
Acan,2.351470122169863
Ager,2.4970611025470597
Angpt1,3.8250783032610887
Angpt2,3.8762742020567664
Angpt4,2.2119082539966524
Agrn,3.551327552373094
Agrp,2.0493482992996976
Gla,2.859051238591311
Agt,5.353264549822282
Agtr1a,4.905225424836114
Agtr1b,2.1989287074649453
Agtr2,2.110317562979089
Agtrap,2.9904083963793693
Agxt,2.1004498394470943
Nr0b1,2.2884340429554615
Ahr,3.628608572874921
Ahrr,1.9530655531119738
Ahsg,2.255761504325404
Aicda,2.249739316855779
Aif1,2.990537807544094
Crybg1,2.571761537759698
Aip,8.97078824930619
Aire,2.528274334462578
Ak1,12.188246608189113
Ak2,6.892993466077091
Ak4,3.1618017428141854
Akap1,7.50536129677985
Akap3,2.2320274209595232
Akap4,2.3553812949143578
Alpl,4.391148679108237
Akp3,2.136050614886537
Alppl2,1.9183381109858049
Akt1,6.296328779620732
Akt2,8.674259859461817
Alas1,10.137131478704696
Alas2,4.7704163752343485
Alb,3.0666390904339145
Alcam,2.7306419305171694
Abcd1,6.790845790361906
Aldh1a1,10.989585062029404
Aldh2,9.963182172281478
Fgfrl1,7.04477939428008
Aldh3a1,2.467310296756818
Aldh3a2,4.582746511103732
Tsga13,2.1413279590554706
Vps4a,8.997688729694307
Defb6,2.227266160448632
Lsm10,5.703420792606695
Aldoa,14.367377146232172
Aldoc,1.9027702970019338
Foxn4,2.497803340615579
Alk,2.520792413501304
Rims2,2.2974727436283575
Prelp,7.209613976991669
Baz2a,3.073013125114516
Alox12,2.5519741975411625
Akr1c20,2.2208737662795226
Alox12e,2.383560487008023
Alox12b,2.0085638673181982
Mta1,7.155679545689366
Mta3,3.6306870044207322
Serpinb7,1.8529643419614734
Stim2,8.650121059281943
Alox15,2.084659954750541
Alox8,2.3246433305423886
Derl2,6.074675621959973
Alox5,2.709652208850423
Calcb,2.045079841611742
Alpk3,10.620978312023821
Alox5ap,5.197299593272578
Tpbpb,2.7352079353162364
Slc19a2,4.659418702069655
Gfer,7.658193382927975
Pnpla3,2.835507418924889
Tgs1,3.7697554145535768
Alx3,2.4746575918284326
Alx4,1.989238007451141
Tlcd3a,2.3270040288392257
Ambn,2.423391265872862
Ambp,2.271630005661035
Or5d18,2.246176899801701
Or5d47,1.731668558413349
Amelx,2.3376608261785017
Amh,1.6861408366568114
Cts3,2.0407127676507066
Pop5,8.689371508921768
Ube3b,9.496604953704237
Acsm1,2.185181798263465
Necab2,2.3368789661281077
Tirap,3.888648420051542
Pip4k2c,4.474473022350356
Scgb3a2,1.985723564035198
Ttyh2,3.36076844895595
Steap4,6.333623157305726
1110038F14Rik,4.427431760826007
Krtap13-20,2.3382290736776468
Ampd3,7.639873236789086
Bloc1s4,6.747603361207916
Ivns1abp,9.718864365982467
Mat1a,2.098117110030676
Stk33,1.7698581211443687
Amy1,9.074640763596454
Ang,4.712880220894543
Ang3,2.045434613487694
Ang2,2.6307252077184753
Ank,10.710853366859894
Ank1,9.942981259754964
Ank3,7.208743261809862
Ankfy1,4.19010887930811
Anp32a,5.062955655608477
Slc25a4,13.98117485401454
Slc25a5,8.73107680589843
Anxa3,7.106988235395948
Anxa4,6.702300206778612
Anxa5,9.375805064858783
Anxa6,9.471001775198685
Anxa7,8.703923458093415
Anxa8,3.179060076978405
Aoc3,5.713533315184805
Prdx3,11.141452833720706
Asb7,1.9277077645963219
Prdx6,9.899908992230815
Asb10,9.783124178687459
Slc2a9,2.0294305855591808
B3galt6,2.832386532590672
Helb,3.3300041805629554
Srgap1,2.238370284773018
Boc,3.433130727309423
Aox1,7.463627240533721
Ap1b1,6.386033148883539
Ap1g1,4.215778340507961
Ap1g2,4.244699706253026
Ap1m1,5.8376357007195026
Ap1m2,2.108676078751401
Ap1s1,6.308290013343483
Fabp4,12.579053495542082
Ap2a1,5.559539574948203
Ap2a2,6.666618189977345
Ap3b1,5.954866126560648
Ap3b2,2.268161059265216
Ap3d1,8.451804305878069
Ap3s2,3.452850502592893
Ap4m1,2.711493857057816
Ap4s1,10.564989047231032
Apaf1,2.646369982029772
Apba2,2.3781951890158712
Apbb1,3.466479017718543
Apbb2,9.532845102595429
Apc,4.213638820118021
Speg,7.85333310886934
Apex1,7.834669884586433
Atg5,5.8118223077248885
Birc3,4.487349029903741
Birc2,7.550275821746631
Xiap,2.7205930585437095
Birc5,2.5611562158513075
Api5,7.146670245962856
Cd5l,2.291033367757284
Aplp1,2.2168918648621267
Aplp2,7.598987120752649
Apoa1,2.3064327557326183
Apoa2,2.6153589965849022
Apoa4,2.5947741950558743
Apobec1,2.965376217353189
Apobec2,12.021919733312801
Apoc1,2.6946779720949974
Apoc2,2.461758659830098
Apoc3,2.4381368525599
Apod,6.337147113271942
Apoe,8.541810819577236
Apoh,2.3015323287769327
Nr2f2,5.42512294607216
App,9.53191556225634
Aprt,7.4622688646110005
Aqp1,10.944706766789743
Aqp2,2.3619491104963948
Aqp3,2.615528023385448
Aqp4,5.774703742432223
Aqp5,2.2229825806247594
Aqp6,2.520948369545323
Aqp7,3.4276977994462174
Aqp8,2.4839581537804536
Aqr,2.6485931551029296
Ar,5.8391643692134005
Araf,7.245684683818806
Arc,2.099701730676113
Areg,2.0353464575929956
Arf1,11.19072269693915
Arf2,4.737764211553789
Arf3,4.253686571034635
Arf4,8.496529504457001
Klf16,2.317880615299439
Gjc3,2.1082943680222392
Synpo2,10.235845992501671
Arf5,5.653085986473986
Mrps2,7.0736141717506555
Baalc,2.390681253033216
Gjc2,2.621429938444796
Arf6,8.350040440172142
Arg1,2.059770593485069
Arg2,2.3259915976798493
Rhob,9.87120888224235
Rhoc,5.697354034806154
Rhod,2.1076179661494487
Arhgap5,5.782772586288119
Arhgap6,3.836081210981149
Arhgdib,5.80254825876844
Phox2a,2.4954960295484785
Arl4a,6.292495091394156
Arnt,5.189339537044671
Arnt2,2.4699668898900415
Bmal1,6.792953248334524
Arpc1b,4.233804042024297
Art1,10.862999863851135
Art2a,1.9870362996138287
Art2b,2.181616999822969
Art5,5.203110035361305
Artn,1.998198398412563
Arvcf,2.8607682119983733
Arx,2.462338585889643
Arsb,2.750614474845077
Arsa,4.975285339401428
Asah1,8.646247347646812
Asgr1,1.9380288522683806
Asgr2,2.238884026459631
Rab27a,2.2711955729392783
Astn1,2.1629100455361256
Serpinc1,2.3708024640644294
Zfhx3,6.214479216677566
Ate1,6.083504274778317
Atf1,8.586966402683883
Atf2,7.8449512559468
Atf3,3.595414055508261
Atf4,9.758947555260923
Atm,6.013743252437535
Atoh1,1.9628678515717166
Neurod6,2.058948363686705
Neurod4,2.3669563608071225
Neurog2,2.173576165282062
Neurog3,1.8533993629228587
Atox1,8.044600106466648
Atp1a1,7.610023018072127
Atp1b1,9.597084023827504
Atp1b2,9.259798011931858
Atp1b3,8.975205916488678
Fxyd2,2.858705119371587
Atp2a1,14.056156886002872
Atp2a2,8.785051337093023
Atp2b2,2.2160840153172683
Atp4a,1.9993584948283754
Atp4b,2.9706037637180263
Atp5f1a,13.141197552483845
Atp5f1b,13.146383754432195
Atp5pb,12.367327063309894
Atp5mc1,3.1865707834332846
Atp5pf,12.692477627841361
Atp5me,11.971101150022657
Atp6v1a,6.843269088015377
Atp6v1b2,7.883624164984941
Atp6v0d1,8.920950141604171
Atp6v1e1,10.4301555232756
Atp6v0e,7.413643147637632
Atp6v0a1,5.352665234842135
Atp7a,6.070752477216696
Atp7b,2.7320005328764956
Atp8a1,8.88216191771845
Atp9a,5.4532775473413375
Atp10a,2.5250680959893343
Atp5if1,8.515094946199271
Slc7a1,2.637631708116084
Slc7a2,5.643837208796167
Slc7a3,1.87932686534555
Atrn,3.5007988588661565
Hnrnpd,7.252658633723449
Auh,8.640202464687526
Aup1,8.333579515487223
Pcdh15,2.061203119042158
Akr1b7,2.6944733648972474
Avp,2.3023012841813006
Avpr2,2.2446710859315675
Axin1,4.363451195388438
Axin2,3.3870254702896774
Azgp1,2.388444725338799
Cep131,3.5354494443910323
B2m,10.878828088468529
Baat,2.4388312804511556
Bach1,4.272760513335268
Bach2,3.5899343236395644
Bad,4.1704309206558365
Bag1,10.745599790006255
Bak1,3.4110563362102524
Nkx3-2,2.1750165903910355
Bard1,1.8570512480639607
Barx1,1.888729713761452
Barx2,2.3528750408061914
Bax,5.154614111663239
Bcl6b,4.3792535640322345
Bcan,1.9872305471864984
Bcap29,8.948909721833298
Phb2,9.634421144695928
Bcat1,2.3046329350883523
Bcat2,5.4376907312065415
Bche,3.0074262536041823
Bckdha,9.472160324186634
Bckdhb,9.186337340024322
Bckdk,9.322460657815043
Bcl10,5.724056426073357
Bcl2,3.0306513776714716
Bcl2l1,3.3367368894578076
Bcl2l10,2.066946511380587
Bcl2l2,3.1678540761635374
Bcl3,2.863216569990117
Bcl6,8.599937396985279
Bcl7c,7.837038556033733
Opn1sw,1.9163184626243641
Bdkrb1,2.0582529168955053
Bdkrb2,2.1780955294319937
Bdnf,2.5080427247971597
Bet1,6.344968206050754
Bex2,2.4871823425949398
Bex3,5.048513296024379
Bfsp1,2.554151112414852
Glb1,2.865241345544272
Cspg4,3.967246811261591
Mrps6,8.253180567987267
Bgn,8.68825389312828
Bhmt,2.46090997530209
Bicd1,2.41134002934737
Bid,2.627667589977392
Hrk,2.6747177630712446
Bik,2.7106555665368077
Bcl2l11,3.5671027654981864
Fabp7,2.2461254638681987
Prdm1,2.915069799085865
Blk,1.9824102357792366
Blm,2.58819045358233
Cxcr5,2.0123751172149222
Bmi1,9.366286819008783
Bmp1,4.104511546911748
Bmp10,2.5891546732983484
Bmp15,2.0439894172217623
Bmp2,3.253337081492998
Bmp4,4.0470611276167565
Bmp5,3.9751877378607197
Bmp7,2.1871053369650233
Bmp8a,2.6051747009589747
Bmp8b,2.335924572213983
Gdf2,3.4321198816798053
Bmpr1a,7.56354811251284
Bmpr1b,3.023110811279832
Bmpr2,3.959787369530542
Bmx,2.566370500092635
Bnc1,2.2176332078097403
Bnip2,9.201857956587537
Bnip3l,7.3204048432251305
Smyd1,9.158887450439332
Bop1,6.170184427462239
Bst1,2.1160167276434287
Bpgm,9.779308239164221
Brca1,2.250494236189871
Brca2,2.826251135295918
Zfp36l1,3.771878926561849
Zfp36l2,2.2353409540848035
Brs3,2.1322817044106257
Birc6,3.131964171453598
Chic1,1.7384607892013904
Bsg,11.889997398741139
Bsn,2.350561277991886
Btc,2.684572753426543
Klf5,6.273240638810877
Btg2,6.142348536827079
Btk,2.3252963203585466
Btn1a1,2.3107362558228473
Btrc,3.1396484257630455
Bub1,2.0774523230473645
Bub1b,2.2644488836479444
Bub3,7.520916481007575
Commd3,9.324082379691314
Tspo,6.767404972410023
Serping1,9.73700740642991
C1qa,6.268990183096399
C1qb,7.481366415454132
C1qbp,10.896423424051994
C1qc,4.999158478578662
C2,3.159595421988403
Ciita,2.2577763373319386
C3,8.94190071533653
C3ar1,2.264029323933678
C4bp,2.228139867578796
C5ar1,2.86811849133958
C6,2.319602546624164
C9,2.194583466951045
Hyou1,2.8820707780944192
Cab39,7.712803443519195
Cacna1a,2.5834217097336682
Cacna1b,2.151273491120913
Cacna1d,2.2656655948505655
Cacna1e,2.465776150207543
Cacna1g,2.3269612740451575
Cacna1s,11.250501462078153
Cacna2d1,8.330777040230616
Cacna2d3,2.6499137924700134
Cacnb1,4.283001400474246
Cacnb2,2.2881118440104475
Cacnb3,2.3914460067242884
Cacnb4,2.332140783725355
Cacng1,10.58711287375239
Cacng2,2.7967493457937707
Cacybp,9.644908788934195
Pdia4,3.2120525051489843
Ddr1,4.408177855516274
Anxa2,8.854898271519266
Calb1,2.0309144740522727
Calb2,2.169491816950258
S100g,2.2887886933389785
Calca,2.2076748173876903
Calcr,2.675284590825782
Calm1,11.655826955559945
Calm2,11.774767433581074
Calm3,9.202256531858538
Aspm,1.9580073997788838
Calr,8.169884629151948
Car8,3.294387121173422
Calu,9.81422926007432
Camk2a,7.392566354778521
Camk2b,8.745685475213616
Camk2g,10.165760666507628
Camk4,2.137071227703658
Caml,6.142770941504746
Canx,8.865724061398375
Cap1,2.558590768001695
Capg,6.715887488439795
Capn1,6.421568142474201
Capn2,8.755040048280877
Capn3,10.551766929543406
Capns1,9.95287982053673
Capn5,2.1871947374708065
Capn6,3.104760211360993
Capn7,8.858021597890652
Capza2,11.350022033265155
Capza3,2.09102078275908
Capzb,10.465982585762504
Car1,3.0038308088386874
Car11,4.7668780669347335
Car2,6.147221055935881
Car3,12.426008917602106
Car4,5.169720196502313
Car5a,2.2273886027284884
Car6,2.1066773649398667
Car7,2.7256827833159747
Nr1i3,1.7777749594096999
Cat,10.316930846375897
Cask,3.7448563286204366
Casp1,2.591510938449392
Casp4,2.401517098335355
Casp12,7.281304290239492
Casp14,1.921560305323629
Casp2,4.323661054879751
Casp3,2.0025573386776467
Casp6,3.773176085512129
Casp7,3.421154075325081
Casp8,4.530639250191582
Casp9,3.1845657640439686
Casq2,7.039520150893419
Casr,4.362990396130894
Cast,8.645209597632656
Ctnna1,9.166841672207873
Ctnna2,2.1993996673777563
Ctnnb1,9.585287006272631
Ctnnd1,4.520368454768885
Cav1,11.170026143585675
Cav2,9.654562803809897
Cav3,8.236839590084434
Runx2,2.5486760555130306
Runx1,2.822670565377083
Runx1t1,3.345518832204686
Cbfa2t2,3.5569587779949985
Cbfa2t3,6.5928828445728485
Runx3,2.260547192252496
Cbfb,11.38509728174514
Serpina6,2.077925821106438
Cbl,2.392614197913273
Cbln1,2.125391450789977
Cbln2,1.9681906574977823
Serpinh1,9.391987250096623
Cbr1,5.813304641463493
Cbr2,8.614751987336058
Cbs,2.5703722188173868
Cbx1,2.5276728108645816
Cbx2,2.135439189376106
Cbx4,5.411679102418359
Cbx5,3.820668308692533
Rb1cc1,7.3414616104397155
Cck,2.1006996064641994
Cckar,2.0312993549455682
Cckbr,1.9815833123331814
Ccna1,2.361853706694595
Ccna2,2.7155342396586994
Ccnb2,2.4397902760921584
Ccnd1,4.881327564572456
Ccnd2,4.869948402893264
Ccnd3,7.184539720913293
Ccne1,2.811181617342297
Ccne2,6.153707687322282
Ccnf,2.4157071533826135
Ccng1,11.756689019183817
Ccng2,8.068339458223095
Ccni,8.970311845160117
Ccnk,6.094627675088387
Ccnt1,5.249984238586285
Noct,8.181504045371195
Ccr6,2.2696017480779624
Ccs,5.25087968526069
Cct2,10.383045860381188
Cct3,8.970691330890203
Cct4,10.76203745475604
Cct5,10.58241264560009
Cct6b,2.353116980503693
Cct7,10.317597470617835
Cct8,9.359023675551757
Cd14,2.507194517428594
Cd151,10.0398205991144
Ctla4,2.2721005124050504
Cd19,2.6502454694400845
Cd1d1,4.282460726121578
Cd2,2.707733369280666
Ms4a1,2.2705007593570627
Cd22,1.9735370772414258
Cd24a,11.307820478359085
Cd28,3.5363308173274706
Cd2ap,3.72597014283739
Cd33,2.057495326972643
Cd34,8.927190575039596
Cd36,10.642374071062422
Scarb2,9.213368046400317
Cd37,2.535783826941289
Cd38,4.5671861502783555
Entpd1,3.151553958213395
Entpd2,6.626056924526981
Entpd6,4.498207952796409
Entpd5,4.0631934597024015
Cd3d,2.0164673917363385
Cd3e,2.5865221982620916
Cd3g,2.0341798441487597
Cd247,2.3603036466253915
Cd4,2.465537478895341
Cd44,5.1418351055677585
Cd48,2.9555786761842366
Cd5,2.087110556088103
Cd53,3.8698905937055876
Cd59a,7.072738351576112
Cd6,2.309306555253449
Cd68,2.7505729729293846
Cd69,2.0836374786856533
Cd7,2.056005699708038
Cd72,2.53608361917978
Cd80,2.0893248370687174
Cd81,10.277708674026362
Cd82,5.0448477165964425
Cd83,2.6250811389776643
Cd84,2.584893555625149
Cd86,2.5158782843180068
Cd8a,2.4113623523486845
Cd8b1,2.201533513739173
Cd9,8.689979413340984
Cdc25a,3.846353178896551
Cdc25b,2.732786133048338
Cdc25c,3.1960588441170423
Cdk1,2.911698723842657
Cdk11b,8.572598929094918
Cdc37,4.253787960010408
Cdc42,11.029973792084363
Cdc45,3.097526886306205
Cdc7,2.4557242101022303
Arhgap31,2.7467434154110664
Cdh1,2.35353283142707
Cdh11,3.509487899931546
Cdh13,8.463595874895965
Cdh15,5.934780758862107
Cdh16,3.4187155773184585
Cdh17,1.7969657488048867
Cdh3,2.2360202181921953
Cdh4,6.31429349740358
Cdh5,4.288355915281943
Cdh6,2.0359449657163777
Cdh8,2.3786211501907757
Cdh9,2.3214396109611943
Cdk2,3.8966589074424802
Cdk4,6.736544385844098
Cdk5,3.4024028156283475
Cdk5r1,2.2256677770847935
Cdk5r2,1.974399041890301
Cdk6,1.950559573633937
Cdk7,6.524085211869956
Cdkn1a,3.3280424645820887
Cdkn1b,2.95434565930154
Cdkn1c,7.676495730751199
Cdkn2a,1.854817234325657
Cdkn2b,4.63855725443398
Cdkn2c,6.192381211026992
Cdo1,5.154254388384871
Cdr2,3.6146224028976826
Mia,1.9627684156529626
Ift81,2.8915987772205085
Cdx1,2.226419133947464
Cdx2,2.1886850096334904
Cdx4,1.930962520694403
Cdyl,4.126184589770809
Cebpa,4.780958788710001
Cebpz,3.650752765270069
Cebpb,8.594087963905396
Cebpd,7.877059676252734
Cebpg,6.1926757024865315
Cel,2.1297210306901175
Celsr1,2.221355553588328
Cenpa,3.4186623925997863
Cenpb,3.6422372878531655
Cenpc1,3.674471207652681
Cer1,2.0182325596951385
Ces1g,2.2079677288335695
Cetn3,7.4789477884324
Cfc1,2.1863935058551647
Cfh,4.917124221168039
Cfi,1.8591282977390255
Cfl1,8.202071117018482
Cfl2,11.659363593434103
Cflar,5.911750845094654
Cftr,2.1673279301522803
Cga,1.8596838734604606
Ch25h,2.251426107141315
Chad,7.01004556329556
Chd1,3.825560058322303
Chek1,2.246955962373784
Chkb,6.561437704945526
Chga,2.3620013340525086
Chgb,2.2589420997532113
Chi3l1,2.7597062686288467
Chil3,4.165541030090478
Ovgp1,3.916843964316525
Chka,2.3870699910835658
Chl1,2.284709405285188
Chm,8.678832380930846
Chml,2.078902310343414
Chrd,3.166547538732696
Chrm1,2.313327910653952
Chrm3,2.073512105522961
Chrm4,1.8508101530403964
Chuk,6.023202719653992
Vsx2,2.3133496195467957
Cidea,3.391618660538071
Cideb,2.246725904183529
Elovl3,2.1979588827218364
Patj,2.3188149440839743
Cirbp,6.802434507165645
Cish,6.478958501248168
Socs3,4.12586199004116
Socs1,1.6765857364832908
Cit,2.301491330479874
Cited1,2.698385350962397
Ckb,3.6977660429648638
Ckm,14.382154135748948
Ckmt1,2.3077370793822105
Coro1a,4.388139725234988
Clca3a1,2.3124625593689223
Clcn2,2.6097273325323305
Clcn3,8.35481790210742
Clcn4,7.999549117968531
Clcn5,2.3901531265499942
Clns1a,8.83774590983071
Clcnka,2.315497988120019
Cldn1,3.462530280274327
Cldn2,2.2022773129373183
Cldn3,2.3326279433702637
Cldn4,2.036162140268823
Cldn5,6.796145507431601
Clgn,2.445151032513138
Clk1,9.380336241047667
Clk2,3.6737183530176325
Clk4,7.976880958176544
Tpp1,8.80610046396888
Cln3,3.366111410879792
Clock,7.8977484434797125
Clta,8.370951735399258
Clu,9.626623532761164
Cmah,2.10145364211113
Cmas,8.473561223888384
Cxcr2,2.644615932057765
Cxcr3,2.780746107469353
Cxcr4,3.2263959799789643
Ccr1,2.3656279362970696
Ccr9,2.146491171214804
Ccr1l1,1.7892539303977884
Ccr3,1.863733506916289
Ccr2,3.2215108582623118
Ccr4,1.8337361315574985
Ccr5,2.480990261651734
Ccr7,2.076552957560445
Ccr8,1.711221891804132
Ccr10,1.8485572822448617
Ackr3,8.756428711755945
Abcc2,2.2184429877825926
Cnbp,12.172014801498262
Cnga1,1.9490853824614387
Cnga2,1.9603897035252806
Cnih1,10.023115053927327
Cnih2,2.326718566351483
Plk3,2.24263495373147
Camp,4.626775900741029
Cnn1,2.648238794047589
Cnn2,5.675489379591267
Cnp,4.249482101788374
Cnr1,2.2849884274558154
Cnr2,2.32632489130893
Cntfr,3.568018778476956
Cntn1,2.2842390495683653
Hps3,4.41332612897856
Cobl,2.8604366820509664
Coch,2.478435045843884
Coil,5.0475118533244085
Col10a1,2.436036754287919
Col11a1,3.2734342513127754
Col11a2,2.5788173502012093
Col12a1,3.860286555788685
Col13a1,2.6393123763006945
Col14a1,3.8145444797913286
Col15a1,6.174779663963993
Col17a1,2.5723041061808374
Col18a1,3.467576555893272
Col19a1,2.61842210812438
Col2a1,3.568412429143715
Col3a1,11.62698614982512
Col4a1,10.031537402554067
Col4a2,8.709698387118529
Col4a3,2.5328127047235554
Col4a4,2.893110607194744
Col4a5,3.8215874038208266
Col5a1,7.635814284414941
Col5a2,7.170187793077389
Col6a1,9.46838475150866
Col6a2,7.337146490264048
Col6a3,8.827679378679463
Col7a1,4.801634555929991
Col8a1,3.1672151993457507
Col9a1,2.6457708832741322
Col9a2,2.3125340757610773
Col9a3,2.5486328700030656
Col1a1,9.89555528982349
Col1a2,10.355917196162173
Comp,6.363629721965008
Comt,7.7917479184019145
Copa,9.776191674525437
Cops2,9.117576224249026
Coq7,9.9425503662177
Cort,2.293612660863219
Cox4i1,13.22799046021548
Cox5a,13.188177603683947
Cox5b,13.430759608542118
Cox6a1,11.014693754952846
Cox6a2,13.03999325441391
Cox6c,12.829720206660811
Cox7a1,12.402090855913968
Cox7a2,12.727202002247424
Cox8a,5.031431099220868
Cox8b,13.180378452459587
Cp,3.8283166034871012
Cpa3,3.0623624244599434
Cpd,4.232344200254993
Cpe,11.975511091776804
Cpeb1,9.144067196078213
Cys1,2.452920354816442
Cplx1,2.6575165757379935
Cplx2,2.797866743652346
Cpne6,2.5078364236757733
Cpox,6.869100777847398
Cpt1a,4.328904539504376
Cpt1b,10.220872672353208
Cpt2,9.882305885787522
Cr2,2.303689093724763
Crabp1,2.838718689188207
Crabp2,2.1916801302345754
Cradd,3.4734591486820734
Crat,7.806876258863177
Crcp,6.681798682881514
Creb1,5.137333442632755
Creb3,6.692430481603302
Crebbp,4.7884746383688475
Atf6b,3.509557321420221
Crem,4.083434535327221
Crh,2.6425089528067964
Crhbp,1.9960758226310673
Crhr1,1.8980275394882444
Crhr2,5.101993736928682
Crip1,9.183894335648079
Bcar1,4.107179811095538
Crk,7.900693973284106
Crkl,3.462344385004594
Crlf1,3.538819851545283
Crmp1,2.0482406906494313
Dpysl2,6.426408890365832
Crp,1.83779712920367
Dmbt1,2.0118922409649715
Cr1l,7.021789334095732
Hapln1,2.3821522597136524
Crx,2.3297243253361395
Cry1,6.258063955820719
Cry2,8.120064342272642
Cryaa,2.3071951755484474
Cryab,12.915472626640488
Cryba1,2.0803452160679057
Cryba2,1.9954628476184577
Cryba4,2.172931262206872
Crybb1,3.634029586724534
Crybb2,2.7200224386982126
Crybb3,2.3519811230964796
Cryga,2.169574304570114
Crygb,2.4459485178397533
Crygd,2.562706185109805
Crygf,2.3588065246402774
Crygs,2.373724511992612
Crym,4.915380573593072
Cryz,6.811695897188959
Cs,12.248024615223299
Csf1,3.473816159401339
Csf1r,5.630826500341804
Csf2,2.137178196130176
Csf2ra,3.4888902739709464
Csf2rb,2.614057506818817
Csf2rb2,2.449229714445728
Csf3,1.9587309777967938
Csf3r,3.365779524222612
Csk,4.220125170849859
Csn1s1,1.9679427824614006
Csn2,1.8148643219845433
Csn1s2b,2.3992816251985523
Csn1s2a,2.1379951083039335
Csn3,2.2214021134372257
Csnk2a1,9.009873733622172
Csnk2a2,5.9833643102037755
Csnk2b,10.874733320672151
Dnajc5,5.9968737022900855
Vcan,2.893265881571724
Ncan,2.1791897407398166
Smc3,7.238646136549995
Csrp1,5.7993836523184825
Csrp2,3.0315528114560455
Csrp3,8.409180954900856
Cst3,12.733501252409567
Cst7,2.2390077541656805
Cst8,2.2017428861527644
Cst9,1.788697678480333
Cstb,7.723637339503418
Ctbp1,10.508882057207115
Ctbp2,7.674551862581258
Ctcf,6.771551253358973
Ctf1,5.903299094065711
Ctla2a,6.5055328175732745
Pcyt1a,7.978221200078141
Ctsb,8.917613172007686
Ctsc,9.451407436666523
Ctsd,10.932359223838878
Ctse,5.2383294213452585
Ctsg,2.9345810051615437
Ctsh,3.8063735724209278
Ctsk,4.662532851426168
Ctsl,10.716890890474033
Ctss,7.545436372726446
Ctsw,2.2209597520483015
Cttn,5.4232895635147935
Celf1,5.313679310761504
Cux1,6.189228143740291
Cux2,2.5545715888561715
Cx3cr1,2.256161434554379
Cxadr,2.4601912661173
Cyb561,2.8587715263642175
Cyba,6.664054014883161
Cybb,3.24154994044585
Cycs,2.64010476387571
Cyct,2.894966697214821
Cyp11a1,2.2891720151967987
Cyp11b2,1.71110141289087
Cyp17a1,1.838932725275816
Cyp19a1,2.0627282324788365
Cyp1a1,2.3346140222733296
Cyp1a2,1.8358138687949463
Cyp1b1,2.6081647720082577
Cyp21a1,2.355969913390568
Cyp24a1,2.470308187119325
Cyp26a1,2.1746239552577933
Cyp2a12,1.7638144455492386
Cyp2b10,2.084570865842276
Cyp2b13,2.1225054901521676
Cyp2b19,2.025678390394832
Cyp2b9,1.8800432326972114
Cyp2c29,2.828502196408294
Cyp2c37,2.091385667949056
Cyp2c38,1.6087198107000906
Cyp2c39,1.6350406132222073
Cyp2d10,2.1630441077517513
Cyp2d9,2.2681202110854204
Cyp2e1,7.490223321103386
Cyp2f2,2.966861484306023
Cyp2j5,1.8480709118424665
Cyp2j6,3.1725272398529794
Cyp3a11,1.7817304935340488
Cyp3a13,2.46564527415751
Cyp3a16,2.1478771635056577
Cyp27b1,1.96739182099084
Cyp46a1,2.395166761615181
Cyp4a10,2.1258373922654252
Cyp4a14,2.201901326674958
Cyp4b1,5.477754710753962
Cyp51,3.1488514625346617
Cyp7a1,2.1903333943266197
Cyp7b1,2.341156298167875
Cyp8b1,2.2917202747232936
Dab1,2.1438820556305327
Dab2,4.59612228572924
Dach1,3.091006057250315
Dad1,9.264164426251325
Cd55,7.72350621263934
Cd55b,2.4554929767384306
Dag1,8.192600529301371
Dgka,4.947360976936823
Dao,1.9145720041513714
Dapk2,5.823106703967056
Dapk3,5.844400006241384
Slc6a3,2.540869797901349
Daxx,6.023243082170659
Dazl,2.304127121845303
Dbh,2.7906178195350932
Dbi,10.584589629835287
Dbil5,2.2703552486880985
Dbnl,4.6645637021782145
Dbp,9.747956944057156
Dbt,7.864385660616166
Dbx1,2.7056175619909215
Dclk1,2.308877402512642
Dcc,2.125768910146127
Eci1,9.98927745338312
Dck,3.423951981936782
Dcn,12.233345547516365
Pcbd1,2.7217847581042474
Vps26c,6.672435545400425
Dct,1.905758368736837
Dctn1,8.388286957960611
Dcx,1.8451603716683236
Ddb1,8.319186015288654
Ddc,2.317667454046958
Asap1,3.8476518932659385
Gadd45a,7.424927269370134
Ddit3,6.350678017968143
Ddn,2.361286509848514
Ddost,7.874239043522889
Ddt,7.4524659297226705
Dhx15,9.807942830594266
Ddx3x,11.244829774834328
Ddx4,2.4275067988083396
Ddx5,10.348368835190497
Ddx6,5.8028251694506165
Dhx9,5.502534144147248
Defb1,1.9306003107980256
Defb2,2.602584058375085
Degs1,8.262715736931282
Slc29a2,3.003682337787972
Twist2,2.5144879969562455
Des,12.590251610763929
Ackr1,4.706236466044546
Dgat1,4.356340112600569
Dgcr6,7.602589113517623
Dgcr2,4.816441075333234
Slc25a1,3.81880305213904
Dhcr7,4.458798404096672
Dhfr,3.053743101773771
Dhh,2.3283622312266194
Diaph1,6.132508016668967
Dffb,2.9766741420317686
Dio1,2.146759960137529
Dio2,2.325596521370248
Dkk1,2.0047030860421917
Dld,10.532944556550772
Dlg1,8.413815663433859
Mpp3,7.326766896552717
Dlg4,2.7995734608824687
Dlk1,2.833710516098168
Dll1,3.8214046011690885
Dll3,2.08966041028536
Dlx1,2.3170521360607625
Dlx2,2.1307297887310006
Dlx3,2.3581401992998803
Dlx4,2.1678957880252026
Dlx5,2.1391488333368276
Dlx6os2,1.9676108836275337
Dmpk,2.171514667146996
Dmwd,8.090169629974898
Dmc1,2.3970605325957792
Dmd,9.070618144756233
Dmp1,2.817440147522136
Tmc1,2.0627829112468485
Dnah11,2.6315540561688198
Dnah8,2.0604690754957486
Dnajc1,7.797095450397067
Dnase1,2.466060310647707
Dnase1l3,1.9126659572954858
Dync1h1,8.107311312368408
Dync1i1,2.5986787183759517
Dync1i2,9.071711652493368
Dnm1,2.878936265051207
Dnm2,4.199476573402911
Dnmt1,4.434946238788374
Trdmt1,3.944159618965521
Dnmt3a,4.158384833592407
Dnmt3b,2.5723033567075553
Dnpep,8.794633682840091
Doc2a,2.6415768672099333
Doc2b,2.198603008288725
Dok1,3.028322381225838
Dok2,3.1643667469137173
Reep5,9.142743412898817
Dpagt1,4.702220379118036
Dpep1,6.128596241129233
Dpm1,4.804865687864672
Dpm2,5.162120168725642
Dpp4,3.860474709626177
Dpp6,2.3074275499064054
Dr1,5.470849085021409
Slc26a3,1.8713168013103652
Drd1,2.1748897350072673
Drd2,2.1269914063015927
Drd3,1.8719988461948223
Drd4,1.8681890495647864
Drg1,8.142301081391428
Drg2,5.974463805888914
Arid3a,2.9763803445048835
Drp2,2.5126804730930847
Atn1,5.48472906544482
Dsc1,2.4007284727246834
Dsc2,2.3742243931566818
Dsc3,2.5605689589391565
Dscam,2.3708517437813854
Dsg1a,2.1327349236472606
Dsg2,2.133279003427989
Epyc,2.281866011934102
Dst,9.999598228087132
Slc26a2,2.9605083475793528
Adam28,2.129521456843736
Adam18,2.128269631739244
Adam26a,2.24991142875561
Adam24,2.558132977139575
Dtna,7.626675236899762
Dtnb,2.769387487130249
Prl8a2,1.8859456513447785
Dusp2,2.590356195778829
Dvl1,10.829737459560311
Dvl2,2.39006591616739
Dvl3,2.45555784087306
Dyrk1a,7.2562004765388695
Dyrk1b,4.394543196622033
E2f1,2.520771778626669
E2f3,3.3475639295299486
E2f5,3.8774344709694204
E4f1,4.3210721202098545
Ear1,3.2249876582922017
Ear2,2.0478449479939043
Mapre1,4.4866362297491404
Lefty1,3.152475746179789
Ebf1,6.523802065475116
Ebf2,4.539508355934582
Ebf3,5.493102007017974
Ebp,5.680215034587822
Ecel1,2.210254553309547
Ecm1,5.75423574919764
Sparcl1,10.49177372328627
Opn3,3.278745093588983
Ect2,2.4667271618415945
Eda,2.5683130466095534
Edar,2.336436631235774
S1pr1,6.245202544421118
S1pr3,4.271169394158713
Edil3,2.3824968714657904
Edn1,3.813889265406889
Edn2,1.9852268821679824
Edn3,2.477574494274323
Ednra,2.759931153263634
Ednrb,4.102071040562443
Phc1,7.578583565683992
Eed,9.110182874362982
Eef1a2,13.085360169669954
Eef2,11.791926935343751
Eef2k,7.839035833143046
Efna1,5.023723383160063
Efna2,2.0793686486242753
Efna4,1.999049713165455
Efna5,2.347775028089596
Efnb1,3.634990440991333
Efnb2,3.1666223991663833
Efnb3,2.548431840841639
Efs,2.7947134487651355
Egf,7.9308254953365305
Egfr,3.58945322615973
Rhbdf1,6.418483068801379
Egr1,7.121384418484122
Egr2,2.8365921654103765
Egr3,2.458451481159577
Egr4,1.3243288129381887
Ehd1,6.565623732406034
Ehf,2.3744897185292895
Ei24,10.13160534606523
Eif1a,6.095614429812642
Eif2s1,3.1027697330065305
Eif2ak3,2.812657547019102
Eif2b4,9.01184043169127
Eif3a,7.652081468836222
Ddx19a,7.03852041349992
Eif4a1,9.223722376411304
Eif4e,7.420731087989727
Eif4ebp1,9.113188910995449
Eif4ebp2,6.969510879166111
Eif4g2,10.531807146084928
Cela2a,2.213093145767741
Elf1,4.809431731543684
Elf3,2.4646960683712167
Elf5,2.104150677438181
Elk1,3.156357191562039
Elk3,7.2237230814015705
Elk4,2.4573647207756313
Ell,4.530221097748183
Eln,2.9172012043563957
Aimp1,10.099472536874698
Emb,2.2988237762052086
Emd,6.15077240316418
Mark2,4.609599224813376
Emp1,8.699689896409664
Emp2,3.208534721367405
Emp3,5.929343366842896
Adgre1,4.132470440165103
Emx1,2.409776052615278
Emx2,2.641178241600877
En1,3.0168905852110384
En2,2.780789844631611
Enah,2.493809061348125
Enam,1.5508793021511902
Enc1,2.783403338143799
Endog,9.074299762219452
Eng,7.376943475049113
Eno2,2.574092722931394
Eno3,13.941133678333555
Enpep,7.175035054992299
Eomes,2.3079908793323445
Epas1,4.915513378768214
Epb41l1,2.46799508846043
Epb41l2,4.174776320836755
Epb41l3,2.521763058137872
Epb41l4a,2.817238674979292
Epb42,2.406573184095184
Dmtn,2.421333783752835
Stom,6.2280307587530155
Epc1,8.555403288232979
Epha1,2.1404124140006644
Epha2,2.8679393986757376
Epha3,2.4575980804331454
Epha4,2.602141054637254
Epha5,2.44454772935275
Epha6,1.8169547361211518
Epha7,2.641788097406668
Epha8,2.0754086150565088
Ephb2,2.47836283846886
Ephb3,2.5076367061033875
Ephb4,3.5819732353925375
Ephb6,2.253366334332038
Ephx1,7.841788303541833
Ephx2,8.110460073471062
Stx2,5.193752158167477
Epm2a,3.24855516221035
Epn1,7.214121769063081
Epn2,6.438836137703622
Epor,2.629886612993987
Eps15,6.446644925040292
Eps15l1,3.944748428914886
Eps8,3.286389283969617
Epx,2.0254918418728227
Lcn5,2.6154705307639747
Nr2f6,5.244929055856942
Nr2f1,2.78478046234286
Erbb2,2.8381562107829965
Erbb3,2.690477737228113
Erbb4,2.897378090439844
Ercc1,7.741363193064951
Ercc2,3.2080105683022886
Ercc3,4.696476443221008
Ereg,2.2638179924443143
Erf,2.5399626385586624
Erg,2.2604428035945925
Ces1c,2.2454724435168223
Esd,3.079976893024798
Ces1e,2.6619413643053744
Ptprv,2.047865477562766
Amz2,7.249747760496402
Gnb1l,2.852057449999902
Esr1,3.930538917562681
Esr2,2.2994402485264787
Esx1,2.497985108873467
Smarcad1,3.706915936132566
Khdrbs3,3.9413169958562353
Fgd6,2.5085043325367025
Drosha,7.094329342871272
Chchd2,14.208360774121024
Celf2,8.223509920838493
Etv2,2.0330357600463747
Etv1,2.2533209698455043
Etv6,3.509182067501628
Mpzl2,2.483742435508732
Evi2a,3.864755490801921
Evi5,7.076025571649357
Bcl11a,2.3425186078219684
Evl,4.147501187698819
Evpl,2.241545108990043
Evx1,2.066566712419041
Evx2,1.3657123509805202
Wfdc18,2.2406812053924314
Ext1,5.5301465331154915
Ext2,8.263648156738642
Muc4,2.520965288194294
Bsnd,2.566292574791332
Strc,1.811406731357793
Dmbx1,2.385434110486335
Zfp358,3.778142273788983
Hnmt,5.169663124003879
Pofut1,2.9025649392619144
Igf2bp1,2.4013043310648623
Igf2bp3,2.2567363634808
Bhlhe23,1.8581420731023035
Eya1,8.076142468797245
Kcnn2,3.899921551794165
Kcnn3,2.1046789819687373
Atp6v0a4,1.7322667175372237
Cd300c2,2.6754828797703993
Rxfp2,1.7780829165673915
Eya2,2.3415169596155447
Acap3,2.874278307223038
Eya3,3.1141442927190153
Eya4,3.3583461940582127
Eri3,9.411907889118012
Smc1b,2.3700316891773547
Igsf8,4.103740399952154
Ezh1,5.575956446894889
Ezh2,4.266490012516036
Plxnb2,3.5526662044670374
Plxnb3,3.022464770922525
Ankrd6,2.7158821475536024
Elmo2,3.0822948769105625
Sfxn1,4.334473533891544
Elmo1,2.6679942964814507
F10,2.2808167004144133
F13b,2.034269965128896
F2,2.1021302872172356
Ubox5,3.2606493285771925
F2r,6.147235968689979
Ube4a,4.66178917062727
F2rl1,2.3982866147606274
F2rl2,2.0766630911136232
F3,5.0446079290908665
F5,2.1253055345438034
F7,2.0197095670189507
F8,2.243910264768029
Emid1,4.968814654299119
Col26a1,2.3039800805829107
F8a,3.887604298448832
F9,1.714413865993223
Caskin2,3.462085247853912
Cacng5,2.010368405522551
Faah,2.4288826864246946
Sec63,6.314094678582516
Sesn1,7.826770766271911
Rem2,2.691783562266284
Bmp2k,3.2150708481414636
Myh7,6.209067938436337
Colec12,3.07227318873078
P2ry14,3.279392167516594
Fabp2,1.9742206127363133
Il25,1.9320376128215864
Fabp1,2.5331847686601185
Ttbk2,3.1098602964513073
Acsl1,11.15810940948164
Fadd,2.8250523470961473
Ptk2,5.555400929856906
Faf1,8.956825947705266
Wdr5,5.537479781317881
Nek8,2.441928794375185
Fah,2.9648809902117144
Fscn1,3.5168044689084783
Fanca,2.040501234369042
Lnx2,3.404347597206346
Fancc,2.4497171588005124
Fap,7.508605144445937
Caln1,2.085071562031118
Dclre1b,3.1121673367103373
Slc7a12,1.8081073539607002
Slc17a6,2.175804417123585
Fas,4.834208092290486
Fasl,2.0613117195529322
Fasn,6.419023598818884
Srsf10,6.218854014652254
Foxh1,2.2918742014730893
Fat1,3.398569917749525
Fbln1,3.2055015442970496
Fbln2,6.935975462942191
Fbn1,8.270440427437308
Fbn2,2.3266154265729635
Fbp2,9.142237418216121
Fbp1,2.10511962074771
Fbrs,3.9433362556836187
Fcer1a,2.096852177212513
Ms4a2,1.8083365633631583
Fcer1g,5.356433567407161
Fcer2a,2.183705369439376
Fcgr1,2.42484062933817
Fcgr2b,3.9336383377941204
Fcgr3,4.758213192125822
Fcgrt,8.031043405992483
Fcna,2.9288980747437052
Fcnb,2.2213075667842457
Fdft1,8.805371475737035
Fdx1,9.870749376809686
Fdxr,2.2794849320864627
Fech,9.857062253714798
Fem1a,5.506167735558464
Fem1b,4.7308923305696355
Fen1,4.65330490309224
Fer,4.236924525841821
Fes,3.0652306492013786
Lgr5,2.257321794656994
Fga,1.8175801148313504
Fgd1,3.7303883738668
Fgf1,5.158080658411312
Fgf10,1.9535104093161493
Fgf11,2.604728894574343
Fgf12,2.2027769818211405
Fgf13,8.958133057780799
Fgf14,2.1832750636140905
Fgf15,2.1150349665429684
Fgf17,2.260037352158017
Fgf18,2.5893893262927876
Fgf2,2.39905885666485
Fgf3,3.092347335592972
Fgf4,1.7410332145907235
Fgf5,2.154650589053072
Fgf7,4.466179177764419
Fgf8,2.085026123465315
Fgf9,3.005393182351759
Fgfbp1,7.093358838933234
Fgfr1,6.92665919912364
Fgfr2,2.1994887818206887
Fgfr3,2.4632924137770877
Fgfr4,2.3828116532259656
Akr1b8,3.043767480106806
Fgl2,5.757209943193597
Fgr,2.5267746671102613
Fh1,11.662223073856245
Fhit,2.4778466943818445
Fhl1,12.320628104250167
Fhl2,3.3222971311105147
Fhl3,4.914823451867766
Fhl4,2.1624490986797285
Il4i1,3.3312913523688708
Vegfd,5.015033962232909
Ppm1g,8.563760631011002
Smc2,2.4845046841798393
Sh3pxd2a,2.156104302928379
Ccn2,7.364557881366886
Fjx1,2.406405581936523
Fkbp1a,10.176739555468748
Fkbp1b,2.30880863587659
Fkbp2,6.104390159897345
Fkbp4,9.465520145601905
Fkbp5,6.265156001348807
Fkbp10,3.2047436570796006
Fkbp7,6.544769452235612
Fkbp8,7.325614212169161
Foxi1,2.251258288377666
Foxc2,2.4006427724487023
Foxm1,2.2916125266988967
Foxn2,3.2115582655137587
Foxd4,2.0162200247891895
Foxf2,2.4306399188819423
Foxs1,2.4933891932699033
Foxb2,1.9874174740125248
Foxl1,2.202626017016481
Lpin1,11.731205161126857
Flg,1.989850921883363
Fli1,6.524010170379412
Flii,9.25609716286759
Flot1,8.548428768219823
Flot2,8.87175068502422
Flt1,4.347075022538312
Flt3,2.6148035139537606
Flt3l,2.475664203943149
Flt4,2.688273742375403
Fmn1,2.419078312926769
Fmo1,7.112214610159846
Fmo3,2.1291984082005677
Fmo5,2.5461687536702766
Fmod,10.320909622757533
Fmr1,3.1196344456354503
Aff2,2.503343551516917
Slc34a3,2.0521512626402725
Zcchc14,5.48445954997572
Asb14,10.530124672412422
Asb13,6.3589707823650805
Fn1,8.256447471974594
Fnbp1,2.629002580979141
Srgap2,3.1142381891626183
Fnta,10.414865281700179
Folr1,2.2948295592269097
Folr2,2.907110002519872
Fos,6.964955861701598
Fosb,1.870876184200856
Fosl1,2.1615420221354444
Fosl2,3.7515536494275388
Fpgs,2.973321419894601
Fpr2,2.6066464784708248
Fpr-rs3,1.705985107960591
Fpr-rs4,2.012056896177795
Fpr1,2.1037264124944985
Fpr3,2.202242921635815
Frat1,3.31435072034062
Fxn,7.517000572118433
Tlr3,3.0304312063981045
Ncs1,2.7380041147731853
Frg1,5.835759911912021
Frk,2.3881083955301605
Fshb,2.0176734861226486
Fshr,2.1112422406995166
Cidec,5.582836230134922
Brd2,7.598495832476162
Fst,4.5185452625174065
Fstl1,9.258221766785764
Ftcd,2.374759309052403
Fth1,12.999937508455544
Aktip,8.194683341867124
Fut1,2.1911979577122103
Fut2,2.5192362665827552
Fut4,1.9659026398333443
Fut7,1.9833569855511965
Fut9,2.0031792987927726
Fv1,2.9433477142545073
Timm10b,7.470931346596593
Dtx1,2.8294678503668607
Fxr1,11.00691033117397
Fyn,5.433248406489649
Fzd1,3.0178186364597175
Fzd3,2.155920594017388
Fzd4,4.826269953520143
Fzd5,2.9489077342576135
Fzd6,3.05979211377768
Fzd7,5.161692613461704
Fzd9,5.5027927538756485
G0s2,6.993404173282926
Xrcc6,7.306969857717131
Ganab,4.460627614923481
G6pc1,1.6521870580485014
G6pc2,2.025210652570811
G6pd2,2.0349966231561236
G6pdx,4.412822282111531
Slc37a4,10.067260463185532
Gaa,10.194657768973348
Gab1,6.146424819482459
Gab2,2.4599971844702835
Gabpa,6.836197212348652
Gabpb1,3.698599020755166
Gabra1,2.363812787160114
Gabra2,2.419380660027998
Gabra3,1.897480101931622
Gabra4,2.427952387815672
Gabra6,2.0244229203506765
Gabrb1,1.8600890625474673
Gabrb2,2.1812872010175224
Gabrb3,2.1066332742268568
Gabrd,2.360587369463296
Gabre,2.0312299556060776
Gabrg1,2.0086694582960587
Gabrg2,2.1534948775146425
Gabrg3,1.9105844155625213
Gabrr1,2.6191176483841256
Gabrr2,2.3335541887422053
Slc6a12,2.3063859360998267
Slc6a13,2.279995314408001
Gad1,2.164155333795913
Gad2,2.1959448416749034
Gal,2.9147884367249657
Galc,3.6187588608824637
B4galnt1,2.340488244569291
B4galnt2,2.0080896387719416
Galnt1,8.561305508666418
Galnt3,2.3640369776165016
Galnt4,2.9439935431212554
Galr1,2.263539511910937
Galr2,2.1397625951892736
Galr3,2.350947333497711
Galt,7.13384592917815
Gamt,4.633658887258905
Gap43,2.1677343176001833
Gapdhs,2.265673781993353
Gart,6.4527629730026455
Gas1,7.850072181025091
Gas2,3.6219568325640683
Gas5,5.04206708328297
Gas6,8.876865057114758
Gas7,2.4644542317786695
Gast,1.810507346517934
Gata1,3.121252048553624
Gata2,3.421311326931582
Gata3,2.1988742219102417
Gata4,2.0402808226222597
Gata5,2.140325793756783
Gata6,2.3798565284537787
Gba1,6.487594403034881
Nipsnap2,8.663356297967175
Gbp2b,1.6795361278133971
Gbp2,5.891563461691259
Rabac1,10.310805897286727
Gbx2,2.776333159552763
Gc,1.707855180608237
Usp15,9.844612962985664
Mtpn,7.123882535918564
Gcsam,1.9786679170136994
Gcg,1.859734942531172
Gcgr,2.5251727084010263
Gch1,3.0875709757142604
Gcm1,2.481575264651118
Bloc1s1,9.953781459136598
Kat2a,4.970089184132853
Nr6a1,3.3973968434925808
Gcnt1,2.576853302285031
Gcnt2,3.1587646575326023
Opn1mw,2.2072614442893657
Gda,5.232222755684142
Gdap1,7.268042095595213
Gdap2,4.357137463751751
Gpd1,11.15953379481681
Gdf10,4.950129382937676
Gdf3,2.385013354063881
Gdf5,2.5074033574973336
Gdf9,2.4026771882833033
Gdi1,8.917597587026217
Gdi2,9.901328364506824
Arhgdig,2.384856867214585
Gpd2,10.382297599579985
Gdnf,2.133041434989079
Gem,3.3021414486979412
Gfi1,2.337762295277968
Gfi1b,2.5984180192059285
Gfpt1,2.838947684891964
Gfpt2,4.428800019533654
Gfra1,2.684393504271006
Gfra2,2.6879877768007394
Gfra3,2.3346130220038797
Gfra4,3.2092136144728993
Ggps1,6.620572002355541
Ggta1,3.8014746710405696
B4galt1,6.305939423434672
Ggt1,2.138432103567601
Gh,3.0554696823653327
Ghr,10.01537407394575
Ghrh,2.3543437712919784
Ghrhr,2.1922548357285145
Cblif,2.4050939643076155
Tsc22d3,11.101771283078152
Gip,2.1630336009153486
Gpr83,2.276440570274566
Gja1,7.938200023943156
Gja10,1.9332905815015746
Gja3,2.0526913581049473
Gja4,2.971065740566671
Gja5,2.5263052389392215
Gjc1,3.7634895679213685
Gja8,2.34681554978626
Gjd2,2.0087635926235388
Gjb1,2.218857341603251
Gjb2,2.658476471632078
Gjb3,2.4060492751739795
Gjb4,1.9835249475807224
Gjb5,2.1653971521693416
Gjb6,2.533933796408848
Gykl1,2.087118193594964
Gk2,2.132430425976228
Ostm1,8.062865659213735
Gclc,6.930387449054731
Gclm,6.837376834317653
Gli1,2.570547340270955
Gli2,2.758061161207337
Gli3,2.6820408029177294
Galk1,3.093817127472333
Glul,10.309696530195312
Hagh,9.07456314537189
Glp1r,1.8476840713172311
Glra1,2.1249557708951854
Glra4,1.9342784206505048
Glrb,2.508947237178237
Glrp1,1.897288614958847
Glud1,9.894990801690566
Glycam1,2.412287071813313
Slc6a9,4.08484066757548
Gm2a,5.2572774642764815
Gnl1,3.9671049837837398
Gna11,7.77144660140477
Gna12,4.582785236867173
Gna13,7.698235492291221
Gna14,2.2720736320394326
Gna15,1.8294651660841168
Gnai1,4.174091006687713
Gnai2,8.284859915607255
Gnai3,7.056112703405494
Gnal,2.3457774712989496
Gnao1,3.643681759337712
Gnaq,4.483361063055476
Gnas,3.1234140937505543
Gnat1,2.065888704576306
Gnat2,2.3913012774263165
Gnaz,2.462487537657534
Gnb1,7.4442341240299355
Gnb2,8.5194821663303
Rack1,11.76402365172836
Gnb3,2.5347186585561556
Gnb4,4.337634076497676
Gnb5,6.829682308217937
Gngt1,3.174064572211586
Gng10,6.447708136638268
Gng12,5.686355152602629
Gng2,2.6941494142183564
Gng3,2.116933304512387
Bscl2,6.86643008306152
Gng4,2.0822350825578946
Gng7,2.8595958721133066
Gng8,2.187161018674314
Gnmt,3.5046457842463616
Gnpat,9.704461932704483
Gnrhr,1.8100226588543435
Got1,11.801354540470022
Gp1ba,2.13105484594759
Gp1bb,2.4584497067761006
Lrp2,2.3143366996939574
Pdpn,5.665995106593374
Gp5,1.797371682891949
Gpaa1,6.181644455610985
Gpam,8.556982104739232
Gpc1,9.962511995095918
Gpc3,3.433090498434853
Gpc4,4.416322123143064
Gpr12,2.0032987087631633
S1pr2,2.945205769312397
Gpr65,2.506740490975494
Lpar1,4.569052137176576
Cmklr1,2.651913124888926
Gpr3,2.3355975054242095
Gpi1,12.437432318188085
Pigq,6.647494185460047
Gpld1,2.5385421697832644
Gpm6b,4.347690342429096
Gpr19,3.518926963010068
Gpr27,1.972725298665423
Gpr33,2.487751867513548
Gpr37,2.5935098029163903
Ptgdr2,1.892975450902676
Gpr50,2.1192936140208034
Adgrg1,3.9386783223623816
Nmur1,2.4304045263141374
Lancl1,4.779624984727774
Grk4,2.516421198455244
Grk5,4.323971475287565
Gpx1,10.204142674884777
Gpx2,2.6565052824954436
Gpx3,11.347091889544009
Gpx5,1.8632743016569322
Gsr,6.23846421600238
Grb10,5.106378564486806
Grb2,5.813359232834081
Grb7,2.1707212860537184
Rhpn1,2.265782346232376
Gpr162,2.2756017478204575
P3h3,2.9382341603700173
Grcc10,9.731061858727506
Emg1,10.18744913230267
Lpcat3,8.147371318537346
Cdca3,2.6493887251899806
Spsb2,3.075029491817938
Tle5,10.845188088116316
Gria1,1.9723565389911153
Gria2,2.4227002330877876
Gria4,2.117071335468674
Grid1,2.124118708947646
Grid2,2.0675273157578453
Grik1,2.472408277980376
Grik2,1.9273072375199904
Grik3,2.1233125558706365
Grik5,2.018161126977212
Grin1,2.2815386046514625
Grin2b,2.1985960347011377
Grin2c,2.0162729988194172
Grin2d,1.8089625663445112
Nr3c1,8.531795580612732
Grm1,3.1949641132702493
Grm8,2.273233506226904
Grn,8.084600321229374
Cxcl1,2.7064373472532677
Pdia3,5.215986949520045
Hspa5,10.476723835901076
Grpr,2.151521233862349
Gsc,2.5682818738379107
Gsg1,2.1777516691964025
Haspin,2.1248608965707985
Gsx1,1.775414770362321
Gsx2,1.7559382376879038
Gspt1,8.667031570439429
Gspt2,2.4228170438171097
Gss,3.58923851508137
Gsta2,2.435907826549925
Gsta3,2.4805615011974624
Gsta4,7.019971959155169
Gstm1,10.446549140657913
Gstm2,10.065810046441854
Gstm3,2.7258524641606834
Gstm4,6.156008874932593
Gstm5,10.9553876575303
Gstm6,2.330560427907273
Gstt1,6.312592343519518
Gstt2,4.364065143244161
Gsto1,9.003147750947038
Gstz1,7.4302134298788545
Gtf2h1,7.282187727732672
Gtf2h4,7.506276791546642
Gtf2i,6.502589872257488
Cfap20,5.222389149403226
Trip12,6.327599512940414
Gtpbp1,5.663765019925891
Thumpd3,6.945430461749653
Nkx6-2,2.2067356809185528
Guca1a,1.9306886793296087
Guca2a,2.1135001541811174
Guca2b,2.2721280043014476
Gucy2c,2.6837129590472997
Gucy2e,2.04839550256507
Guk1,8.157460878542777
Magi1,2.4117234481318772
Gk,2.797890966662583
Gypa,3.071608787978763
Gys1,9.924650674481693
Gzma,2.140153934060202
Gzmb,2.1190378190835646
Gzmc,2.217746884855099
Gzmd,1.769439134121182
Gzme,2.0960173373988336
Gzmf,2.534169440594265
Gzmg,2.1627261499309838
Gzmk,2.427044759261073
H13,4.276297361089772
H19,10.443387933053437
H1f0,9.765874065486305
H2-Aa,9.277324338592395
H2-Ab1,7.704795833515877
Cfb,3.665005658517558
H2-Bl,2.8625532447860365
H2-D1,9.897710804421799
H2-Eb1,6.67588318638046
H2-K1,8.772204948875945
Pfdn6,9.265193515387926
Slc39a7,8.149096838251392
Hsd17b8,7.071498469887178
H2-M10.1,2.5050886272283055
H2-M3,3.7996411108089148
H2-M9,2.613901748809106
H2-DMa,2.7258873422557435
H2-DMb1,4.3585087697140565
H2-DMb2,2.8197682320586437
H2-Oa,2.411775918081237
H2-Ob,2.0979471339455977
H2-Q10,2.89307997120467
H2-T24,2.9222339796519243
H2-T3,2.3649387863821727
Ifi44l,2.2208661818440656
Mr1,5.917659729880927
H3c14,6.11826631876422
H3f3b,9.47725844211532
Hadh,11.69820124539992
Hsd17b10,9.050859139719936
Hal,2.037299959123688
Hand1,2.206950557220384
Hand2,2.3918426983527543
Hao1,2.07564697070633
Hap1,2.4054028167049513
Hars1,7.949053320212355
Has1,2.227951265987017
Has2,2.46702431752743
Has3,2.67112933076394
Hba-x,2.086531884929843
Hbb-bh1,2.2294383217903424
Hbb-y,2.1718385491144256
Hc,2.3747495605012063
Hccs,8.87764903878936
Serpind1,2.77054283380082
Hcfc1,6.27235754636709
Hck,2.82714838382576
Hcls1,2.7859148091595913
Hcn1,2.1044427716762484
Hcn2,3.1955953173384617
Hcn3,2.0210593751425083
Ptpn6,2.8627564947601063
Hcrt,2.1836463921419225
Hdac2,8.89511669929639
Hdac3,8.232388363021999
Hdac5,7.4367320461853526
Hdac6,4.100978135695067
Hdc,2.4910944426370834
Hdgf,8.93498994499411
Hdgfl1,2.3290604797519308
Hdgfl2,5.474811835591812
Htt,3.933748698959383
Hebp1,4.124248011483555
Hbegf,5.615982960509457
Hells,2.237628458300341
Gml2,2.1121105158313496
Heph,3.1082334571548595
Herc2,3.7197257684697576
Hes1,5.313046908726791
Hes2,2.088199390826151
Hes3,2.1728335091333446
Hes5,2.513058123951652
Hesx1,2.336348169175522
Hexa,9.27583278083344
Hexb,7.244537266172603
Hey1,2.75453586926156
Hey2,2.9042005896818655
Hfe,8.16874288199819
Foxn1,1.9328912952002366
Foxq1,1.9892942089846528
Foxd3,2.097101130334005
Foxj1,2.643020601103704
Foxf1,2.160906795634283
Foxg1,2.2887194751483766
Foxd1,2.121539075562982
Hgd,2.084197383042459
Hgf,2.215789110246255
Mst1,2.177784307847339
Hgs,4.267715120527018
Hhex,2.670253003440314
Hhip,2.306341682158012
Mfsd14a,6.299938188222112
Hic1,4.079527660275741
Hif1a,5.335425304774467
Hint1,11.894141255693734
Hipk1,2.931283538778436
Hipk2,6.508831976983629
Hipk3,8.112745873069441
Hira,3.9936577590446922
H2ax,5.901535385616025
Hivep2,7.581071284104716
Hk1,3.474223732179494
Hlx,4.312550383334664
Mnx1,1.939017928025703
Hmbs,8.599209241624601
Hmgn1,9.333911751501196
Hmg20b,4.608724175208166
Hmgcl,7.393459593440229
Hmgcr,2.788410541103462
Hmgcs2,2.745357197936375
Hmga2,2.0734049820338245
Hmmr,2.3681586325447506
Hmox1,3.484114171759078
Hmox2,9.012650413608052
Nr4a1,10.29118552518298
Hmx1,1.8365851568611464
Hmx2,1.7255463161448106
Hmx3,1.795881853509707
Jpt1,7.239185010871284
Foxa1,1.9665220043387714
Foxa2,1.953303183902624
Foxa3,2.1251473847944857
Hnf4a,2.2905216790481844
Onecut1,1.9649615300678402
Hnrnpc,9.433186174933324
Hnrnpab,9.87710037751937
Hnrnpl,6.738798038624424
Hoxa1,2.2252253479953685
Hoxa10,5.40245941688483
Hoxa11,2.611386614988338
Hoxa13,2.4765396620750377
Hoxa2,2.769710152643198
Hoxa3,3.154235099571854
Hoxa4,3.5151860786756934
Hoxa5,4.849609130008765
Hoxa7,3.181566435291202
Hoxa9,3.4303766340569055
Hoxb1,1.922314016486012
Hoxb13,2.7165552112305114
Hoxb3,3.0090629859423452
Hoxb4,2.732271721226377
Hoxb5,2.350292227438605
Hoxb6,2.2546884937494345
Hoxb8,2.0024190936639825
Hoxb9,2.450745152740271
Hoxc13,2.2163733274999933
Hoxc4,3.955770503922414
Hoxc5,3.074372416753917
Hoxc6,4.916685623284782
Hoxc9,4.59256285567545
Hoxd1,1.9849553038129433
Hoxd10,2.444526947062371
Hoxd11,2.015690827610919
Hoxd12,1.969907421435457
Hoxd13,2.284000763591206
Hoxd3,2.2100839653256457
Hoxd4,2.2477721010059284
Hoxd8,6.831142109864797
Hoxd9,4.466308167996902
Hp,5.30364450279188
Hp1bp3,9.181575746079595
Hpse,2.377412732968453
Hpca,2.0073101612034057
Hpd,2.159134316623607
Hpgd,5.636502509841996
Lipc,1.896834500411372
Hpn,4.9589259977260225
Hprt1,8.020451773881799
Hpx,2.4229886469771276
Hr,4.816209296024001
Hras,9.243106299235635
Agfg1,7.4479147543615625
Hrc,10.696384494217542
Hrh1,2.2060267219067735
Hrh2,2.4975424481005555
Eif2ak1,8.200254804004006
Prmt2,3.6918849131562124
Prmt1,8.750139159192392
Rida,6.168204418856132
Hs3st1,2.598860845435922
Hs3st3a1,2.451537546653863
Hspa8,14.125057162045664
Hspa1l,6.956292717950521
Hsd11b1,6.2090818655842925
Hsd11b2,2.3833241314551823
Hsd17b1,2.7238536767144645
Hsd17b2,2.183395219391407
Hsd17b3,2.178826014471635
Hsd17b4,9.33286657477724
Hsd17b7,3.077511504648639
Hsd3b1,2.10891936358018
Hsd3b2,1.871331370692286
Hsd3b3,2.409027564476783
Hsd3b5,2.062845135779638
Hsf1,8.254443125180302
Hsf2,2.433330823180784
Dnaja1,8.45618002124216
Dnajb3,1.983607696557858
Hsph1,9.578942699176112
Hspa1b,7.564097965898148
Hspa2,3.3603102475884885
Hsp90ab1,11.690541700241278
Hspa4,6.692737994311931
Hspa9,10.473676784190149
Hspe1,7.491000133254353
Sdc2,5.81459521080419
Hspg2,6.340512374854545
Ndst1,8.15468515339182
Trmt2a,3.971392793451581
Htr1a,2.3506925890954626
Htr1b,2.3027363316790384
Htr1d,2.0957397178740083
Htr1f,2.045013497624582
Htr2b,1.8757896331298622
Htr2c,1.9428435330344833
Htr3a,2.080962029904273
Htr4,2.3955672476457877
Htr5a,1.889265301190214
Htr5b,2.0168457747636475
Htr6,2.0224543536201423
Htr7,2.494353566262762
Slc6a4,2.1982757430354884
Elavl1,3.795254870165868
Elavl2,2.076932400898397
Elavl3,2.1294509574802434
Elavl4,2.227570313443952
Hus1,5.139606463206131
Hyal1,2.338498234065721
Hyal2,3.7130545551770044
Iapp,2.351689895124649
Ibsp,3.3883080597815347
Ica1,2.7047065749761536
Icam1,3.501655058718216
Icam2,4.828897696968672
Icam5,2.0876252754218783
Irf8,3.8643096777008537
Id1,6.5680225580490585
Id2,4.033293707064842
Id3,6.463156076645625
Id4,3.2487231775442225
Ide,9.483334080482264
Idh1,7.940309695784311
Idh3g,12.045956929031613
Ido1,2.235529794571437
Ids,2.9937819287413663
Idua,4.2853879250987585
Ier2,5.28227672869357
Ier3,6.918119653096337
Ier5,3.646930534188202
Irgm1,6.148781559084079
Cxcl10,3.107020484874143
Ifi203,3.4244954148817044
Ifi204,3.053264474502862
Ifi47,3.696850135197778
Ifit1,2.789830980035204
Ifit2,4.0849270120422005
Ifna11,1.7823774860248012
Ifna4,1.8937976241077479
Ifna5,2.672094487062465
Ifna9,2.4126321599321003
Ifnab,2.4361381302256913
Ifnar1,3.5445978201945536
Ifnar2,4.483329655428842
Ifnb1,2.447812878950098
Ifng,2.187058685071536
Ifngr1,6.09139620409787
Ifngr2,8.635657161939484
Ifrd1,8.329432161358843
Ifrd2,7.206356263815746
Cd79b,2.3440822575939726
Igf1,4.976987410418073
Igf1r,3.6744069643816175
Igf2,3.1085979759485762
Igf2r,7.584006020821374
Igfals,3.2727517424724493
Igfbp1,1.8495401074636206
Ccn1,7.4389005302318125
Igfbp2,2.967062982123064
Igfbp3,5.805698282254269
Igfbp4,7.470940171971857
Igfbp5,8.559232112388257
Igfbp6,8.965652885442701
Ighg2b,2.5704603028192863
Ighg1,2.497611623054498
Ighm,9.844707238807347
Il18bp,3.1640356606328006
Jchain,2.9248664015562382
Igkc,5.301495183988691
Igkv1-117,2.0551523650346772
Iglv1,2.2910182928984306
Igtp,5.175537331753274
Ihh,2.0054283057461504
Cd74,8.672498935759704
Ikbkb,3.2709134219678098
Ikbkg,3.662366149650176
Il10,1.908655069598783
Il10ra,2.4600973111670044
Il10rb,5.977663211724227
Il11,2.904828632108869
Il12a,4.997154059277305
Il12b,2.0989028645260865
Il12rb1,1.898376713764242
Il12rb2,2.1521867069832514
Il13,2.7066554693060056
Il13ra1,2.804639357613775
Il13ra2,2.571105728891413
Il15,5.718092993469601
Il15ra,4.646891339847431
Il16,2.8875279244867307
Il17a,1.958072730642214
Il17ra,2.395105993048553
Il18,3.5832991093470703
Il18rap,2.0196143936100355
Il1a,2.335424730439538
Il1b,2.570336416474692
Il1r1,4.432488522463956
Il1r2,2.871596615142592
Irak1,7.1873453848137885
Il1rap,2.272800028740279
Il1rn,2.114635712589692
Il18r1,2.0029278926282013
Il2,2.6059196887205145
Il2ra,2.1335164706866854
Il2rb,1.9965950975040352
Il2rg,2.85190668560884
Il3,1.975817001640978
Il3ra,2.7087106500474953
Il4,2.3782943818184137
Il4ra,3.0510804910860823
Il5,2.0783565980311556
Il5ra,2.4290676939915876
Il6,2.259297931936597
Il6ra,2.6745549674655873
Il6st,8.77751401849456
Il7,2.3547924691412403
Il7r,2.2959699665542685
Il9,2.186776956146958
Il9r,1.767970066399856
Ilf3,3.419601221147347
Ilk,8.435272033204322
Fabp6,2.365219981224613
Gimap1,3.1922764701925086
Lrig1,8.625341055581773
Impact,5.705195341791591
Kpnb1,7.629849590105976
Incenp,2.778971055517116
Inha,2.785945657805884
Inhba,3.1880296380842306
Inhbb,2.90943309297
Inhbc,2.07245951542135
Inhbe,1.9380843893737738
Cep250,2.8376455624093366
Inpp1,3.9444152069906333
Inpp5b,6.6102438079544585
Inpp5d,2.977560826253964
Inppl1,7.637254269420527
Ins1,2.1944084803575126
Ins2,2.5648685516357275
Insr,1.949282851800646
Eif3e,11.379841667919967
Invs,2.937549563393304
Ipp,5.753520308935126
Irf1,5.802532689371063
Irf2,5.728740389575466
Irf4,2.278202049181967
Acod1,2.22265537026702
Irs3,2.5540963991381638
Irs4,2.044384891840481
Irx1,2.079327786634949
Irx2,2.088197078351429
Irx3,6.663815646087954
Irf9,3.8357030053656036
Isl1,1.950365470429843
Itch,8.103101000221864
Itga2,2.268712338906202
Itga2b,1.8719126152656973
Itga3,2.685714009832893
Itga4,3.405902972842687
Itga5,3.0393633354057292
Itga6,8.476833640023687
Itga7,6.452400411622169
Itgae,2.4978284813837135
Itgal,2.0255633397841364
Itgam,2.4377936882573876
Itgav,3.207170044070503
Itgax,2.203939133311227
Itgb1,8.774685192231745
Itgb1bp1,8.497064172607054
Itgb2,3.055618321247484
Itgb2l,2.6471569412032028
Itgb3,2.339406398358765
Eif6,8.616700318431072
Itgb5,9.170180753772051
Itgb6,6.361206752615208
Itgb7,2.4734307198879293
Cd47,8.272859029974038
Itih1,2.9513745505929663
Itih2,2.267900651988168
Itih3,2.0110672533982537
Itih4,2.0324208191880917
Itk,2.022560463293868
Itln1,2.8081632170146094
Stt3a,6.370299336047057
Itm2a,10.64645378993751
Itm2b,12.102878166847148
Cuzd1,3.5844907942668303
Itpa,6.382365618489996
Itpr1,9.435816990437703
Itpr2,2.9335738676153227
Itpr3,2.458086065218786
Itsn1,2.7662405196247963
Ivl,2.4328343646096093
Jag1,3.689460732106946
Jag2,5.951575352970475
Jak1,8.651770183299467
Jak2,8.059940375848077
Jak3,2.258918421238134
F11r,4.509727621132492
Atcay,2.197645045009126
Jarid2,6.485964149441628
Jrk,2.4991281617423104
Ajuba,3.8877007058715924
Jun,8.664579884275208
Junb,4.068195195902676
Jund,5.573761321146649
Jup,7.33896162762137
Kap,2.3732667695204466
Kcna1,3.360035830382214
Kcna2,2.4337991160951713
Kcna3,2.372121001528731
Kcna4,2.4796568808471156
Kcna5,6.207082190515294
Kcna6,2.210273139601108
Kcna7,10.121125407986513
Kcnab1,2.744292941322085
Kcnab2,2.4038547296138257
Kcnab3,2.40308815819793
Kcnb1,6.713435099013618
Kcnc1,6.83753129539974
Kcnc3,3.157002768046428
Kcnd1,2.142660578225605
Kcnd2,2.062589461160719
Kcne1,2.175815475464107
Kcnh1,1.9039432775740366
Kcnh2,2.3278393008766796
Kcnh3,2.7635458204829573
Kcnj10,2.3095139848994655
Kcnj11,7.228916357595999
Kcnj12,5.096423418927495
Kcnj15,2.2999251173728306
Kcnj16,2.167285670135318
Kcnj2,2.981217784861713
Kcnj3,2.8696044670928154
Kcnj4,2.518798306762396
Kcnj5,2.24257145748335
Kcnj6,2.2097236483114338
Kcnj8,7.932991712779895
Kcnj9,2.1485627327581374
Kcnk1,2.4173890559648066
Kcnk2,3.1154973055414916
Kcnk3,2.292809057754664
Kcnk4,1.8089932963188968
Kcnk5,2.4452070337368537
Kcnk7,1.9811450290840469
Kcnma1,5.173725615449249
Kcnu1,2.2939993083786074
Kcnmb1,1.9976251263062312
Kcnn4,2.555549537821619
Kcnq1,2.5348449489752007
Kcnq2,2.3893619970205946
Kcns1,2.4932377778382135
Kcns2,2.356333852953839
Napsa,2.435399574270937
Kdr,5.99880587565237
Mdfic,6.876256748372707
Kera,7.041451379097313
Khk,4.5200672651681355
Khsrp,2.4989827560193967
Kif11,2.472879766416959
Kif12,2.3229017990129783
Kif13a,7.13646881733916
Kif13b,2.292307035226846
Kif16b,9.134874110209065
Kif17,2.0140457040059
Kif1a,2.679686675398863
Kif1b,9.199257799711239
Kif1c,3.38954776800335
Kif2a,4.842362678801642
Kif21a,6.687410355055377
Kif21b,2.338347901797981
Kif3a,2.881597942476974
Kif3b,3.1067896580317402
Kif3c,7.170825153432684
Kif4,2.467274987206532
Kif5a,1.9840511955690656
Kif5b,8.994276801183931
Kif5c,2.240738620713147
Kif9,2.2595469675718145
Kifap3,7.708279435077659
Kifc2,3.409822497213892
Kifc3,4.546309641498065
Kin,4.969617340508743
Uhmk1,2.278565379510692
Kit,2.6969135095834478
Kl,2.04898235010404
Klc1,5.743835115521827
Klc2,5.973260640365301
Klf1,2.5910927527520373
Klf12,4.6226177329834055
Klf2,7.092787026139686
Klf3,4.147458642297039
Klf4,6.102591028404767
Klf9,9.40792093557332
Klk1,2.8271875256424295
Klk1b11,2.7493011047906073
Klk1b16,2.051967214855275
Klk1b21,3.1069872155919787
Klk1b24,2.158472441616626
Klk1b26,2.5266674882854367
Klk1b27,2.075589359126118
Klkb1,2.0971166820463285
Klk1b5,2.2937555152550826
Klk1b1,2.647102285080025
Klk1b8,3.0693245248993493
Serpina3c,3.286147588695002
Klra2,2.582546046597327
Klra5,1.951937421382209
Klrc1,2.0855304985583563
Klrd1,2.0795191491346436
Kpna1,9.221140116950066
Kpna3,9.715391238076121
Kpna4,8.859168249485299
Kpna6,6.227692429135729
Sspn,8.071473966999616
Kras,6.4090598344237
Hivep3,2.347240254798086
Mafb,5.326594316672729
Krt31,2.3425236177155817
Krt10,5.042217346796722
Krt13,2.625514762990578
Krt14,1.908936755003288
Krt15,1.987964071682482
Krt17,1.7795823960357648
Krt18,2.658724236354681
Krt19,2.6744720564250044
Krt32,2.1978795056202993
Krt33b,2.180392234851221
Krt34,1.954710855964965
Krt36,2.27348503576826
Krt27,2.604896304630184
Krt1,2.020123017256325
Krt86,1.8127652553436775
Krt84,2.0513098273257717
Krt2,1.9442665547499172
Krt4,2.5170510175415743
Krt6a,2.152572108227717
Krt6b,1.9519259460326657
Krt8,2.9559168073179762
Krtap12-1,2.1448655739029534
Krtap13,1.703128476666545
Krtap6-1,1.6705070202757895
Krtap6-2,1.9645900230704971
Krtap19-5,2.061129439856474
Ksr1,5.790434079599335
Ktn1,11.224728024263579
Ky,10.668582458771128
L1cam,2.909523777932918
Lad1,2.0474750257395784
Aff3,3.655817894486447
Lag3,1.9596609970297347
Lalba,1.822110765181166
Lama1,2.264075280171554
Lama2,8.15032459748675
Lama3,2.403310420602265
Lama4,3.3620735299821374
Lama5,4.332248800334519
Lamb1,4.902886361286911
Lamb2,8.170445497610118
Lamb3,2.522594604432051
Lamc2,3.0816387036459534
Lamp1,11.367209783175175
Lamp2,8.24840275855823
Rpsa,2.536294669719122
Anpep,2.9518102365351275
Laptm5,3.6942899571680066
Large1,7.997867284847204
Lasp1,7.12341140808559
Lat,2.683971721772636
Lats1,2.617064917346365
Arhgef2,3.5199240431974683
Arhgef1,4.593834042869538
Lbp,4.5454037032459755
Lbx2,1.9327273149061501
Lcat,2.3887788040261166
Lck,2.271232587080587
Lcn2,4.6328561281108795
Lcn3,2.268183169569445
Lcn4,2.285923372894708
Lcp2,2.4436460651688674
Ldb1,4.562179607089184
Ldb2,3.713286230412877
Ldhb,10.112099828578485
Ldhc,1.9425567571461073
Cog1,5.968570309967661
Ldlr,3.6596436559225523
Cnmd,2.17332316950077
Lect2,2.0652759797168523
Lef1,1.993620285508771
Lep,3.6665224048370253
Lepr,1.9888867240013965
Lfng,2.7447271665262605
Lgals1,12.603583416548789
Lgals3,6.608171861158307
Lgals4,4.4935148075077915
Lgals7,2.273168839975384
Lgals9,5.999527200133433
Eif2d,8.477722252377438
Lhb,2.144870180785532
Lhcgr,2.059227559691006
Lhx1,1.9980455967604946
Lhx2,2.253285237374628
Lhx3,2.178274724775031
Lhx4,2.2316417782850118
Lhx5,2.202594580967301
Lhx6,2.2925130075621216
Lhx8,2.19094282761873
Lhx9,2.1871521704237717
Lif,2.1426915225345646
Lifr,3.1021938937518363
Lig1,2.3520662383207234
Lig3,3.800343462928075
Limk1,2.897037964700314
Limk2,3.454463343858207
Lipa,3.44124848635899
Lipe,5.289793139868693
Lipg,2.0948205954746615
Llgl1,5.148431324816446
Gzmm,2.771825800697254
Lmna,6.534094036427045
Lmnb1,3.357647494919321
Lmnb2,2.380912943744496
Lmo2,5.234470109108755
Lmo4,6.016612547430732
Psmb9,3.2840952125615814
Psmb8,4.366009715441042
Lmx1b,2.203589734401073
Mycl,2.21742309382871
Phyh,10.728532572940518
Sh2b3,3.9858596409400886
Lnx1,4.999246641508119
Loricrin,2.2306051110817013
Lox,5.802960139365429
Loxl1,8.06377995647997
Loxl3,4.112675002286075
Anxa1,9.412113941478612
Lpl,11.882296544154121
Xcl1,2.3712564374576015
Zbtb7a,3.376783992492241
Irag2,2.487870556314513
Lrp1,7.291092659744803
Lrp5,3.1140319985643052
Lrp6,4.4644226458265655
Lrpap1,6.847807096777241
Lrrc23,2.52732240512857
Lrrfip1,8.71473087674118
Lrrn1,4.009700346531796
Lrrn2,2.376071769141133
Lrrn3,2.4499860440098513
Lsp1,6.673930850935503
Lss,3.2127556761518115
Lst1,2.399683007832636
Lta,2.1989926457349664
Lta4h,7.833015330030396
Ltb,2.6383302487094444
Ltb4r1,2.3070483142031004
Ltbp2,2.276928777894249
Ltbp3,7.726351598324619
Ltbr,5.410734434017702
Ltc4s,2.303474887867895
Ltf,4.12850159269821
Ltk,2.443945129627253
Lum,9.115239585526808
Alad,8.035724821565125
Lxn,5.008444023876371
Elovl6,2.253343757843966
Slc2a10,2.4271524461997944
Bbox1,2.0639519429153537
Gpha2,2.0462470410588547
Stard4,3.453683230532924
Stard5,2.4826001772116526
Recql5,3.339057512710847
Grin3b,2.697980920079425
Nphs2,2.3152951511099356
Cntnap4,1.9546772073274294
Sp7,2.6360036254528905
Klrb1a,2.4860645822316756
Klrb1c,2.120573747345007
Blnk,2.938969136839429
Snx18,4.287822644413122
Hpcal4,2.1874874321679303
Or51e2,2.5148456178778003
Muc13,3.37964173165172
Kirrel1,2.0966203195519832
Ubn1,7.085555433605154
Cd93,5.690506550314795
Krtap19-2,2.051744767583381
Krtap19-4,1.754773113703101
Krtap19-1,1.9246808195738632
Peg10,2.292365571361701
Cdhr1,2.3139412532942845
Ly6d,2.3192620577775314
Ly6e,8.88284837005488
Tmem37,7.123601590496534
Usp48,4.769496411152861
Otud7a,2.2130549094809844
Cyp4f13,2.7957104734023033
Idh3b,7.388229452233472
Oxr1,9.600752961646583
Ly6f,2.1392332555834934
Card14,2.2852871552704612
Papln,2.1804564066650616
Nxf7,2.2686031460783234
Capn8,2.1152145243759293
Rtn4ip1,4.629937850019254
Scrt1,2.142608492627761
Mfn2,11.666299947812341
Trhr2,2.6304713046756913
Klra17,1.9253774930045398
Zscan5b,2.083247753541721
Arr3,2.6392561889277584
Parvb,4.930595551267691
Znrf1,6.994559158331054
Kcnh7,2.4015774056520907
Zfp287,2.4219852039597
Pilrb1,2.5334983276662717
Sertad3,3.438043401778142
Tlr7,2.4903285905132555
Tlr8,2.648230382502437
Xpnpep2,2.7313508641433324
Smco4,3.9496982439160457
Mtmr4,3.6077715792256817
Xpnpep1,7.175969762830827
Bco2,1.8602233158986643
Zfp704,2.7681833999224246
Sgk3,4.347384415058694
Slc8b1,3.9859970836505987
Adgrl4,6.928335409180879
Rac3,2.6505265810084198
Atp13a1,4.88585240546018
Epcam,2.283267254934568
Acbd3,4.387923051611327
Nherf4,2.439096614548805
Nup155,4.2863045873246755
Zfp87,3.393321981028304
Ripply3,3.032572422333049
Rfxap,6.477654959349896
Pfkfb3,9.246945240285525
Ly75,2.476690844939744
Bbc3,3.4879241036000566
Khdrbs2,2.6265248722181886
Glcci1,2.995752697271934
Cd209c,2.2773231683427544
Cd209d,2.955090645813181
Cd209e,1.848903475326065
Cd209a,2.85208597120722
Hdac10,4.1039747229060675
Crb1,2.6166131774999233
Acot8,5.338238389569869
Mlc1,2.578040733963153
Rbm39,7.703876702241684
Rtkn2,2.339001152760298
Cd180,1.8125367719594454
Ms4a3,2.1434206437399266
Usp33,7.185950360489735
Glmn,4.498568442798039
Ppargc1b,7.703095847715819
Vgll1,2.317880675341689
Tram2,2.5677125199745903
Il1rl1,2.2337937645637824
Hook2,3.0520749785096366
Oosp1,1.9046017055957947
Inpp5j,4.4184263251048455
Tmed1,6.878757511999786
Ly86,2.5205520424944887
Ly9,2.277916497182232
Ncr1,2.038342924019995
Ly96,2.477375312550133
Lyar,8.251303937310388
Grid2ip,2.913555139314825
Zfp369,2.4400225650953846
Zfp617,9.767569128006476
Krtap19-9b,1.7568960260036146
Myoz3,2.9362879240701556
Prima1,2.3961797481959577
Lyl1,3.502786287746401
Lyn,3.9277541123415154
Lyst,2.4883844202944707
Lyz2,9.11568138314899
Il17rc,2.5309756381782393
Tm4sf1,7.523279596130671
M6pr,8.133996957642987
Mcoln3,1.8818207580772814
Pofut3,3.0543846259668577
Acer1,2.1725131015543764
Mab21l1,3.047374106528624
Mbnl3,2.232930635392407
Ntng2,1.9608164317392127
Amacr,7.46778094481564
Syt12,2.127142020783162
Marcks,8.880076581993462
Vmn1r30,2.0854729956855627
Mxd1,2.1174913266634334
Arhgap4,2.5147284271536123
Asic3,2.321136562254734
Mad1l1,2.590345226588218
Acot2,7.036724897453445
Edaradd,2.2804557999310426
Galnt10,3.3384374813130244
Mxd3,2.782069533438768
Mxd4,3.116662515768349
Madcam1,2.437120254290878
Smad1,7.529917881316623
Smad2,5.4772415922033275
Smad3,6.834026748001872
Acot3,2.3470163554548757
Acot4,2.381438246073514
Havcr1,2.192704435564192
Timd2,1.9542950819505158
Havcr2,2.2163669020152432
Slc12a8,1.9986975889497536
Smad4,10.122235305158354
Smad5,4.220495353692342
Smad6,3.973766764095931
Smad7,5.992613208930081
Maf,8.805185496199107
Maff,2.915178956124729
Mafg,7.409484492256748
Mafk,6.343262663095096
Mag,2.438383453557728
Trpm8,2.5614928975906373
Bnipl,2.038460393437798
Slc22a27,2.067280851615746
Magea4,2.181870290992386
Magea5,1.8878098193294581
Magea6,1.6586873640703528
Magea7-ps,2.8926540275480233
Il17rd,2.758847046041756
Gpr37l1,2.159663090162564
Mageb3,1.8828741179261668
Cd99l2,8.190276880307103
Magoh,9.413745289689667
Apobr,2.3129788132713887
H1f8,2.558124988291461
Creld1,7.022068445572356
Mfap2,3.1506865350914173
Ccndbp1,8.961774065025905
Mak,2.2582673866589515
Mlph,2.094396838660048
Mal,2.840754334882655
Bmf,2.3554059828691325
Man1a,4.446885316052551
Nme7,2.8503645824711428
Man1a2,2.6477350255543293
Mical1,3.4553166535309394
Man2a1,4.771533442453813
Man2b1,7.235518398935099
Man2b2,3.473863163509004
Maoa,3.557278814080393
Mapkapk2,9.314712907158215
Mapkapk5,9.676498989360137
Marco,2.108350468816499
Nprl3,5.99113226552124
Mark3,8.470631600237665
Mas1,2.615324795386582
Ascl1,2.1211548019935162
Ascl2,1.942376669281659
Masp1,2.4210960101139656
Masp2,1.9697774431498007
Fxyd3,2.4740584106433996
Matk,2.1462355840850362
Matn1,2.330936036437473
Matn2,4.14491838431465
Matn3,2.337057842249728
Matn4,2.6161744007686143
Matr3,9.523492378051735
Max,3.5570304671386643
Maz,4.552101419355208
Mb,13.926213815387818
Mbd1,2.247976211552086
Mbd2,7.367904987949886
Mbd3,7.159564863215022
Mbd4,2.2351187099687
Mbl1,2.0541613725897863
Mbl2,1.9038677505374595
Mbp,5.938864643154233
Mc1r,2.113144979467212
Mc2r,2.5230538322688116
Mc3r,1.8009589253684692
Mc5r,2.351741008096314
Mcf2l,5.300282188264437
Mcl1,10.131228114743797
Mcm3,3.3077588705645518
Mcm2,3.8256831921294143
Mcm4,5.3034976372757425
Mcm5,2.7396109602832985
Mcm6,3.8066282683484096
Mcm7,5.209746835730296
Cd46,3.2366994051801647
Anapc1,7.315676147001728
Mcpt1,1.9651617921878817
Mcpt2,2.0205639889293825
Mcpt4,3.019977674242315
Cma1,3.443710906749795
Tpsb2,3.4749587049744366
Mcpt8,2.4657336788410285
Smcp,2.022315636983365
Mgrn1,7.143500112791142
Mdfi,2.3113955451409987
Mdk,3.559067084050294
Mdm1,2.376476669462859
Mdm2,7.379891133426017
Mdm4,3.2592970608832097
Abcc1,7.095895781145825
Rdh11,3.147718729633208
Slc3a2,7.538453768777146
Mea1,6.897564646273679
Mecp2,5.842435067658436
Mef2a,3.4172300832544305
Mef2b,2.0058413550192533
Mef2c,11.480439965041901
Mef2d,5.249201351772678
Meg3,6.8527231837751215
Meis1,4.334159540836999
Rab8a,5.657928530443075
Melk,2.477602239409344
Fyco1,10.64123819642363
Men1,3.566981590776031
Meox1,3.537460555766509
Meox2,7.537212492351837
Mep1a,2.004948026065524
Mep1b,1.9012904524706897
Mertk,2.9337137744271486
Mesp1,2.6038498178292175
Mesp2,2.10327732689776
Mest,3.8416257876419073
Met,3.026149325859697
Mettl1,6.0269172183145985
Foxc1,3.0058732916803037
Foxd2,1.6506545606287837
Mfge8,8.223231357702362
Mfng,3.0127766456192595
Sypl2,9.75803738545626
Mgat1,6.849079120860178
Mgat3,2.4593434288781193
Kitl,4.20495333906542
Clec10a,3.9575145989123435
Mgp,9.21060416517127
Mgmt,3.5901521407943675
Mid1,2.1308153809845773
Cxcl9,3.131459971313818
Minpp1,6.251140003731312
Mip,2.200965269365013
Bhlha15,2.540089103591185
Mitf,3.5732540239324817
Pias2,7.6590639432217715
Mki67,4.047656823764872
Mknk1,5.488415645769283
Mknk2,10.528366881222178
Mlf1,10.960964901508683
Mlh1,3.506555806532853
Mllt10,4.3887030579126
Aff1,4.031474136445307
Afdn,8.78813039380657
Marcksl1,3.934191074257788
Mme,2.554146055407428
Mmp12,2.3017206058411226
Mmp10,2.2438508000117943
Mmp11,3.0606695004778146
Mmp13,2.627456613092432
Mmp14,4.3056128806199
Mmp15,5.07296949968438
Mmp16,2.4330822960341987
Mmp2,8.178619042724112
Mmp24,2.8371863811193556
Mmp3,2.4051569519261076
Mmp7,2.3458168888078474
Mmp8,2.7779428635680445
Mmp9,2.9486630687417468
Mnat1,6.6807626028690175
Ndst2,3.422276961901588
Foxk1,3.4064974099951826
Mns1,2.813726870782777
Mnt,3.5126561225787563
Mobp,1.9637427576246047
Mocs2,9.011466805990327
Me1,10.767706432245802
Mog,2.6057553861022362
Grap2,2.3106194158028734
Mdh2,12.971814712084248
Mdh1,12.738007430330596
Morc1,2.120649068256077
Mos,2.105751341571233
Mov10,2.666095124205981
Psmd7,10.090142883683534
Cd200,7.257208728914207
Clec4d,2.2247562970443613
Mpdz,7.747003323279466
Mpeg1,4.127464556254245
Mpl,2.282120338948253
Mpo,3.7344271324853544
Mpp1,3.5414142550522256
Mpv17,6.5662418071109
Mpz,4.325218641399368
Mras,3.0294072305553486
Mrc1,6.783256956048208
Mrc2,3.1634541908682228
Mre11a,3.94969902076903
Meis2,2.5417611589148543
Meis3,2.863916399654545
Irag1,3.7008914942378346
Msc,2.855002423168177
Cited2,9.43208576274254
Msh2,5.036132381367003
Msh3,3.0855943421071053
Msh5,2.2695445355115855
Msh6,4.023933546584604
Msi1,2.247156461659333
Sik1,2.5448802521044245
Msl3,8.308555325445068
Msmb,2.1502751885302747
Msn,7.3993586051635445
Msx1,3.022093518674392
Msx2,2.1230354970810965
Msx3,2.4340795421699513
Grpel1,9.205043040385961
Grpel2,4.371219423211958
Mt1,7.198515703678022
Mt2,5.727804582829697
Mt3,2.899057428397601
Mt4,2.6101504996530243
Map1a,3.7192954580545625
Map1b,2.2544923800609884
Map2,2.15389065163772
Map4,9.774485454748048
Map6,2.9177110840725096
Map7,2.791928500603651
Mapt,6.951650718968724
Mtcp1,4.145942532320948
Mtf1,2.8829276257794163
Mtf2,4.902612113106955
Nudt1,3.8205082133851085
Mthfd2,2.821484134067415
Mthfr,2.6080176002422304
Tesmin,2.0008201527768423
Mtm1,6.94899581429605
Mtnr1a,1.9328244147328626
Laptm4a,11.073091187119312
Mast2,9.280009379675173
Mttp,2.29545981941196
Fam89b,8.089524853869863
Mtx1,6.021671252872328
Bloc1s5,6.2998070077662875
Muc1,2.407521103554502
Prol1,2.101415110663703
Muc2,2.4340159293791896
Muc5ac,2.3759890957331637
Mug1,2.2955628991514083
Mup3,2.532663423943161
Mup4,2.1704980365269875
Mup5,2.023745372930061
Commd1,8.839407049813667
Mmut,9.267399751607106
Mvk,2.9416241404602297
Mx1,2.574977755195121
Mx2,2.3481743057538935
Mxi1,7.010175509625811
Myb,2.4386420085024407
Mybl1,2.2722944918631054
Mybl2,2.429412424809023
Mybpc3,2.1032162067654934
Myc,3.275047246921685
Mycs,1.5584228029490272
Ppp1r15a,7.356610732588731
Gadd45b,7.1081889725147045
Myd88,3.981266223011246
Myef2,2.045897326279622
Myf5,4.171613030573237
Myf6,10.52542597115231
Myh1,13.411877555031978
Myh11,6.759084725705738
Myh2,13.292829866185912
Myh3,3.230217721949289
Myh4,13.625558806535656
Myh8,3.1622543179828138
Myh9,6.566176980210417
Myh6,2.588983871221727
Myl4,5.395406385257572
Myl3,9.810464492469995
Myl7,1.948936697902817
Myl2,8.236154586936122
Mylpf,14.291312827140116
Myo10,7.8147300286413
Myo15a,2.432072693774176
Myo1b,3.799078007439237
Myo1c,5.660664080859998
Myo1f,2.1077407441907288
Myo5a,3.263132108251314
Myo5b,2.3321120674773765
Myo6,3.2231324010641877
Myo7a,3.4127148097960145
Myo7b,2.4616166939936055
Myo9b,3.7911593667046954
Myoc,9.148355428582137
Myod1,5.848390091892551
Myog,3.0708515437647814
Myom1,12.497625980906369
Myom2,12.950467581128317
Ppp1r12a,5.8531735352907885
Myt1,2.4261404277898335
Myt1l,2.175100640730399
Nab1,4.616216703340662
Nab2,4.642324228788879
Naga,3.649277460765065
Naip1,2.3479941187502344
Naip2,2.1619803537169253
Naip5,2.269030497896168
Naip6,2.005277397439614
Nap1l2,2.047361589453933
Nap1l4,10.49832482840607
Napb,4.511876490277609
Nat1,2.573191655482384
Nat2,3.1217140228274403
Nat3,2.055812034698014
Nbl1,4.881476827481211
Nbr1,8.887469289083322
Ncam1,2.631207289026347
Ncam2,1.955846834802
Ncf1,2.906130103573554
Ncf2,2.6052445327650275
Ncf4,2.7199710520676166
Nck1,6.533892931619069
Nck2,4.121478030981134
Ncl,8.291864219311266
Ncoa1,8.600908617433399
Ncoa2,4.757433888005177
Ncoa3,2.75219950443228
Ndn,7.429192077833143
Ndp,2.3446058094057576
Ndrg1,6.047232730172806
Ndufa2,11.743250279476136
Coxfa4,12.442153178033964
Ndufs4,10.777823959073421
Ndufv1,11.470775116312751
Neb,12.961615856184286
Nedd1,6.778852459868815
Nedd4,10.956927694350036
Nedd8,10.442281180565024
Nedd9,5.04806146868506
Nek1,2.44516709736868
Nek2,2.5372603448314344
Neo1,7.904367803944015
Nes,3.123121499600458
Neu1,5.507366344684955
Neurl1a,6.794387617837168
Neurod1,2.1548408963637646
Neurod2,1.7250013761501541
Neurog1,2.0564289156955593
Nf1,2.4611282423220238
Nf2,5.5623964392730585
Nfatc1,6.517586632956367
Nfatc2,2.764715674150004
Nfatc2ip,2.8715901259841026
Nfatc3,8.097655228442688
Nfe2,2.217374728155378
Nfe2l1,9.501865225785904
Nfe2l2,8.91465526435986
Nfe2l3,2.248089383647437
Nfia,3.1720282034674576
Nfib,10.661425171106066
Nfic,8.030855855580365
Nfil3,5.955747771125083
Nfix,10.757318005250815
Nfkb1,7.147720157076262
Nfkb2,3.736261341920408
Nfkbia,8.96229519561025
Nfkbib,3.359004327979193
Nfkbie,2.6246388264145435
Nfkbil1,3.8699879634637604
Nefl,2.0712087118191405
Nefm,2.2709853241617908
Nfs1,8.45363139163224
Nfya,2.7556231081301346
Nfyb,7.226951175209865
Klk1b4,3.6922204189058063
Ngf,2.431198171404232
Klk1b3,1.9986674929369672
Ngfr,2.276757396797953
Ngp,5.5729271832304805
Nhlh1,1.8053384099603613
Nhlh2,2.237986885935513
Nid1,7.891298590648119
Nid2,5.110825227841858
Nin,5.2598883651464545
Ninj1,5.1341567270377455
Nipsnap1,2.3574657010294287
Nktr,5.5487399687630585
Nkx2-2,1.8578908191815895
Nkx2-3,2.503802435942646
Nkx2-5,2.2725750249476095
Nkx2-6,2.2305723882721042
Nkx2-9,2.0483976607796275
Nkx3-1,1.6762149645306792
Nkx6-1,2.5700108008185363
Nlk,6.895313650535591
Mrpl40,8.601775851107183
Nmbr,2.5118977142518184
Nme1,9.1483264687956
Nqo1,8.072275203129667
Nqo2,5.263945324623077
Cd244a,2.23978860382586
Nmt1,9.047592309488266
Nmt2,3.623468566176424
Mycn,2.682418389967521
Nnat,5.762805263244736
Nnmt,4.416296636418452
Rrp1,7.684042979988061
Nnt,9.825189841540311
Emc8,3.3252154580150464
Nodal,2.18124676073082
Mrpl49,7.34568956644569
Nog,2.5978969416038793
Nr4a3,2.362718256540808
Nos1,5.351544538415449
Nos2,2.135350887335422
Nos3,5.895668817594241
Notch1,4.353106516735637
Notch2,4.6589749146351345
Ints6,6.980400895529872
Notch3,4.322727305119901
Notch4,4.3970934771709755
Ccn3,5.46810273097761
Zfp638,6.747163336817361
Uhrf1,2.743662899910214
Nup50,4.175011458601537
Npas1,2.3008015529597414
Npas2,2.3623741776351133
Npc1,8.258127029533346
Npdc1,6.413248135759436
Pnoc,2.084784180154245
Nppb,1.9694046750315521
Nppc,2.4749178353801917
Npr1,2.6699728096869335
Npr3,3.34407801320627
Ctnnd2,1.8743159335556552
Nptx1,2.412480640973405
Npy1r,2.7849759551954794
Npy2r,2.3256149364822334
Npy5r,2.0052481875625037
Npy6r,1.8799296465704212
Nr1i2,2.0522253935214816
Slc11a1,3.262349230416248
Slc11a2,4.2322032170976405
Nrap,12.390564552900713
Nras,5.626717758674199
Nrf1,3.9277825952226273
Nrg3,2.645550520258826
Nrl,1.8743752746229854
Nrp1,8.44606180575284
Nrp2,4.166837434811662
Nrtn,2.8233972947239683
Nrxn1,2.187168163865814
Nrxn2,2.5461982246521657
Nrxn3,2.3704506480442356
Nsd1,4.277852193488201
Nsdhl,4.724011854223711
Nsf,5.591107066485288
Nsg1,2.776377839331408
Nsg2,1.8800687277893617
Musk,3.5839250392209436
Nsmaf,6.717682108473594
Ntan1,8.199059427545455
Ntf3,3.459407718122254
Nthl1,2.822867354785729
Ntn1,3.249818762609934
Ntn3,1.777934344988532
Ntrk1,2.0175756283044723
Ntrk2,2.2281360203150995
Ntrk3,2.2625575165650242
Ddr2,5.890761688350415
Ntsr1,2.0565645369804297
Ntsr2,3.4597060550844305
Dusp8,4.3893925626635735
Nucb1,7.508523800726784
Numb,3.3940991028670084
Numbl,3.5065342851014663
Nup62,7.359363750417155
Nr4a2,2.705634679762239
Nxn,5.701454739897277
Nxph1,2.483728535989797
Nxph2,2.0674263123129277
Gpr143,2.145531481018726
Oat,11.228746103825875
Oaz1,12.774343439390472
Oaz2,9.917973328784782
Obp1a,2.6067522091949744
Oc90,2.4873270444088105
Ocln,2.2244407812111313
Odc1,7.748095781081202
Odf1,2.225760480857938
Odf2,2.6595440719506858
Nobox,2.499245626829936
Sebox,2.5281028049712386
Ogdh,8.036531374389542
Ogg1,3.083261421653637
Ogn,9.664139137494821
Fam3d,2.0330471694393792
Fxyd5,4.502344981064835
Oit3,2.360908054334587
Or2c1,1.821674523069501
Or10j5,1.9790930474112354
Or10a4,1.9857941691173506
Or6a2,1.8300553740655927
Or6e1,1.7758978692696648
Or51b6,1.7356194068209139
Or51b17,2.590140194296318
Or51b4,1.9435755492146303
Or52z1,1.6106307841215861
Or52a5,1.857260724365588
Or52a5b,1.6491075646346598
Omg,2.4476611057629065
Omp,2.2134917596958243
Omt2a,2.240823629233884
Tnfrsf11b,2.577841843165922
Oprd1,2.3308299847066114
Oprk1,2.014397157911085
Oprl1,2.0688541477059865
Oprm1,2.117871578396206
Sigmar1,3.596758615067687
Orc1,2.04945091621878
Orc2,4.5290381798507005
Slc22a6,2.5797531880473423
Slc22a18,2.5624124302098004
Orm1,4.0381420723505945
Orm2,2.180449885161932
Orm3,2.1737515226720894
Slc25a15,3.85096638887169
Sqstm1,12.01745936901627
Osm,2.2929007334066913
Osmr,3.639888511290366
Hspa4l,3.843547334153831
Otc,2.331465755936555
Cldn11,2.2360139817288114
Otp,2.1009099589534466
Otx1,2.47399243649737
Otx2,2.07987599106178
Ovol1,2.2221322401347456
Oxt,1.7563010640876726
Oxtr,2.511413412973494
Oca2,2.1099281881463
Mybbp1a,8.1984665912023
P2rx1,2.268500887709427
P2rx4,3.3479455916994207
P2rx7,2.6473022411741467
P2rx6,5.153106868628162
P2ry1,2.6772173006573516
P2ry2,6.506128155206206
P4ha1,7.044829780418592
P4ha2,7.508445721470557
P4hb,10.036342569427797
Bloc1s6,4.531024536854192
Pabpc2,1.8972963659107898
Pafah1b1,7.90886925865778
Pafah1b2,4.332117677182251
Pafah1b3,2.7927054644245595
Prdx1,11.421493497541766
Pah,2.1460296331917594
Pak1,4.930482350186732
Pak3,2.4470874981940964
Palm,3.3831663383693673
Pam,3.011048965573871
Cntn3,1.9945309482573166
Reg3b,2.289716566581952
Pappa,2.4727228660880285
Pax1,1.8398605621303485
Pax3,2.565832218817462
Pax4,2.6292141196525054
Pax5,1.8472982600775092
Pax6,2.064461280947507
Pax7,2.290707103025761
Pax8,1.8238618971277047
Pax9,2.3145383727696482
Pbx1,3.33493829091581
Pbx2,3.754883853535002
Pbx3,2.911318133168726
Igbp1,8.776738763496448
Kat2b,9.788885310232402
Pcbp2,11.541088351481056
Pcdh10,2.2207102650773765
Pcdh8,2.021292296950105
Pck1,4.545307968559427
Pcm1,6.871208838855945
Pcmt1,9.80880638364388
Pcnt,7.9037662561872155
Pcolce,8.740890887727256
Pcp2,2.0357525080126573
Pcp4,2.625171173666438
Pcsk1,1.9570433435876853
Pcsk2,2.3046370086107077
Furin,4.1435071768103215
Pcsk4,2.911073700875645
Pcsk5,2.279415383142743
Pcsk6,4.423464242531063
Pcsk7,5.034589065143838
Cdk16,9.318242772700527
Cdk18,3.2440402974072633
Pctp,3.837207502946677
Pcx,7.918269538400906
Pdcd1,2.3104312269394587
Pdcd2,7.50373148987376
Pdcd4,7.150837904480419
Pdcd6,7.667299230859112
Pdcd6ip,4.035389981351087
Pdcd11,4.704154675699082
Pde1a,2.381782548663925
Pde1b,2.837347536949659
Pde1c,2.4056275964805
Pde3b,4.470961707442832
Pde4a,5.659181667836312
Pde4b,9.41666084305834
Pde6d,7.861130244973963
Pde7a,8.40612800997202
Pde8a,3.894983783250858
Pde9a,2.9161932667522614
Pde6b,2.3794029270472596
Pde6g,2.5427914553230213
Pdgfa,6.967859475934237
Pdgfb,6.035055800007778
Pdgfra,6.406259037115796
Pdgfrb,7.233389001317522
Pdha1,11.211398051898767
Pdha2,2.009085852649185
Padi1,1.9158774003280616
Padi2,9.060079814378803
Padi3,2.1285396041316704
Padi4,2.270137876551928
Pdk2,11.59830150864576
Enpp1,2.8612673549709506
Enpp2,7.717963477601271
Pdpk1,7.606458905635061
Pdx1,2.5606194577074692
Pdyn,2.3760654570062
Pea15a,6.719823943037338
Etv4,2.6965233548120424
Pecam1,7.73282336717756
Peg3,7.411047035723759
Pemt,2.3646047766733016
Penk,4.964081567647448
Pepd,6.866775463264047
Per1,5.747570900897131
Per2,3.1896492812599035
Per3,2.6789816171322713
Dcaf8l,1.8936485230007836
Pex11a,7.940776017442052
Pex11b,6.455706026695341
Pex16,5.776569120410646
Pex7,8.76964945145457
Cfp,3.341045501218217
Pfdn2,8.796978707818495
Pfkfb1,8.720514222211042
Pfkfb2,2.878143111818335
Pfkl,3.732378476632585
Pfkm,13.676881571129833
Pfn1,9.85955182714794
Pfn2,12.003500860851792
Prf1,2.3198816907073145
Cdk14,2.9406808914828466
Pgf,2.97890011193348
Pgk2,2.5808325957934444
Pgr,1.9715906331552207
Abcb1b,4.967330082418942
Abcb4,9.77190438857433
Abcb1a,5.241422569011
Phb1,9.49820847757823
Slc25a3,12.620208393204237
Phex,2.3479110882947336
Phf2,3.5305919661509217
Phka1,12.292953435033255
Phkg1,11.498704775326019
Phtf1,4.358894211038682
Phxr5,6.334181486911079
Pick1,6.677333011461992
Piga,2.627652256910103
Pigf,3.0088504929584574
Pigr,2.1382369142620723
Pik3c2a,2.5432506404825688
Pik3c2g,1.8802835842108765
Pik3cd,3.109267220441636
Pik3r1,5.148535610948282
Pik3r2,4.5873099179565875
Pik3r3,4.544334842292401
Pikfyve,3.028443627515913
Pim1,4.822090614513936
Pim2,2.823378603924032
Pip,2.3573823731559
Pip5k1c,2.703842657023328
Pip4k2a,3.66986651397548
Pip5k1b,2.3897810666399466
Pip5k1a,7.96452913707273
Pirb,2.671286537778046
Pou1f1,1.8988582727704246
Pitpna,8.083633543595006
Pitpnm1,4.281071498223443
Pitx1,2.0588135897176993
Pitx2,6.513231813056592
Pitx3,2.519105159905258
Pja1,4.360196392653432
Pkm,13.282361381260964
Prkaca,9.133570423121562
Prkacb,7.517630569458954
Prkca,5.73770983237372
Prkcb,2.6356040827370864
Prkcg,2.32955986217789
Prkcd,5.626397927320418
Prkce,4.792045071750228
Prkch,4.326849255980735
Prkci,4.091364461451636
Prkcq,8.88824450138023
Prkcz,2.545744083077221
Pkd1,3.4651552268592183
Pkd2,7.72678819451524
Pkdrej,2.2732523893340897
Pkia,11.814779124717573
Pkib,2.324621113209395
Pkig,9.943713790033225
Pklr,2.553311119282477
Pknox1,5.846545245119216
Pkp1,1.9826040554961744
Prl3d1,2.202020253521295
Prl3b1,2.18941448288389
Lypla1,9.356856309737104
Pla2g1b,2.204104697284277
Pla2r1,3.1159616039263036
Pla2g2a,2.7611832397156704
Pla2g2c,2.76627979887423
Pla2g2d,2.22278669952634
Pla2g4a,2.790976544258149
Pla2g5,2.72878757302763
Plaa,6.54509881600507
Serpine1,2.949887359432214
Serpinb2,1.943541745809675
Papola,7.329646120045104
Plat,5.393390769399471
Plau,2.2596915520231997
Plaur,2.65889934116392
Plcb1,2.419085819182031
Plcb2,2.8240434028804944
Plcb3,3.775194572457656
Plcb4,3.248202074861291
Plcd1,4.238517816541589
Plcd4,9.649648771780136
Pld1,3.2489177160510785
Pld2,5.458271516656938
Pld3,5.671373700539888
Plec,10.568418918388032
Pa2g4,6.42569967069518
Prl7d1,2.1074526352962564
Plg,1.8278252266547061
Serpinf2,2.470637821078616
Plk1,2.60800135855354
Pln,2.672036438065108
Plod1,6.114877244647541
Plp1,3.21902360247833
Lcp1,5.635860154857333
Plscr2,2.5878466197245777
Pltp,8.238296356285558
Bpifa1,1.9934692781761234
Plxna1,2.0941023547971898
Plxna2,3.448182622623737
Plxna3,2.1335002429231475
Pml,3.0301290107923204
Pmp2,2.904324148714301
Pmp22,8.974239739258591
Pms2,3.2058062073353795
Prrx1,6.152244812719897
Phox2b,2.4998357651736476
Pnliprp1,1.9743922866099763
Pnliprp2,2.3594822388518497
Pnmt,2.071764547792146
Pnn,7.567107546812305
Pnp,7.162245319382198
Septin4,6.659115669562742
Pola1,2.5509634290292156
Pola2,6.09820681408106
Polb,9.252636190539592
Pold1,4.063358920546109
Pold2,8.151965530208484
Pole,3.371392376885743
Pole2,2.5990371915986414
Polg,6.701124475135528
Pomc,2.4558105333896236
Pon1,3.2967861372020555
Cnot7,6.6313825490563145
Por,4.6529823052960335
Pou2af1,2.0140452137991836
Pou2f1,4.6869366623035775
Pou2f2,1.5762493862560578
Pou2f3,2.4689841485116477
Pou3f1,2.3511148978182383
Pou3f2,2.1871637992329
Pou3f3,2.1221792572678795
Pou3f4,2.4065789482924203
Pou4f1,3.091707038051677
Pou4f2,1.8210879501709378
Pou4f3,2.137632205456694
Pou5f1,2.186987869079234
Pou6f1,2.95881715032302
Endou,2.2247014275761408
Plpp1,8.766390535218449
Ppara,5.913465506941119
Med1,5.073427512488014
Ppard,2.937078462593046
Pparg,3.75984690570001
Ppargc1a,7.3742162454368945
Scand1,7.895545566446178
Ppef2,2.1484923865742527
Ppfibp2,2.8994127454475387
Ctsa,4.936856732992335
Sypl1,10.780194884922887
Ppib,9.275543527788512
Ppic,8.248390880841809
Lgals3bp,5.814221049353584
Ppl,3.322536953982135
Ppm1a,9.894273380193553
Ppm1b,9.44162864529895
Ppox,4.8476379624503165
Ppp1ca,10.985924935667166
Ppp1cb,11.79540749518624
Ppp1r1b,2.241226461108147
Ppp1r17,2.331491187517926
Ppp2ca,10.75746757940289
Ppp2cb,8.504839429854696
Ppp3ca,10.25109964370648
Ppp3cb,10.892682667972133
Ppp3cc,5.339240063743848
Ppp3r1,9.345022437496455
Ppp3r2,2.1955163637411093
Ppp5c,7.972745005715171
Inpp5k,6.850865197685983
Ppt1,5.53972704975151
Ppy,1.9209491543357478
Npy4r,2.1443893100954123
Nup88,8.356135755838942
Mob4,9.45878400522839
Prep,6.365246842916981
Srgn,8.848691900198618
Prg2,2.657025701563342
Prim1,2.7981064346567472
Prim2,2.5304002747146943
Prkab1,4.659537412828427
Prkag1,5.801928768968314
Prkar1a,9.62413436430114
Prkar1b,2.565984751019732
Prkar2a,9.349764480249526
Prkar2b,3.854913994620125
Prkcsh,6.409989920059502
Prkdc,4.53553999440932
Prkg1,7.286140548650148
Prkg2,2.4130481125678194
Mapk11,2.547572813714504
Mapk8ip1,2.449137087081771
Eif2ak2,3.5465381437548786
Prkx,3.271979383391734
Prl,2.3278871134527814
Prl4a1,2.1980229867585233
Prl6a1,2.165895891788793
Prl8a6,2.2763381383334234
Prl7a1,2.680005359510434
Prl7a2,1.994508102243793
Prlr,2.1464314821234978
Prm1,2.2921263696192136
Prm2,2.4781330901831446
Prm3,2.4733526922464133
Prnp,10.019212881259847
Proc,2.3101555864342167
Procr,7.201381512331857
Prodh,4.529696086793622
Prom1,4.07228858661652
Prop1,2.2675402664558857
Pros1,6.264302103487462
Prox1,2.347724075411474
Prph,2.031632655254801
Prph2,1.9461846205972844
Prpf4b,6.4910684239547765
Prps1,8.787309733589689
Lgmn,6.342907847983233
Prss12,2.7928200778885173
St14,2.31974929919315
Klk6,2.4598964293485026
Prtn3,3.6293868287682316
Prx,4.534730028006929
Npepps,8.185774038964867
Psap,10.871758874561325
Helq,2.7871252458224127
Cyth1,6.28404925003687
Cyth2,7.278222890951732
Cyth3,4.087307839324436
Psen1,7.4926110128468935
Psen2,5.345242398397481
Psma2,10.298364697840249
Psmb1,10.479386537885373
Psmb10,6.257288049600427
Psmb4,11.263650707715179
Psmb6,11.119869193621062
Psmb7,11.803900750926763
Psmc1,11.14276566538121
Psmc2,11.298707994540976
Psmc3,10.552947132277582
Psmc3ip,3.3200954801421925
Psmc5,10.176293572349545
Psmd4,10.75937234413326
Psme1,8.451356467365924
Psme2,4.826788492664808
Psme3,7.644532229858634
Pipox,1.9780617170571262
Bpifa2,2.3602605849056046
Pspn,2.020301929300136
Pstpip1,2.4313054920922306
Pstpip2,8.338799564974414
Rhox6,2.1518773521025203
Ptbp1,7.117739723692729
Ptch1,2.279208511988262
Ptcra,2.3026663956262814
Ptdss1,7.116457427030961
Atp12a,2.4059495841563483
Dicer1,7.095860249804493
Pten,8.975312435403998
Bspry,1.849984964373741
Pter,6.2375851497000125
Sugct,2.3611777228063042
Ptf1a,2.1734817842267353
Tmc2,1.7755492353004592
Ptgdr,2.5887368573163516
Mvd,2.4581810586973574
Socs7,8.705143134778634
Prpf8,8.384499021732633
Ptgds,2.4640399097891277
Casc3,5.73541718145371
Pcdha@,2.148418174175973
Sardh,2.5723159769347017
Nlgn1,2.6747599531779236
Ufsp2,9.304207685459167
Ptger1,1.858855396383632
Eif4a3,9.52243056915193
Mcrip1,4.654294905568052
Rwdd4a,8.49032957490676
Flna,6.841332475773112
Ptger2,2.3533052952894855
Nadk,6.365687816171801
Stab1,4.094847369528835
Stab2,6.329858337327409
Ptger3,3.7016602399734544
Pkhd1l1,2.034635958936057
Med9,5.735507582299269
Shkbp1,4.577600100917344
Edem1,3.9625161582160815
Btnl10,2.070213574374565
Ash1l,7.51084335147272
Luc7l2,8.942470402912955
Bcas3,6.04023178755407
Lrrc4,2.4025657721356475
Rspo1,2.024467732713809
Ptger4,2.8831557425016547
Wfdc12,2.573764933119623
Wfdc15b,2.285854256293531
Ptgfr,2.1042170947832397
Prom2,2.1345217286309177
Tmem47,3.549201357768664
Ptgfrn,3.7687796082459513
Ptgir,3.349865678077547
Hexim1,7.073971863923316
Hps4,3.8468313581150615
Hps1,2.078572532323147
Ptgis,4.801696347528222
Ptgs1,2.9276536195292038
Ptgs2,2.252916386762155
Pth,2.050472018955245
Pthlh,2.7765929999241727
Phf21a,6.707050396361221
Slc25a36,4.788465588686596
Pth1r,2.8968494443111408
Nrbp1,8.394751080682896
Ptk2b,2.602294894262218
Twf1,4.028949082798063
Tmsb4x,11.678788358252291
Ptn,2.1580790664790994
Ptp4a1,8.16625788571559
Ptp4a2,11.22807435085032
Ptp4a3,7.834479975028214
Ptpn1,6.180826192857816
Ptpn11,3.720432442930458
Ptpn12,6.301221903794011
Ptpn13,2.284334720979767
Ptpn14,3.0194266211419976
Dusp1,10.203648545460439
Ptpn18,3.191543391812741
Ptpn2,7.522118751260628
Ptpn20,2.4348235590409764
Ptpn4,2.7091930916115223
Ptpn5,2.263861547239414
Ptpn22,2.5779447234777026
Sirpa,3.1973476651432655
Ptpra,5.684448274296314
Ptprb,4.904803809278385
Ptprc,5.023107355340448
Cabp7,1.94252325591522
Zfp286,2.0992189762817577
Wdr81,3.799571345927246
Ttc36,2.065123451098158
Pla2g15,3.2970845876558297
Ripk2,2.5496438085092246
Ell2,8.647224317998488
Rfpl4,2.024674106804247
Ptprcap,2.7328203863444487
Arhgdia,7.344374661356316
Abcg4,2.272991323104319
Ptprd,3.133997699095193
Rassf3,5.123505461913125
Ptpre,3.5256494783514847
Pcdhg@,7.222412414100265
Ptprf,2.7809957404850123
Ptprg,4.929060613895172
Ptprj,2.6400850959147464
Ptprk,2.771585581362498
Lrrc75b,2.584442541375351
Ptpru,2.5241723318377143
Ptprn,2.2601834389005533
Ptprn2,2.211600096451197
Ptpro,2.1827963381068707
Rapgef6,2.6391364508932926
Ptprr,2.8854191679279872
Ptprs,2.993417804168342
Ptprt,2.0569947288595185
Ptprz1,2.2935083029348804
Cavin1,6.070388644887001
Pts,7.2466760248345095
Ptx3,7.519194823694446
Itgb4,3.2711820215710574
Igdcc3,2.471392962861561
Pura,6.42658028892953
Purb,5.993859564065187
Pvalb,13.944964616893818
Nectin2,2.5849751523289135
Nacad,2.683061733268873
Pvt1,2.330900612539471
Dhrs11,7.493846910239394
Lrrc75a,3.3951150459813184
Cyb5d2,7.101541609628817
Pex19,8.606245552072645
Abcd3,10.100972866645796
Pirt,2.1195089705786776
Abcd4,4.097872562393334
Pxmp2,8.4321854008373
Pex2,8.944142787658999
Pxn,8.320423667143913
Zfp3,4.110212041062086
Pex5,5.097614888867908
Pygm,13.291232706299587
Slu7,6.135172021787948
Qki,8.16135565049978
BC018473,2.35460195230678
Rab1a,10.515449405609727
Rab10,10.570853591373725
Rab11b,3.470761377938621
Msantd5l,2.198433413936165
Rab12,10.477149062102006
Rab17,2.613863042575979
Rab18,9.674763335175761
Rab19,2.181803648104475
Rab20,3.561074793590857
Rab22a,7.674331698345799
Rab23,3.828767329701081
Rab24,8.073456936367633
Rab33a,2.103328657280081
Ripor2,3.2725265356780766
Rab33b,7.204578404120376
Rab3a,6.542583326091578
Rab3d,2.834961202108208
Rab4a,6.806284934844402
Rab4b,4.456699721623632
Zfp184,2.0252487849516663
Rab5c,5.256585826361806
Rab6a,10.423295854359289
Dennd5a,9.241413984836147
Kif20a,2.416928209598645
Rab7,10.617756653977688
Rabggtb,8.835274001404217
Rac1,10.670086540242645
Rac2,2.3099926145328555
Rad1,5.003073266487298
Rad17,8.457137244113348
Rad21,8.53707087130981
Rad23a,9.461484698765183
Rad23b,9.487417937491317
Rad50,4.637456451035702
Rad51,2.7237793442979235
Rad51ap1,2.401020357436372
Rad51b,1.9983288425304828
Rad51d,3.044124385039687
Rad52,5.268682634172243
Rad54l,2.2534147201265773
Rnf185,6.458057060371299
Rad9a,3.3167679572362743
Zbtb12,3.393944434361236
Rag1,2.33296401100387
Hspa1a,5.43123316301152
Abhd16a,9.309433873879566
Rag2,2.5530090148109146
Rab34,3.9825296155815075
Rai1,4.892950689690581
Aldh1a2,3.4596276680812097
Kdm4b,4.27327135227245
Mcfd2,8.399672609101115
Raly,5.694762274805558
Ran,10.328315333200441
Ranbp1,7.899434347844594
Ranbp2,7.898298568878307
Rangap1,5.385346599547574
Rasgrp2,2.833107149552074
Rapsn,6.963626327626194
Rara,3.383140961833135
Rarg,3.7419088038990456
Mtmr11,2.862636969573779
Rasa3,4.481603006852242
Rasal1,2.0879266539268313
Rasd1,2.858432263316423
Rasgrf1,2.102640343958291
Rasgrf2,2.6644917705423405
Rasgrp1,2.3924867679619246
Slfnl1,2.517703128390999
Pramel27,3.3220846719461954
Pramel25,2.213446093232294
Cnksr1,9.408861332017764
Rimkla,2.1589193172447714
Airim,4.555653309654032
Rasl2-9,4.366828178006753
Vps37d,2.1754538930493363
Rax,2.269937651537889
Moxd2,2.0108125310098797
Tet3,2.6081567008172217
Reps2,2.1345500567539153
Tmprss11a,2.035091388011438
Klf11,3.749641383691705
Gm9,2.2172767574921175
Pld6,1.9689075057620478
Jmjd4,2.865674140064978
Sun3,2.610713413976102
Zzef1,4.812282955346789
Tmem199,7.071934463740526
Zfp469,2.9028461514753414
Gsc2,2.397286709789483
Trim40,3.0134574335156263
Utp14b,2.41248928439111
Zfp691,3.2836744608283124
Hs3st2,2.051502524944554
Grhl1,2.1664993902196787
Rb1,7.922204799587438
Rbbp4,6.722197402466236
Rbbp6,5.458375020079193
Rbl1,3.102968012512635
Rbl2,8.39093816579641
Rbm4,2.8972667195445054
Rbm6,4.803130635319345
Rbmx,6.6865489709199295
Rbp1,4.276231374557381
Rbp2,2.9114055608803686
Rbp3,2.3952403619250062
Rbp4,3.2716879745974636
Rbpms,3.2975341345179845
Rbpj,7.428241696393673
Rbpjl,1.9559309776796443
Rce1,2.956083102605907
Rcn1,6.124466035664916
Rcvrn,2.1351336173052884
Pitpnm2,3.2722658964056333
Rdh5,3.232785286794968
Rdh16,2.278280159188725
Rdx,9.887902840371657
Rfc1,5.448592318741483
Recql,3.3176973758205404
Reg1,2.0090770263639457
Reg2,2.3585060918551846
Reg3a,2.154194324032487
Reg3g,2.1893315565644906
Rel,2.642380924684493
Rela,7.545887992670292
Relb,3.792812382409528
Reln,4.034326961059873
Rem1,2.738135725194983
Renbp,2.4337459188970807
Upf1,5.383624206207628
Reps1,7.405750721372558
Dpf2,8.165372847895698
Resp18,1.9465870194566828
Rest,3.1096225516319573
Ret,3.4833124423109503
Rev3l,3.0319504472735175
Bex1,10.807922478599808
Rfc2,5.833431736522383
Rfng,4.5789064976095615
Trim27,7.53871397779785
Rfx1,3.111887828161842
Rfx2,3.031038222463177
Rfx3,2.177799475413807
Rfxank,2.969267557625475
Slc50a1,4.830620130004819
Ralgds,4.583742155836147
Rgl1,3.248178425323933
Rgl2,6.928955447147231
Rgn,2.2187093640366675
Rgs16,2.5946334785616294
Rgs2,5.161232712508561
Rgs4,3.4311273198847725
Rgs5,9.488391215814906
Rgs9,2.82056745021767
Rhag,2.981565481991798
Rheb,10.850879018244067
Rhd,2.487502874689342
Rnase1,2.4041993746037122
Rit2,2.2863631488869403
Ring1,6.1177218762984635
Ralbp1,6.319571349686211
Ripk1,3.296842497876129
Rit1,6.4549219643479745
Rlbp1,2.53833068715519
Xpr1,7.424808388993045
Uri1,8.109603114073986
Rnaseh1,3.5205480003465355
Rlim,4.493853588962531
Rnf2,6.136136844418448
Rnf4,7.027488844577811
Rnf7,9.56923904204674
Trim10,2.8187011285402015
Robo1,2.803104803974545
Rock1,7.00585823138857
Rock2,8.016788098453588
Slc22a8,2.0808874642598556
Rom1,3.5551374019448834
Mst1r,2.465076283992383
Rora,9.396281951801924
Rorc,5.326434702739122
Ros1,2.158613432089179
Rp1,2.11162124378964
Rp2,3.777991292111411
Rpa2,6.923785281913837
Rpe65,2.0927979592018917
Rpgr,3.1842647803027906
Rph3a,2.0161645742083616
Rpia,8.22975027406055
Rpl21,2.75686982498688
Rpl22,9.672486253809854
Rpl26,12.927661585276482
Rpn2,8.689535097796892
Polr1c,6.851971798442546
Polr1b,4.888247719296053
Polr1d,10.694942032224759
Polr1a,3.8003645987316124
Polr2a,2.5597356787419683
Polr2c,10.371973632701684
Polr2j,8.855065794084888
Sub1,8.908881661492831
Pdc,2.279586794055324
Rps14,11.946689427899647
Rps15,11.752784315171033
Rps5,12.743262504075213
Rps6,6.797223737418687
Rps6ka1,4.555108993750278
Trim30a,4.729378583269082
Rptn,2.1966563801192938
Rras,8.303220410318069
Rrh,1.969935179225437
Rrm1,7.134784630737616
Rrm2,4.033126279492327
Rs1,2.2321950767415375
Dhrs3,6.169119498469203
Rsu1,7.991154533574533
Rtkn,5.915005308175846
Rtn2,12.697826108230723
Rtn3,7.809997288457436
Hps6,3.0074108973141613
Ruvbl2,7.062048436578024
Rxra,6.145575171829351
Rxrb,7.445393822524795
Rxrg,8.630669267840226
Uimc1,7.320003844550793
Ncor1,9.30738384657825
Nr1h4,2.5539451723494646
Ryk,3.684364622582546
Ryr1,11.232438548514674
Ryr2,2.2254774473693177
Ryr3,2.0959627424598284
S100a1,10.107022739363801
S100a10,8.536094053942895
S100a13,5.974833911449856
S100a3,2.017508137626172
S100a4,8.0310644281862
S100a5,2.5161690247669632
S100a6,9.934376866657757
S100a8,7.000245813997168
S100a9,7.061869478502847
S100b,2.6697006079242365
Prrx2,2.5442011322630407
Saa1,2.1213755205584115
Saa2,3.066497404208224
Saa3,2.8534851340767537
Saa4,1.979009488212461
Sag,2.3095267921339637
Acsm3,2.3875538719308484
Khdrbs1,7.82856929605487
Apcs,2.3213159048677054
Sap18,4.3936022694939725
Sf3a2,4.297304382407829
Sar1a,9.407774704359522
Sars1,9.551947032152828
Sart1,3.0749909713638615
Satb1,10.473430646772414
Nkx1-2,1.7702918507690146
Atxn1,3.3973219215603305
Atxn2,8.115296406235416
Serpinb3a,2.851871660742509
Scd1,10.02866640596628
Scd2,4.829515431886805
Scg2,2.312678345180792
Scg3,3.2122104717313653
Clec11a,2.8060141851610467
Stmn2,3.1273558389554257
Scin,3.8642751985328743
Stmn3,2.99372068832553
Scn10a,2.4662333754317554
Scn1a,2.3479265039902852
Scn1b,10.555458150307091
Scn5a,2.3960248428082953
Scn8a,2.048744573197243
Scn9a,2.298164569845718
Scnn1a,2.1353865749025123
Scnn1b,2.3807734689114826
Scnn1g,1.859965595162419
Scrg1,2.451715600815596
Zc3h7b,3.453874427332432
Sct,2.388965166720722
Msr1,2.8878435295883733
Scx,6.159447707980145
Ccl1,2.652304118465161
Ccl11,7.457835435722958
Ccl12,1.9292695520424648
Ccl17,2.2869930012856443
Ccl2,2.5575579745257375
Ccl20,2.2984642005897795
Ccl22,2.564162459183587
Ccl25,4.097340165626599
Ccl3,2.0515221029829864
Ccl4,1.8462529270138974
Ccl5,2.063040883542786
Ccl6,4.9914754512041535
Ccl7,2.430693279651843
Ccl8,3.141268732710424
Ccl9,4.579423887549854
Cxcl15,2.165690460982314
Cxcl2,2.019247238819637
Cxcl5,2.1015583458376215
Cx3cl1,2.7356380786697145
Cxcl12,6.950805990107646
Sdf2,9.451856163864223
Serpinf1,8.688192001799736
Sdf4,7.162408374142672
Sfrp2,3.5003611169743123
Nptn,10.40035202227773
Frrs1,2.717586259821426
Sord,9.111952207046844
Cavin2,9.357861922385014
Sec22b,7.382413095370038
Sec23a,10.219194493943103
Exoc4,8.559011033246671
Sel1l,6.21248583062165
Sele,1.9904791686257355
Glg1,8.642676373048845
Selenbp1,6.725019749680001
Sell,1.9584678708810956
Selp,2.1848833225706805
Selplg,3.0825471632178036
Sema3a,2.684106884760917
Sema3b,3.2752345682400015
Sema3c,7.049017307085475
Sema3e,2.3188794650642572
Sema3f,2.637673677188364
Sema4a,2.9840682930241678
Sema4b,2.3927186651452876
Sema4c,2.937363405358051
Sema4d,2.524648252221277
Sema4f,2.3281436802960687
Sema5a,2.786574281944628
Sema5b,2.324072424006342
Sema6a,2.7472609255425247
Sema6b,2.5292751221508687
Sema6c,3.9954082914150173
Sema7a,2.904745882892699
Septin8,3.0554926189099554
Selenop,11.759663184916763
Selenow,12.627553259204788
Serf1,3.351676413209629
Sez6,2.443539142874856
Foxp3,2.053063186625064
Spi1,2.813923184959947
Sfrp1,3.1171200168823106
Frzb,4.61883674512751
Sfrp4,3.8521908157464844
Srsf2,7.105706710849308
Srsf3,6.905121005180159
Srsf5,9.439275819355943
Sftpa1,1.8965115966870403
Sftpb,2.2576869794167993
Sftpc,2.68951584458627
Sftpd,2.379809171147493
Sgca,10.508064480493745
Sgce,7.456657641609714
Sgk1,11.62218367224792
Scg5,2.420155588503448
Sgpl1,3.070127641017885
Sh2b1,6.881530723783744
Sh2d1a,2.0354419000825144
Zfp106,10.266840981699806
Itsn2,3.2259922487076813
Sh3gl2,2.23592345489908
Sh3gl1,4.151793237796273
Sh3gl3,2.3669677096891863
Ostf1,8.137997278512016
Sorbs3,6.696161982721897
Sorbs1,8.923541073561672
Shbg,2.2905092820097823
Shc1,3.729748466622381
Shc3,2.5873915552658318
Shcbp1,2.7075553977134805
Shd,2.502408111226201
Sem1,11.218399483150478
Shh,2.3082404215875165
Shmt1,3.998162353645416
Shox2,2.7906695068810925
Cyfip1,8.568015432650034
Pmel,2.3498722825193217
Siah1a,4.343276730549592
Siah2,4.791812538762497
St6gal1,3.95820389994198
St3gal3,7.205069316665795
St3gal1,3.2786913267298097
St3gal4,3.0202020613553047
St3gal2,6.639093693608373
St6galnac1,2.636151465117179
St6galnac2,3.4067056929462383
St6galnac3,2.1997500300104766
St6galnac4,4.191489840112607
St8sia1,2.172162321879735
St8sia2,2.081998541932149
St8sia3,2.3547640544548325
St8sia4,3.8464359678502675
St3gal5,7.752746578211371
Ptk6,1.8924094949198846
Stil,2.2060241430292353
Cox7a2l,6.398146563808635
Sim1,2.5800952274271496
Sim2,4.980301335607176
Sin3a,4.712600642293952
Sin3b,4.860332499506833
Sipa1,4.108782381513565
Six1,9.086684396246467
Six2,3.825152305591532
Six3,2.478988596348832
Six4,5.382013947224871
Six5,2.782100741752037
Six6,1.8827803767658764
Vps4b,9.212153150035089
Clpb,7.063754383387983
Ski,7.401019216549393
Skil,4.993843699894621
Sla,2.424104609117224
Slbp,7.527264543313172
Slc10a1,1.7464185101489036
Slc10a2,2.2875790582293747
Slc12a1,1.8867789389189704
Slc12a2,8.01447811178974
Slc12a3,2.738270277388269
Slc12a4,4.208668513089159
Slc12a7,2.8193189349814864
Slc13a2,1.8816285295725
Slc16a1,5.874052884529301
Slc16a2,2.4997087305437824
Slc16a7,2.5353219344263334
Slc17a1,1.9386162710334283
Slc34a1,2.014523550169731
Slc18a3,1.4741959326933414
Slc19a1,3.448740405162195
Slc1a1,2.7895382298641045
Slc1a2,1.9673744610647261
Slc1a3,2.7751988150591553
Slc1a6,2.4121086289270903
Slc1a5,6.832935676619691
Slc20a1,6.702204527447766
Slc20a2,6.084310491010722
Slc22a1,2.5622217414409465
Slc22a2,2.085537826196022
Slc22a3,2.4956604829418563
Slc22a5,3.425850034826406
Slc22a12,2.6128543070071495
Slc23a1,2.1830859989298412
Slc25a14,3.129057154868139
Slc25a17,5.1202597318125465
Slc2a1,5.795068797886543
Slc2a2,1.7282901708066822
Slc2a3,3.973395527816439
Slc2a4,10.753586592385327
Slc31a1,5.576963128409026
Slc31a2,4.1481037253506425
Slc34a2,2.524300688395904
Slc3a1,1.7601908771589792
Slc4a1,4.395546635483379
Slc4a1ap,6.2624307847176235
Slc4a2,3.1233057310886014
Slc4a3,3.0946698041902923
Slc5a1,2.298012137250579
Slc6a2,2.336939629551615
Slc7a5,2.6769918585809838
Slc7a7,2.4344473214657003
Slc8a1,2.637566241723129
Slc9a1,5.627520206659736
Slfn1,2.0580195549209503
Slfn2,3.413974813014987
Slfn3,2.202959048291483
Slfn4,2.3662628849882936
Slit1,1.8864501060421375
Slit2,2.491636955561937
Slit3,3.1091622680016724
Slpi,2.7858253438170615
Snai2,4.395241435190431
Hltf,3.7492281818189355
Smarca4,6.825208923554645
Smarcb1,5.80525376311214
Smarcc1,3.8508508528661713
Ighmbp2,2.5333925236692294
Kdm5c,3.286856855019323
Smn1,6.472487028790834
Smpd1,9.151264632515444
Smpd2,5.816127911974636
Smr3a,2.1200645133372884
Smr2,2.875375577098547
Ncor2,5.779906802800883
Sms,7.752064686588177
Sst,2.003022984912278
Sstr1,1.670519094125688
Sstr2,2.0279440306072676
Sstr3,2.5147420582062927
Sstr4,1.995632811334316
Sstr5,2.5079642156529514
Sumo3,10.478882197606255
Siglec1,2.3672519425025604
Snai1,2.591005747112012
Snap25,2.001195680808177
Snapin,7.786020302648787
Snap91,2.120170449647317
Snca,2.2600031185702023
Sncg,6.286346161972912
Snap23,7.743343711866231
Plk2,4.222981048067338
Snn,4.101823686070844
Snrk,7.593384842658128
Eftud2,7.2695894945363975
Snrnp70,7.443759776179712
Snrpb,10.051696212986375
Snrpb2,9.363516635365155
Snrpd1,6.207993595395272
Snrpe,10.33822437268634
Snta1,9.824619969591863
Sntb1,2.271773548284082
Sntb2,2.8692822945020633
Soat1,2.412327177420579
Sod1,11.350656048404202
Sod2,10.651389571590064
Sod3,3.763957700740152
Son,7.39677498049365
Sorl1,9.668594836779175
Sort1,5.299312029283257
Sos1,3.7444949600062665
Sos2,10.228646884894141
Sox1,1.7448506542562807
Sox10,2.8027893394111723
Sox11,2.259873492040168
Sox12,2.5216917982618985
Sox13,3.0457325223227567
Sox14,1.8765830874921001
Sox15,2.8310604665096677
Sox17,5.5682696926828825
Sox18,6.089013150831256
Sox2,2.1777169679750767
Sox3,1.9264360143878791
Sox4,2.4859257673855133
Sox5,2.8982978383914877
Sox6,8.632106069232263
Sox7,5.199289190365763
Sox8,2.065891516102163
Sox9,3.0291091393188103
Sp1,7.47898389442268
Sp100,3.281869682962879
Spa17,4.324905533901626
Sp3,7.862805332366599
Sp4,3.258221630710955
Sall3,2.116508326521217
Spam1,1.9956868931304177
Sparc,11.488794716616056
Sphk1,2.5268099801876738
Serpina1a,2.3167826835763212
Serpina1b,2.072926819306461
Serpina1c,2.008703284034658
Serpinb9b,2.07368467006414
Serpinb9c,2.081714703399603
Serpinb6b,2.819181390073298
Serpini1,2.6340547695593215
Serpina3k,1.9792501652685193
Slc22a19,1.983544508507754
Serpina3g,2.086003392721098
Bptf,5.998066224562355
Serpina3n,3.50709332540517
Cetn4,2.649498974426012
Serpina3m,2.4236153926177697
Rbms3,4.182890374068049
Ggt7,2.8184572869018325
Serpinb6a,11.293191155102102
Serpine2,10.671807192759067
Arhgef17,4.60445247728489
Tdpoz1,2.2715656506103308
Larp4,8.760409081278459
Serpinb9,3.3433574688300083
Serpinb5,2.161966331211791
Zbtb7c,2.5087394919632064
Serpinb8,2.607018671695172
Serpinb9d,1.7860777838808843
Fchsd2,4.655014373399664
Spic,2.5055330603312784
Spin1,6.878197729308081
Hectd1,9.482184864980079
Spink1,2.297952390727923
Spink4,2.4061029404896432
Spint1,2.1854806983619697
Spint2,3.113401003990385
Sec23ip,6.007570314679064
Fam120c,5.252165039156026
Spn,2.6084722500401476
Elfn2,2.0657822735853304
Spta1,2.3259347545297526
Sptan1,8.458887820137583
Sptb,7.537675901089691
Wdr11,7.286617233786025
Sptbn1,6.761693250680078
Sptbn2,2.3144336735948645
Strbp,5.85620478948406
Spock1,2.0442303730204534
Kctd12b,3.4347779759687147
Spop,10.374670648477135
Spp1,5.706041404063072
Spr,6.749640728215994
Dtx4,3.571802005638656
Sprr1a,2.682156744331825
Sprr1b,2.4148687397076953
Camkk2,3.120766832174612
Sprr2d,1.9461332052365552
Tbc1d16,2.1965608824790324
Thsd4,1.80306796333046
Ccdc40,2.2638362203191895
Sprr2f,2.195461287994266
Wdr37,4.49839201574111
Sprr2h,2.0166906868880328
Sprr2i,2.0089266599888336
Sprr2j-ps,2.30818304605101
Sprr2k,2.4888672867928388
Skor1,2.6678821482778967
Sprr3,2.4720720038793735
Igsf11,2.0810344575729025
Cfap69,2.2153895964069545
Sephs2,6.745236817697304
Gtpbp10,5.903291252939694
Pde2a,7.417678922787427
Sptlc2,3.6631119609193092
Ubald1,4.1153412843096735
Rnf43,2.3149187262881683
Sqle,2.2592354990064885
Tmie,2.6701088298663485
Tspoap1,2.0455063193906597
C2cd2,8.703916722051778
Csrnp2,3.874936122059195
Scarb1,6.097163762905358
BC034090,2.2551372595750308
Gramd1c,2.3435840393497727
Src,2.8496586232296583
Smagp,3.6304735342746173
Bnip5,3.0674525311840397
Galnt6,2.2041074447318594
Fmr1nb,2.1951287002991964
Srebf1,8.1875043034715
Srebf2,2.9126069979539295
Mchr1,2.3735288743075817
Esrp1,2.027866499272879
Urb1,3.2291398494375763
Klhl25,2.109215643198349
Alg11,2.4976226722390162
Vcpkmt,3.5498108578759804
Setd1b,4.541276998017639
Pknox2,5.170656646862548
A530053G22Rik,1.9181873920590846
Srf,6.9521892201668445
Pif1,2.2205378775146865
Chmp6,7.942517087500616
Panx3,2.016270822759565
Srm,7.033475753843484
Aph1b,6.201680231120329
Srms,2.462190044813681
Srp14,10.16485885144706
Yeats2,3.584439113106535
Btla,2.1378407961199994
Map6d1,2.3069724554088933
Srpk1,3.6080085125977632
Phldb2,7.087825466528417
Srpk2,6.363572125614076
Ghsr,2.2814137780888912
Srprb,6.312344396982929
Exog,2.5226602416783366
Btbd2,5.235911811000056
Alg1,6.698399529992973
Tmem132c,2.498161977066826
Trim21,3.1998311725584876
Mob3a,3.0162288776252058
Ro60,3.9214934175330325
Ssb,7.383504950159971
Ankrd33,2.197537141237294
Tor1aip1,6.873562747777548
Dot1l,4.900750846844482
Zfp871,8.029316032582882
Ssr4,9.791487973069671
Ssrp1,7.297201098594947
Znrf4,1.8298166991143556
Rpp40,4.3168184844570705
Asb18,3.637625249406726
Stac,2.3571257669293106
Zfp143,5.741356643772981
Stag1,6.171717954272549
Klhl29,3.924720480066687
Stag2,8.990081992925314
Dip2c,7.151813861280142
Sgms1,8.333690226598462
Stam,5.419608184350629
Star,2.529728491917304
Stat1,5.843466017439791
Stat2,2.9364382048684363
Stat3,7.843267920969258
Stat4,2.35728337134256
Ndufaf8,8.801629238124095
Stat5a,4.967483205094834
Cep78,2.971989516921495
Stat5b,9.403512033450928
Stat6,5.353259475455556
Stau1,6.875455150530983
Stc1,3.2316905207460684
Stc2,2.498643203854272
Rsrc2,7.756486620538797
Sult1e1,2.643664873616324
Tmem212,1.886598754161783
Etl4,9.525813556768886
Alg3,5.847193646056287
Kntc1,2.3505199054665913
Tspan10,1.7861435187163643
Slc25a38,3.6673432623735924
Stfa3,2.5403706097425607
Eif4g1,7.356871702467163
Creb3l2,3.4693053447883213
Cblb,4.68959163280048
Fam20a,2.6106943760033547
Akr1d1,2.0187225071450836
Diras1,2.3360429116254138
Stim1,8.000820597426388
Creb3l3,2.512451018564637
Stip1,9.047370033792003
Stk10,4.3786653343845625
Eif5a2,2.0221063350976993
Stk11,9.176822618337452
Dis3l2,3.0399684045228628
Hdac4,6.499798679522555
Stk16,3.663853850991183
Plk4,2.4278545958647118
Prrg3,4.163171066856889
Slk,4.598021865982648
Aqp12,2.2261822585779534
Sde2,4.4460583198407555
Sned1,3.07297821254512
Aurkb,2.383494867488671
Aurka,6.379099601726623
Tmem63a,5.858389534936177
Triqk,3.003240064945684
Fanci,2.1924036516853502
Daam1,4.063031393301307
Sult1a1,8.011399406352586
Zdhhc9,4.276742586434734
Sult1c1,1.958330833315218
Slc26a7,1.8624784446573794
Unc13c,2.601173346235226
Wnt8a,2.462176917018209
Cpeb3,7.62651061334817
Cenpx,6.336544879415123
Adamts18,1.9770856660388192
Bhlhe40,10.267862123657693
Myo5c,5.243128353138089
Thnsl1,3.261757442071898
Zfp280c,5.471757822642659
Stra6,2.4258186090601876
Hmgcll1,2.3108604422636616
Npb,2.4966454256807373
Stra8,2.1482332058917497
Rbmx2,3.4103995676144567
Sirt7,3.7131031454948666
Ulk4,2.2100704271773775
Vps8,4.323770931901009
Strap,10.127507788738248
Tns2,6.879438439096288
Gipc3,2.213092784740315
Stx1a,2.42057079270092
Samd9l,4.948352957588746
Stx3,2.9496258811573113
Ccnb3,1.8893793776052448
Stx4a,7.866130646521171
Stxbp1,2.5860390867834355
Stxbp2,2.698235951571083
Stxbp3,8.192663515791478
Snx30,3.0752030431788753
Stxbp4,8.362498456616292
Sucla2,12.670361779788697
Ido2,2.253524524663069
Suclg2,10.337689380816157
Acnat2,2.0080613862355006
Eif1,12.643853167803293
Clic6,2.196141313686262
Dtx3l,5.493399027793246
Osgin2,3.9883410329963542
Enox2,5.0358073733397335
Zfp710,4.512474365344189
Wfdc5,2.988518264241224
Gan,2.0109166289116858
Supt5,9.459907495340987
Igsf1,2.675781746796199
Supt6,5.49952072504482
Abcc8,2.8012087542015327
Abcc9,10.398397154156422
Csta1,2.308205791743363
Surf1,8.664604844259282
Surf2,6.018711396214994
Surf4,7.911769831901789
Gen1,2.3709086530620165
Med22,5.076312187030218
Wfdc6a,2.136422622946943
Eif2b1,7.749463128901681
Gtf2h3,3.4301087467893367
Surf6,4.518396677109624
Itih5,6.94359154126638
Suv39h1,3.073154050419278
Trim30d,2.719244207771112
Sva,2.0337137051677017
Gpkow,7.001564832369891
Svs4,1.9651938876217843
Tfe3,3.748898818703283
Hoxc10,9.97858787152388
Svs5,2.1876360787344176
Trp53bp2,4.363330292674056
Svs6,2.043000117621574
Hace1,3.214815194310427
Tbc1d12,5.625988448877828
Swap70,4.411872932382583
Tmem164,2.7978298086845363
Enpp3,3.4039574391614917
Sycp1,2.165335936860328
Tyw3,2.749912064980166
Nudcd3,7.609215374257541
Sectm1a,1.8930634501322074
Erich3,2.2734717414766394
Sycp3,3.8873458548134736
Frmd4a,4.577043899813152
Syk,2.801721014732312
Bend7,2.11039613825761
Syn1,2.0420075082290263
Syn2,2.5538893442392623
Ttc28,6.634913650147079
Dhtkd1,3.827373836225154
Sdc1,2.3242973808882965
Lcorl,3.3994690322975223
Sdc3,3.502045513551597
Sdc4,4.5283568888125645
Syngr1,5.070186206834582
Syngr2,11.286204911426921
Minar1,2.1908312875493334
Syngr3,2.3296495312595966
Synj2,2.764120797419506
Tmc7,4.56532136420264
Dennd2a,2.449701086442308
Syp,2.763734618625643
Syt1,1.8900259581489216
Syt2,2.063353953236226
Tbc1d25,3.2998823491034774
Syt3,2.862608281730021
Slc38a5,2.0982918921631275
Syt4,2.2908368858465997
Pgbd5,2.2038461237240248
T,2.0713438793921335
B3gntl1,2.4275526131589813
Mtrr,8.32728009559996
Slc35f3,1.9525938822527564
Metrnl,4.353211336708238
Adcy2,7.679731816066313
Nlrp4b,1.9275823564045567
Iglon5,2.3708621199654716
Zfp175,2.484671448049823
Zfp719,3.2238686703140815
Tent4a,3.7657657861896907
D130043K22Rik,2.045853369571207
Lpp,8.66803985960404
Zfp180,7.2659637550414145
Irgc,2.473244294568911
Irgq,3.2191047128794907
Slc30a6,6.8317196273658105
Zfp526,1.9695112132988342
Gprc6a,2.139404735878213
Dock10,3.0155536502768387
BC048679,7.709900418994253
Nckap5,2.73847403478648
Mtmr9,3.5624039209471463
Thsd7b,2.8044312624690675
Slc22a22,2.165968113387242
Zfp677,5.7346266688935
Mettl14,7.2272200580344235
Timd5,2.0983492163244746
Tbc1d31,3.0923148865897954
Tmem151b,2.287909817032009
Coq10a,10.938796451374165
Pamr1,4.808974823757803
Prrt3,2.057098902117603
Gab3,2.4899837482926923
Mcmbp,4.1344700219899595
Mkx,2.5430727688042065
Kcnk12,1.466486411524911
Themis,2.318723089978542
Ppp1r36,2.04953442554709
Brcc3,3.642111695768932
Tbc1d4,4.035297382522562
Lacc1,2.9411821731270074
Ints9,6.82042402656451
Adgrb3,2.054467031890164
Kbtbd2,7.8011836643030295
Bicral,4.457759211269729
Lpcat1,4.012318225762961
Fam91a1,4.412124775794861
Trim41,6.216194348728685
Marchf11,2.429303203903093
Churc1,10.068719393820052
Lrtm2,3.428474361481747
Cpne9,2.2577052029206466
Kbtbd7,6.277386330941277
Cln5,6.93974629423363
Fbxw13,2.0473083791995728
Pank3,5.176718561145247
Amer3,2.0005331277524765
Suox,8.340937635351148
Mtss1,2.7885394732533015
Pla2g4b,2.4054254299864186
Exoc3,8.15011980312782
Kcnh8,2.0851015972504214
Kcnj14,2.1520397288748523
Efhb,1.8072147455366834
Tsga10,2.260147440073619
Ado,4.518863769467218
Tmem87a,2.2499761075885485
Odad1,2.2571241496278676
Nomo1,7.698261528251229
Tifa,2.305117365409299
Ap1ar,8.62938480256527
Mrgprf,3.4380986638743014
Tfdp2,5.220104083221753
Fancd2,2.5214439239863315
Wwc1,2.7775532682548554
Cspp1,3.6874729578030228
Mgst2,2.656418746955057
Arfgef1,4.287017082927896
Pcdh9,2.328979930479886
Vstm2a,2.0878982134703246
Trib1,2.9518044960240886
Mfsd9,2.7231929437487357
Depdc7,2.4928638731842203
Asap2,2.305093502638887
Dennd6a,2.548399843801691
Ccdc73,2.5260045057956124
Plekhh1,2.819139782634194
Pde12,5.823635047060947
Spsb4,2.4628294718399717
Asxl3,2.103939402016894
Zfyve26,7.307538296702133
Tmem18,6.0340336542057855
Hk3,2.616548676889677
Clrn3,1.8677269798937985
Syne3,2.467887239476599
Tmem60,8.99097166069996
Inpp5a,8.646559959394306
Dcaf15,3.822190741895271
Proser1,3.333512074400417
Cc2d1a,4.347220926241385
Gsap,2.2979255454463448
Zswim4,3.5471650739129523
Ubxn10,2.4959686808552526
Wdr25,2.927533798795125
Zfp748,3.8529937809074757
Zfp729a,3.4077698419633653
Arap2,2.6557572672066407
Mapre2,7.431473008272403
Fam149a,2.489269232638955
Mms22l,1.9492944213480359
Klhl32,2.1304528588016667
Lcor,3.1091369603047627
Ccdc110,2.4889235293317253
Frat2,6.136919994792737
AA986860,2.446699228298869
Lactb2,8.253060422619106
Fam193b,5.392530503648303
Mtg1,7.125663292340525
Spice1,3.24690211207709
Efcab12,2.1419562973271087
Sprn,2.3580136416494812
Trmt1,7.956203603086759
Sh3bgrl2,2.922176656515635
Gm266,2.2130011432945538
Rho,2.3112316553021057
Nepro,3.407283308122109
Slc66a1,4.044622466866277
Prpsap2,4.123477055652457
Iffo2,2.080700861181649
Aldh4a1,7.049435934155002
Catsper2,3.051967941130196
Mars2,3.2227748597375694
N4bp3,3.6134175185100887
Satb2,1.877692298916936
Bicdl2,1.9114945887588213
Arl14ep,4.286947791962489
Chpt1,8.68949350966701
Ddx46,4.1816950188985755
Rsph4a,1.9608340920096419
Dse,4.314859876270417
Kctd7,4.08836738398817
Pm20d1,2.1428642671691183
Tifab,2.3587218052917636
Tent5a,4.23586029687297
Pgghg,3.1360489005875145
Slc45a3,2.827650338084302
Best2,2.0078288646726397
BC016579,1.9480875294236595
Tnpo2,3.4650720498182666
Ifitm6,3.368564002366284
Mfsd4a,6.035951397883479
Abhd10,6.3802402125423034
Pdlim2,2.943344014226941
Evi5l,4.587371281796134
Slc39a14,3.1961073577424273
Gabpb2,3.113513583885656
Hycc2,5.949843461666213
Tmem71,4.264003506645202
Wdr19,2.1080419880042074
Cdkl3,2.3493004441432337
Phf3,4.567998558523941
Itga10,2.312258010102443
Ankrd35,2.659825972886082
Prss27,2.176272785818749
Il20rb,2.824130783387208
Tapbpl,4.983711243504537
Zbbx,2.336206243815027
Dnd1,2.5902984845996966
Fstl5,2.199235099961202
Txndc2,2.633969372191038
Fbxl21,2.101583638240679
T2,2.109454727016908
Scyl2,2.6870507604483955
Mfsd4b4,3.0704274888527885
Tac1,2.3878173889712433
Tac2,1.7630258804178116
Gatd1,1.9854371431338895
Tacc3,2.904468522119329
Tacr1,2.1542108956514334
Tacr2,2.3546136756411915
Prdm9,2.471627102578914
Tacr3,2.260030463449749
Rassf4,2.740349195501954
Depp1,5.54743023341783
Lemd1,2.0479618362762895
Taf1b,4.671821455625579
Klhdc8a,2.3112851086073913
Taf1c,4.6909340708346425
Mylk3,2.175415390447774
Rtl3,2.155783363874369
Gpr174,2.3398353517161006
Taf6,6.5884394464012175
Wmp,2.3240569384825367
Dstyk,5.40115128909272
Tagln,7.152795419494079
Lgi3,2.5455007502391886
Tagln2,5.229313182615477
Nudt18,6.556403168824268
Szrd1,5.263737288255406
Arhgef11,4.51215091706226
Fbxo42,3.9829343162042736
Tal1,2.868147328162051
Tal2,2.186826433478329
Taldo1,9.904146121176371
Plekhg6,2.517602653795576
Pth2r,1.918233412935438
Bag2,7.388345317448771
Tank,7.001148727885808
Ythdf2,8.751098222924897
Tap1,3.1899921777484352
Dis3l,5.456818970773212
Plekhh2,2.541383107129299
Tap2,3.2442752087665396
Tapbp,6.3502915271223905
Cracr2b,3.2328916542667865
Dync2li1,3.695402573325952
Map9,2.833488542231125
Slc44a3,2.4241383079515146
Arhgef19,2.539835614080738
Slc6a6,7.310073137042917
9530068E07Rik,9.648209912357045
Cntn2,2.2378971390757454
Duoxa1,2.34117493533091
Tbca,9.059958473728448
Tbl1x,5.033545278818161
Xist,2.1831784430039076
Tbp,3.3500353969102896
Zfp598,5.48864316059164
Tbr1,2.705554809999001
Prepl,3.7824592668072445
Nutm1,2.3366214041789073
Tbrg1,8.792337310445111
Tbl3,4.56252277276996
Plekhg1,2.46687314942821
Tbrg4,7.5058580208021715
Tbx1,8.770906731207925
BC002059,4.08554884829781
Casd1,7.650418717539676
Arcn1,8.464541084861073
Tbx15,9.638139086335773
Tbx2,2.800171838126102
Tbx3,2.814248262169688
Tbx4,2.3379321437606895
Tbx5,2.2069937555222143
Bms1,8.641191225105581
Tbx6,2.560909485500271
Tbxa2r,3.0546509043824113
Tbxas1,3.025172920210331
Tcap,13.16188711695289
Atg9b,2.2373134267266352
Fam83f,2.2258344616453365
Fbxw10,2.5174667068259176
Tnrc6b,8.228348728693652
Tmem82,1.7961376991741906
Agap3,3.8935427993853726
Tcea2,3.108155777468344
Tcea3,10.55769830799404
Skp1,10.351907832213822
Larp1b,9.38959454896366
Hnf1a,2.1579638909915264
Dnajc16,3.6855522358578074
Tcf12,5.624913140441669
Tcf15,6.5265478702594235
Slc18a2,2.7104199436653076
Zfp354a,3.2516575805126657
Sox30,2.244953561606978
4933430I17Rik,2.2711753467443976
Hnf1b,2.238968395064331
Slc24a1,1.938143354786493
Nipal4,2.6788580517165954
Tcf20,3.2122191304862304
Tcf21,2.0499517877165645
Tet2,5.405519813676602
Arhgap29,4.244439355476113
Tcf4,8.411710824610797
Tcf7,2.488774646758268
Ago3,2.4310125585225357
Tcf7l1,3.8553848846581418
Kmt2a,4.859857639882033
Tcf7l2,3.051593298390303
Zeb1,9.248796191050815
Scgn,2.3491837940765183
Tfap2a,2.634434730075919
Tfap2b,2.0234871771240193
Tfap2c,2.434280732541417
Tfcp2,5.300907394011392
Pak6,2.037135358825126
Tcf3,3.7860134988952496
Disp2,2.071858962182135
Tfeb,7.489550065829966
Tfec,2.143032843821702
Vps72,7.227426693930172
Mlx,5.056087930393276
Tut7,7.901725004613394
Ubtf,4.021860863630002
Crygn,2.2170183630931675
Gm4787,2.6279353510611116
Tcl1,2.093606635387224
Lrrc1,2.6146722026769598
Tmem51,2.730614603906295
Myocd,2.191671005710406
Parp16,4.202658407133844
Cilp,8.512430365168493
Cdk5rap2,3.2716585119574497
Fnbp1l,5.875511587324067
Fam168b,6.141242520462154
Uqcc4,5.438386572973883
Cdc73,7.745771923571032
Gnptg,5.316372469412965
Tmprss4,2.2876241090486737
Tcn2,6.311063079684626
Tmprss13,2.100391401363748
Tcof1,6.470152092673004
She,3.274461848073202
Tcp1,10.548599348566855
Cep164,2.5490007963652563
Prmt7,9.072751276164588
Tdrd5,2.4623032874083823
Pstk,7.631580186127567
Sidt2,7.037624415417338
Slc10a3,4.340953337154196
4930486L24Rik,2.65222034628574
Tcp11,2.9033695184294928
Cped1,3.8373211989090485
Slc25a29,3.403148276665494
L3mbtl2,4.857105983424689
Iqub,2.817192100018891
Rcor3,5.739951215913635
Cgas,2.377394628801271
Edrf1,2.7207575109006776
Zfp879,3.0551044865949386
Sertad4,5.036824777849636
Syde2,3.2328039445346675
Neurl3,2.200336648453241
Arid5a,2.572426342736248
Lman2l,6.472411721062348
Csnk1g1,3.200769401771698
Kdm5a,3.585937543192941
Chtf18,2.155581440598221
Antkmt,8.6255386154872
Slc39a2,2.401547981760675
Fbxl16,3.32342060777974
Hdhd5,2.6836493624172433
Mob3b,2.119542326408283
Rhbdl1,5.753445379497929
Rhot2,8.635545115632455
Sema6d,3.788008412201029
Chtf8,3.3721795094812124
Wfikkn1,2.5711354103218644
Vezt,6.054966462504385
Fam20b,5.614339648185776
Vgll2,9.40431745373091
Bud13,4.951726527319984
Slc35f1,2.1573296627678378
Maneal,2.489485744421951
Astl,2.2790749489963957
Slc43a2,2.7503441911915605
Hip1,3.0884734663714615
Rhbdd2,2.988525737865442
Utp25,2.956590309903065
Kri1,4.9489008576307745
Trmt2b,7.2482668293167505
Tmem120a,5.461067859343444
Traf3ip3,2.45795569165867
Il36g,2.817589410666874
Il1f10,2.8939918009383803
Wipf1,5.198557245469567
Camk1g,2.288746222772198
Slc36a3,2.5839116360325636
Senp6,6.240665999944443
Brinp3,1.9248970106993317
Ncaph,2.5075629691160564
Csrnp1,3.5444920294164888
Rab11fip3,6.902774224282422
Entpd3,2.303745571755848
Rap1b,8.888897136390447
Gpat2,2.0280266403771976
Gm4792,2.361398310606836
Sec22c,2.6675853722100853
Prr14l,2.830621284789911
Pomgnt2,5.209554090092646
Fam117a,6.652615016782339
Rnpep,6.407856813643104
Zbtb8b,2.0171302138924636
Psd4,2.2117076150157984
Rassf2,2.638248295511733
Nav1,6.41284829462493
Zmat1,2.629671520372697
Arrdc1,3.1433811728297356
Ccdc92,3.0085671961788996
Miga1,3.50241729991811
Gm4793,2.4636773435050037
Mfsd6l,2.177629254381221
Cnksr3,5.4032913241900795
Ginm1,9.932556075152272
Phactr2,5.092052957828236
Adgrg6,2.989297867125078
Ccdc28a,4.388312637934305
Nhsl1,5.109854001330003
Arfgef3,2.414855463780118
Clvs2,2.1940875686804944
Calhm6,2.1830031443667797
Mfsd4b1,3.729542771072193
Afg1l,5.885725304932599
Mcu,3.242915659973526
Micu1,8.202030191204578
Lrrc20,10.48211033497061
Hkdc1,2.31979395590538
Stox1,2.303157031945448
Lrrtm3,2.4540089350514998
Ctnna3,3.78245537930619
Zfp365,2.4190449661837774
Ube2d1,11.555996079169814
Ybey,3.0058717167973703
Trappc10,9.267908075861733
Pdxk,2.23766978226559
Ilvbl,4.682878861106239
Shc2,2.848657951679671
Cdc34,11.197988143538987
Polrmt,8.138156273053317
Plppr3,2.1184441988140787
Med16,5.8247408082645995
Wdr18,4.462978890138044
Tmem259,8.3689782273845
Plk5,1.7173507458257464
Abhd17a,9.158357689200608
AU041133,2.6198537004100704
Aldh1l2,3.7862840655534757
Appl2,7.861255183418759
Ckap4,2.9616418659282786
Tcp11l2,8.668375094431331
Eea1,7.990575037201946
Alx1,2.3327970291155857
Mettl25,3.799937784029511
Tph2,2.401641846949278
Rab21,8.814773587047277
Zfc3h1,5.053048685682048
Tspan8,10.768335862053652
Rab3ip,6.172561046463578
Trgv4,2.2901167965378186
Rxylt1,8.480521629178485
Os9,4.13089498916911
Mars1,9.41469100422027
Arhgap9,2.6110081985145865
Rdh16f2,2.2752888345226516
Gls2,1.9771154120339052
Tcte1,2.058608418792121
Tcte2,2.1849350296272863
Pik3ip1,8.317051281941602
Ccdc157,3.5953925333724683
Ccm2,7.739523675681329
Phf1,4.873678444278394
Cep68,4.127888634696321
Aftph,6.582394139889575
Lgalsl,10.498516876184938
Ugp2,11.866421113885258
Wdpcp,3.109101140879608
Ehbp1,6.6671885087270555
Papolg,6.410670370370988
Efemp1,7.277909583250846
Cfap36,6.564007537633549
Gabrp,2.2072382270509294
D130052B06Rik,1.787740961051713
Phlda1,6.586743305919047
Cripto,2.6161660657183794
Clint1,9.340877994139332
Rufy1,7.088288131071505
Adamts2,6.0866182287190425
Prdx2,6.932827432009385
Acsl6,8.484606259885311
Dntt,2.285190623350657
Fnip1,9.757741733465965
Nmur2,2.068159943460257
Sry,2.1584178726905905
Mfap3,6.0204890674333456
Gemin5,3.1544584590539118
Mrpl22,9.663966405833746
Tead1,2.88915532046046
Tead2,2.4912100929427696
Tead3,3.417573587799977
Iba57,3.2848928933637502
Wnt9a,3.85771640641766
Nlrp3,1.9958245530099632
Tead4,2.6776436351379718
Flcn,7.946292898318634
Tom1l2,4.298987930292095
Alyref,8.34849877577519
Dhrs7b,8.050943913420472
Tmem11,9.02875708679714
Usp22,4.789730142743358
Mmgt2,2.735480123846202
Tec,4.490805540264041
Arhgap44,4.631638179542983
Usp43,2.3384137752062766
Tecta,2.563794916559783
Cntrob,2.8668891356044277
Chd3,2.9439495833735805
Tectb,1.95376213088588
Kdm6b,6.049846789035272
Wrap53,3.0390278093031875
Nlgn2,2.8170296027821267
Kctd11,3.65369964112266
Acap1,2.530226489488794
Tef,8.216894605538185
Neurl4,6.122727243367723
Mgl2,3.8333870971585555
Slc16a11,2.630160932931648
Arrb2,4.010578153134936
Spag7,9.745065879646036
Camta2,7.4518150246091475
Dhx33,3.854603191011229
Tek,7.749421251441594
Wscd1,2.4830778667548965
Tekt1,3.3422776292974317
Coro6,8.472735306408092
Git1,5.274804650288228
Trp53i13,3.6537862067368287
Taok1,7.030890280970208
Fam222b,4.611134789130257
Proca1,2.764623840628809
Evi2b,2.6603951148822023
Utp6,7.599526589297596
Adap2,2.5694334631173366
Nle1,2.8452697610707145
Unc45b,11.46505699015774
Heatr6,4.206554378799135
Synrg,4.9225462882652815
Tada2a,7.4195092849266935
Mrm1,4.507578251894054
Ggnbp2,8.321009067553442
Ptrh2,4.407186416223641
Elobl,2.223303050616492
Trim25,4.670201353402146
Hlf,4.404824399672473
Utp18,4.957731105681961
Xylt2,2.6393768514641693
Gm11545,2.128795147366143
Samd14,2.3733248186645115
Kat7,5.541020781998693
Prr15l,2.129137332332921
Scrn2,4.453118590978312
Gpr179,2.5974122786892466
Cisd3,9.323146201337027
Stac2,2.416928441162884
Nr1d1,8.246130547748514
Tns4,2.1647211444699423
Klhl11,2.7650172945557436
Plekhh3,6.9117889202807135
Rundc1,5.152684166552727
Tmem106a,2.626713858256665
Dhx8,5.986323996866067
Pyy,3.141064462970189
Nags,2.403170944650809
Hrob,2.4073758542640014
Asb16,2.111253275605478
Fam171a2,2.037551765553749
Cdc27,4.362866497784872
Abca8a,9.519711328139318
Cd300a,2.352022873278198
Cd300lb,2.4628248658650316
Cd300ld,2.9260078600683603
Hid1,2.5531041721117926
Slc16a5,2.195924993538975
Llgl2,3.7841695706451266
Unk,3.453895578609209
Trim47,3.8954760853186596
Fbf1,3.4390913740823534
Srp68,9.514170655789236
Qrich2,2.4337779354175395
Ube2o,4.715429394776149
Rhbdf2,5.065405831196074
Tnrc6c,6.949191576946717
Tmc6,2.6869153180027037
Tmc8,2.577431303153545
Engase,2.881023339171749
Nploc4,8.32883317811327
Lrrc45,3.621902342362995
Uts2r,2.842213827833396
Cybc1,4.011353443720982
Rab40b,6.379002503112122
Dnajc27,7.0820789248904035
Ubxn2a,8.714392122747357
Trib2,6.382781443645281
Slc66a3,2.714419145490465
Nol10,4.020005334246092
Inmt,7.730253122645902
Trappc12,4.60696306349403
Adad1,2.1983848781823094
Tep1,3.901322666822298
Snx13,6.7811819407737515
Ankmy2,3.3459513787715545
Dgkb,2.0863147681526613
Terf1,3.6309470471026057
Terf2,7.0643399477050055
Stxbp6,3.9084921963255987
Tert,2.264525070228084
Tes,2.4540164263821374
Tesk1,6.496573104104304
G2e3,2.1860199192315743
Prss39,2.1219135677132166
Prss40,2.854889786786272
Baz1a,2.8564322778569164
Mbip,4.786248755223118
Psmd2,10.5083652316321
Tex2,9.331465218329768
Gm527,2.774636058489636
Mis18bp1,2.2698609596173647
Mgat2,5.155221890285772
L2hgdh,7.722228758416528
Tex261,8.890819001281344
Tex264,7.380712873423221
Plekhd1,2.6482146489597955
Susd6,8.670647890034497
Sipa1l1,3.0846225663222633
Zfyve1,5.761016173377679
Acot5,2.0230408743207575
Zfand3,9.704861021879143
Coq6,6.984699156555767
Lin52,5.357893569127364
Ppp2r5d,6.808701759945596
Eif2b2,8.939303217408527
Mlh3,4.651427767198412
Nek9,10.841738158350518
Utp4,8.108537958090581
Flvcr2,2.2099259183468183
Cipc,6.035895798518818
Tmem63c,2.3018218530347148
Pomt2,2.9433044207918844
Ahsa1,9.491851645152034
Tex9,2.5082002692398757
Tfam,7.395688548218865
Tfdp1,6.333120393084669
Kcnk13,2.7078237513051406
Nrde2,5.605238003658356
Dglucy,5.769634408297115
Rin3,3.6858988670630617
Itpk1,3.7201447906835425
Ifi27l2b,3.7843237899453626
Serpina10,2.198995131457925
Tff2,2.6993747865790083
Rcor1,6.645131764051185
Cdc42bpb,3.784127451555714
Eif5,9.905910446893117
Tff3,2.6942648430957186
Tfg,9.891796741687896
Cep170b,4.685444865306856
Clba1,2.373219136490231
Tfpi,3.202545913517126
Pacs2,5.828392759196459
Tfpi2,2.463602921353836
Dync2i1,3.724559353708633
Cdca7l,2.5942318168461553
Larp4b,10.12561978624346
Heatr1,3.4120205173808222
Tgfa,2.068217953514942
Pou6f2,2.242024326222599
Vps41,7.752451720019636
Amph,2.619603655685009
Tgfb1,4.085487358377995
Tgfb1i1,5.1613959882657445
Tsc22d1,10.938273304863309
Tgfb2,6.85452295404546
Tgfb3,8.252954759933283
Zfp322a,6.8990858471722065
Slc17a2,2.501802663788023
Tgfbi,8.128565429976886
Mboat1,2.873566506563327
Tgfbr1,4.512823514876219
Gmds,2.9967075411838002
Tgfbr2,6.094163047358452
Tgfbr3,6.996709934876726
Tgif1,4.173752383980768
Tgm1,2.445899433754548
Tgm2,8.505416934084069
Tgm3,2.0787187787602734
Phactr1,2.9039094726302443
Tg,2.355477500588567
Mylip,8.200147118269483
Nup153,9.069368259582438
Kdm1b,6.566015696499385
Rnf144b,3.426581594475479
Ift88,3.5115792518895765
Ptpdc1,3.252311066103475
Fam120a,7.1603146925310455
Th,2.0112485201063905
Thbd,6.848340744579752
Thbs1,3.9984753600982703
Thbs2,5.2968680967062385
B4galt7,2.8692271501559468
Thbs3,3.053453009663546
Thbs4,10.01806246955031
Cdc14b,3.4352469145270526
Spmap2,2.025183410339912
Zfp455,2.714435998894299
Zfp595,2.921153500565273
Thpo,3.055275161897317
Ice1,7.537846824896925
Clptm1l,9.235725419639932
Thra,5.229818213516407
Rfesd,3.178626895092227
Skic3,2.307584047095379
Thrb,2.3653492327121968
Thrsp,7.399872921279766
Thy1,5.8838158048192035
Rasa1,6.0778479257172195
Tia1,6.191762488576221
Tial1,7.010690717062005
Serinc5,4.621380293402418
Tiam1,4.180844762974437
Lhfpl2,3.177282347505893
Wdr41,6.15115533151246
Pde8b,2.84633692316387
Tie1,4.650650776413145
Klf10,7.744808427862796
Trim24,8.883048512808584
Trim28,7.250780210444475
Fcho2,8.250883930171165
Mrps27,6.5462466872360645
Marveld2,2.2722721673302106
Timeless,2.3928377284539923
Srek1,6.29269891024435
Sgtb,2.3853059241367496
Timm17a,10.947288724036662
Timm17b,8.420048118731993
Timm44,8.759432342894529
Timp1,2.6143812865880265
Depdc1b,1.9726250560795675
Timp2,9.051763759064317
Timp3,7.875609929781208
Mier3,5.983024831977172
Il31ra,2.0545035090759227
Dhx29,3.722348512306848
Ccno,1.8848704845934046
Arl15,3.249574328948953
Paip1,2.758189774816038
Gm10044,2.4193303768503616
Pxk,4.946972101862958
Nkx2-1,1.8750560001148966
Atp6v0a2,5.899680587530572
Tjp1,8.283326399952184
Cep15,5.206223882540058
Tjp2,3.3612754980626645
Slc4a7,3.9116200290867886
Lrrc3b,2.990939565594372
Rarb,5.079089808641889
Tk1,3.7580579593963326
Ube2e2,4.16573817948342
Sec24c,8.694040735309226
Tkt,4.295142047897191
Zfp503,6.625924567010671
Polr3a,4.473423462571847
Fabp9,2.214095814288773
Tle1,5.693002062298587
Tle2,3.0344538034427466
Tle3,2.498445447404149
Oxnad1,6.91685218713959
Tle4,5.628520350529109
Wapl,8.610468248058185
4930474N05Rik,2.2192291203588836
Tll1,2.0668504276663255
Tln1,9.173949518786898
Fermt2,10.601082812808725
Wdhd1,2.446003926503343
Dlgap5,2.531827852140583
Tlr1,2.848441636581009
Tlr4,3.3884014381467544
Tlr6,2.2818330119085934
Ttc5,3.2121656431383006
Pip4p1,6.202318362020759
Ang4,1.7994003090279047
A630038E17Rik,2.244749353617126
Otop1,2.170597394242197
Haus4,4.976462417137326
Nr2e1,2.2180635582326813
Tlx1,2.4425678160065942
Khnyn,3.424357518893057
Tlx2,2.7345146248309344
Cpap,3.243302547143156
Zmym5,6.6688760530984865
Ska3,2.245653397548324
Tspan7,9.024988950587899
Phf11d,6.201762657223807
Shisa2,9.965344137272513
Mtmr6,8.995295703388207
Spata13,2.9876841313720575
Fam167a,2.676991132265106
Xkr6,1.9846702516631634
Scara3,6.261823479115532
Ccar2,3.5212560402935282
Dtymk,4.89665457066635
Tmod1,10.571173507695912
Fam216b,1.975246130621798
Tmpo,5.692797057770112
Akap11,6.65419517915154
Vwa8,7.340452901367615
Pcdh17,2.332757360174689
Clec3b,5.514738616415765
Tnc,5.307617455088542
Tdrd3,6.629207947768926
Tnnc1,6.184835708516446
Pcdh20,2.476369087905223
Tnnc2,14.557767530060628
Tnf,3.161352727102269
Tnfaip1,9.085834438395391
Tnfaip2,7.391066926383082
Tnfaip3,3.3208945125251077
Tnfaip6,4.07269938342504
Tnfrsf10b,2.1916503644973395
Tnfrsf11a,2.257052202725033
Tnfrsf17,1.9721859162973339
Tnfrsf18,2.3354888092994854
Tnfrsf1a,5.669979802400423
Tnfrsf1b,3.0797992566567394
Cd40,2.580183465415496
Cd27,2.6383220608466065
Tnfrsf8,2.2788098669701515
Tnfrsf9,2.3796790238069714
Tnfsf11,2.343097858851573
Tnfsf12,6.443991248579377
Dedd,7.51649530468012
Pglyrp1,2.679589087277757
Cd40lg,2.191892290243128
Cd70,2.0874647837753475
Tnfsf8,2.3540450998420437
Tnfsf9,1.8752172418044069
Tnks,2.782480779566221
Tnni1,5.118325749989815
Tnni2,14.458809334126038
Tnni3,2.078261788076961
Tnnt1,6.358167374625083
Tnnt2,4.094357902482877
Tnnt3,14.49881744157225
Tnp1,2.682390137020697
Tnp2,2.3810957535349613
Tns1,9.392217185799643
Top1,8.814302233259625
Top2a,2.4626422416845632
Top2b,6.1810270988775615
Top3a,3.4698721981763447
Top3b,5.36094763281789
Ppp1r13b,6.516747410826319
Tmem165,8.518563580833874
Tpbg,2.250860211001668
Tpbpa,2.3750861525778824
Tpd52,8.52399533768964
Tpd52l1,9.078685744942154
Tph1,2.33753462491752
Tpi1,13.399179135517088
Tpm1,6.782793642338642
Tpm2,12.80721931441444
Tpmt,2.6496087912860076
Tpo,2.1292833988424795
Tpp2,7.150515752366112
Tpst1,5.023541096007165
Tpst2,6.732320931821792
Crisp2,2.439730632144119
Nr2c1,5.403879902309929
Nr2c2,3.9527502812254656
Hsp90b1,9.763916851380442
Traf1,2.284468317866432
Traf2,5.509027260819653
Traf3,6.325505601854803
Traf4,2.1142579722191157
Traf5,3.391627207624119
Traf6,2.800967720934336
Tnfsf10,3.0351748041933
Traip,2.54191372206244
Trap1a,2.0592014849133915
Plscr1,3.27312568163857
Trex1,4.716815157402277
Trf,7.5677732308083945
Tfrc,6.539504843125058
Trh,2.8043124015145704
Trhr,2.0263753809144656
Trip6,4.690256046284067
Tob1,7.5140071503106
Trp53,3.9855171920151964
Trp63,2.7168278968457016
Trp73,2.450650582302331
Trpc1,1.9027748714342885
Trpc2,2.297694405880148
Trpc3,3.9477283513017496
Trpc4,2.2532347496564458
Trpc5,1.8209230881618101
Trpc6,2.543622206127972
Prss2,2.6733892797526777
Prss3,2.485734501407164
Ctr9,6.079939767978764
Tsc2,8.399674057313344
Tsg101,9.11136461213212
Rsph1,3.0696730141883335
Tshb,2.218769902232879
Tshr,2.6977496777534555
Tsix,2.2359186733190666
Tsn,7.427283487992809
Tspyl1,8.3298001437012
Phlda2,2.311841727809582
Tssk1,3.3380698320678115
Tssk2,2.156128758222428
Tsks,4.8777796166976515
Tst,7.9290122780536025
Rpl13a,8.068944244941648
Gfus,6.917385286497204
Psmd3,8.710307917623192
Tsx,2.627304789696361
Ttc3,7.828934205837412
Ttf1,3.726731868586293
Tgoln1,8.267299938128561
Ttk,2.1339694255817383
Ttn,12.76406054774852
Ttr,2.2278273105750213
Tub,2.281514456663501
Tuba3a,2.301617155164292
Tuba4a,13.00210247642336
Tubb2a,6.887478690826103
Tubb3,2.480782976517577
Tubb4a,2.180557579021952
Tubb5,5.7132048221134255
Tuft1,1.8938057972830291
Tulp1,2.2079536609977573
Tulp3,2.6324200358504446
Twist1,3.5407415708130974
Tnfrsf4,2.5824036485791013
Tnfsf4,2.548148962153465
Txk,2.115685638386533
Txn1,10.159980985159647
Cmpk2,3.0444767048155774
Tyms,2.2079171455313795
Tyms-ps,2.3261281863277694
Tyr,1.8695999274370756
Tyro3,2.1574319788465
Tyrobp,5.265909334002838
Tyrp1,1.9940503836221677
Zrsr2-ps1,7.00447520846977
Zrsr2,2.7620459246430102
Ubc,13.464410634210173
Ube2m,8.574185363285922
Ube2e3,8.050523059391558
Ube2e1,11.41344542839972
Ube2l3,9.542248937471589
Ube2i,3.1332390997963664
Uba3,8.922912333334702
Uba1,5.277029653127657
Ube2a,8.969757695518888
Ube2b,12.184614465027925
Ube2g2,8.015563688294565
Ube3a,7.407760151004003
Usp12,3.360622647085892
Ubp1,5.521631374349504
Ubr1,6.005424458243037
Uchl1,2.690138935193074
Usp10,8.392114701612345
Usp5,6.390085835489596
Ucn,1.9505401024645703
Ucp1,2.6311795273422516
Ucp2,4.671572974357688
Ucp3,9.77930770761387
Ufd1,8.63101192523164
Slc35a2,3.4226618192220575
Ugcg,3.9339704216361326
Ugdh,6.649256277805268
Ugt2b5,2.0119377222143626
Ugt8a,2.580078028048486
Dpysl3,3.9218846742436604
Ulk1,6.417382299461052
Umod,2.330865333785337
Umps,2.881042987416556
Unc119,4.297338156236919
Unc13b,2.799968358880181
Unc5c,1.9349273117800434
Uncx,2.2557025040978833
Ung,5.630239433215164
Usp4,9.077912787878978
Nr1h3,4.288907646075647
Nr1h2,6.995707928681281
Uox,2.204308450245152
Prap1,2.1902296044367175
Upk1b,1.9424590805095898
Upk2,2.2095659202209688
Upk3a,1.9136910943619896
Upp1,2.3856114292231023
Uqcrq,8.889180915392883
Uqcrc1,12.01874879565515
Urod,9.5971884620119
Uros,7.201251389135812
Usf1,4.128253463504311
Ush2a,1.9288762451901793
Usp9x,2.6618230616240615
Utf1,2.2680757924670973
Scgb1a1,2.219012351122977
Utrn,3.585884480776469
Kdm6a,6.4523719808696995
Uty,3.0362522630664697
Slc45a2,2.2240934518555853
Cdh23,2.287820570689771
Vmn1r51,1.6828594543000222
Vmn1r45,2.2971582107071
Vmn2r10,1.902884133177411
Vamp1,5.102524319442172
Vamp2,5.6692151992858255
Vamp3,9.331054266445499
Vamp8,8.58484292341273
Vars1,3.921389053559866
Sox21,2.274025823628527
Vav1,2.703957546776205
Farp1,3.4688433254964472
Stk24,6.297523940332195
Vav2,2.216630803124623
Timm8a2,2.5797663650284295
Ggact,3.7456839045345993
Vax1,2.1905519002636553
Itgbl1,5.37966361312411
Vbp1,10.501091447095352
Vcam1,3.6153766059672776
Vcl,8.770170242229028
Ranbp3l,2.4986683672881655
Ugt3a1,2.02766051317762
Vdac1,12.573091076675302
Vdac2,12.333189544027638
Vdr,2.358088333513726
Vegfa,7.386205837065021
Vegfb,9.753351400754505
9230109A22Rik,1.915172810070765
Vegfc,3.98387357973742
Lin7b,2.3646732595500595
Otulinl,2.724222985556418
Trio,6.694914089163448
Lin7c,6.9526548028426545
Vezf1,9.610098080653442
Dap,5.519180461493943
Marchf6,5.656323922904889
Vhl,2.83103476729158
Nipal2,2.6635269845113005
Slc32a1,2.008953670905409
Dcaf13,8.240579802772787
Vil1,2.1406053488868317
Ezr,3.188276696678774
Vill,2.296271468546772
Eny2,6.111965373831034
Vim,10.303681156700792
Vip,2.0871502787298275
Vipr1,1.9735660932325818
Vipr2,2.19633552114451
Washc5,8.362443384937718
Vldlr,12.081004612272878
Cyrib,7.503404377131531
Nrsn1,2.235296005833789
Vnn1,2.606936163284242
Them6,2.9174060177209107
Vpreb1a,2.6203627347764
Ly6g2,2.543125211349888
Naprt,3.5046531272056876
Ccdc166,2.368803579696801
Nrbp2,3.1115814126544152
Vpreb3,1.9425969908934035
Vps45,3.383388529904219
Lrrc14,3.964171806527243
C030006K11Rik,6.713812440854462
Arhgap39,3.7519850430874224
Zfp7,2.137352032794437
Vrk1,3.2870370453478137
Trpv2,2.9188149165802444
Ankrd54,3.241962225581178
Eif3l,8.892015729536423
Tmem184b,5.001166140156172
Tomm22,6.125378889252862
Sun2,8.89579336820065
Mrtfa,7.236975112186954
Cyp2d34,2.2408695606371105
Vtn,4.494517621319365
Vwf,7.4121153382343685
Mcat,4.392410745635823
Ttll12,3.9490700546578146
Mpped1,1.7680705873689664
Rtl6,3.5999297267325936
5031439G07Rik,7.513647936498938
Wap,2.3331096527343544
Gramd4,4.153277899222441
Cerk,3.842905549515509
Tbc1d22a,4.7600113703688285
Wars1,7.223736553264737
Was,2.2871453290471777
Brd1,2.6458904298161414
Zbed4,6.554882719299723
Alg12,3.0503372171071352
Pim3,6.989419121281259
Selenoo,6.991233519207135
Wbp1,7.136425237256332
Adm2,1.951624360304215
Wbp2,7.435994458266221
Fmnl3,3.153435170636474
Smgc,2.175790603920221
Wbp4,7.263982710750644
Tceal9,8.902397597243413
Mroh2b,2.415732333540599
Gxylt1,4.091667513457733
Pphln1,4.022679079447701
Dbx2,2.5113649114504444
Eif4h,10.476426368375797
Baz1b,3.8303356084048263
Rapgef3,3.5424904784591864
Senp1,3.1427094931790838
Rnd1,2.545762233533202
Wdr1,7.354532881969287
Wee1,3.8876646156497743
Krt73,2.2167892822056414
Krt79,2.3574907042280095
Soat2,1.9929515052865947
Aaas,4.7012293131614875
Atf7,2.0815852555704146
Wfs1,8.919815729965343
Cpped1,7.461001674006991
Spidr,2.6652552637508578
Fgd4,2.6917723784233565
Tmem191,2.245451286319302
Zmat3,4.768474093451372
Pi4ka,7.559086718177004
Slc7a4,2.1539725561368193
Klhl22,8.83158470632604
Scarf2,3.0613951708581766
Ccn4,2.8241679353507494
Ccn5,3.0005401903790427
Eif2b5,8.753789854577974
Wiz,3.6533081601587694
Atp13a4,2.428538213582226
Atp13a3,3.0025854036440087
Wnt1,2.0390783405704433
Tmem44,2.766726262046332
Lsg1,6.038967764055447
Fam43a,5.3978834015802635
Wnt10a,2.417882033266597
Pak2,5.929264906003584
Nrros,3.194909494460793
Wnt10b,2.2660412538846253
Ubxn7,4.656380479741236
Muc20,1.9360694481273961
Wnt11,3.1642767943828836
Adcy5,2.7640242058298843
Wnt9b,2.094543504854457
Slc49a4,9.005208662025213
Golgb1,5.856617182696328
Wnt2,2.089314428081821
Poglut1,4.793193459685253
Wnt2b,2.22657629111855
Wnt3,2.4927736744608833
Wnt3a,2.655052015925127
Dzip3,2.8103481479376184
Cip2a,3.1420812507496656
Wnt4,6.663730999425195
Wnt5a,4.945671759251853
Wnt5b,3.094163688822865
Wnt6,3.0620117111935876
Wnt7a,2.3282769558227305
Wnt7b,2.552694550400538
Wnt8b,1.6338607559736271
Cldnd1,9.359472981653216
Crybg3,7.3297684264478855
Wrn,2.597268844929843
Dctn6,9.763169738024482
Wt1,2.162284703647357
Xbp1,9.275347237283585
Rbm11,2.1083570820722772
Xdh,7.462343619607235
Xk,2.5154287239186153
Cyyr1,3.2995178636641582
Map3k7cl,2.3499706465697727
Scaf4,3.7224485204009166
Setd4,2.8759618997145444
Zdhhc14,5.377471985742673
Tfb1m,5.113265308146322
4732491K20Rik,3.9644716724414146
Zfp160,5.598400795804937
Zfp758,7.35651075722857
Flywch1,3.566446050426547
Tbc1d24,2.7381698522813647
Traf7,5.5714583735234635
Rab40c,4.047043242792122
Bnip1,7.0062053892017255
Lemd2,4.8915006501255105
Ilrun,9.337575804394561
Bltp3a,6.80078796013927
Anks1,3.4069249860583137
Zfp523,4.571932858882458
Slc26a8,2.6448671832612485
Btbd9,4.65576062449883
Slc37a1,2.4644433244790807
Zfp472,3.4554007010278007
Zfp81,2.300109233115822
Adamts10,2.6793099496349577
Marchf2,3.1998239584598713
Vps52,5.8277832733553865
Bag6,9.496494974912968
Abcf1,7.2469763923004855
Trim31,1.7696176501790106
Adgrf5,7.73567806766759
Enpp4,8.554329078436593
Clic5,8.455653027092353
Aars2,4.99253726778448
Tmem63b,6.455953535428354
Lrrc73,2.5183737518401728
Abcc10,2.4641829984065877
Rrp36,5.556791800371696
Pex6,5.463715766674696
Ubr2,8.47077031304518
AI661453,2.1983535959065
Usp49,2.831144126824679
Treml4,1.9604428547541335
Plcl2,8.807367964250155
Zfp959,4.473854584428902
Dpp9,7.073879102017359
Safb2,4.341581296175624
Safb,5.528775449291817
Micos13,10.241543019728518
Dus3l,5.63907770774031
Crb3,3.0431615089098885
Pja2,8.968185948660743
Dlgap1,2.403710326339729
Pcare,2.075935490583558
Lclat1,6.038691161903285
Fez2,9.200012050399593
Srsf7,8.012543504449033
Map4k3,7.404799923028004
Ttc7,2.7592351228684477
Fbxo11,8.477774751066175
Svil,11.057644520255147
Gjd4,2.3731612087737752
Thoc1,7.567220202686933
Mib1,4.4083573049299964
Rbbp8,2.7662418497996737
Ankrd29,2.412641090362723
Hrh4,1.9919518227757684
Zfp521,6.720990860715358
Klhl14,1.9381629168884658
Ino80c,8.451179313534716
Rprd1a,4.763537473114235
Fhod3,8.552838574009728
Pik3c3,6.7113117840180605
Ammecr1l,6.990190639291103
Lims2,7.004928936300345
Reep2,2.7801632161055116
Etf1,8.632369259085307
Apbb3,3.3994944116688353
Rell2,2.225156398135036
Rbm27,7.467044460037177
Gm94,2.1360419589848676
Pggt1b,4.495167407417996
Fam170a,2.5981585701026377
Prdm6,2.2687885708818674
Cep120,7.501854180939077
Minar2,2.0845445564104153
Pde6a,2.096532747287975
Sh3tc2,2.0998070137076756
Onecut2,1.886953326029084
Alpk2,9.15449148854784
Grp,2.0807655113295707
Cplx4,2.473301370697081
Prelid3a,2.355704674984821
Cep76,4.220627631176604
Mapk4,2.123924093278843
St8sia5,6.340697325006926
Ark2c,2.5988949444604352
Haus1,7.6535860375469476
Ptgr3,8.966837968875415
Cd226,2.9214886739183528
Plaat3,10.293526240052659
Ppp2r5b,6.729440879485317
Gm550,2.597129060320601
Snx32,3.4220790545655944
Catsper1,2.5695465418560155
Rin1,2.7682789314415808
Npas4,1.7291114990204461
Lrfn4,2.5670303725360775
Kdm2a,4.852945915913831
Gstp3,2.2710897090628808
Ndufs8,11.9649265915755
Kmt5b,4.607014877770876
Taf6l,2.7161571060452445
Ubxn1,9.629998617589285
Eml3,3.5890463485168147
Atrx,3.272151788202755
Myrf,2.2177097653339923
Xpa,5.192597435681573
Cyb561a3,4.362164034581947
Tkfc,2.332200704120997
Xpc,5.865787094577569
Oosp2,1.9221026814168622
Oosp3,2.0403704658451987
Patl1,6.300668206712101
Ercc5,4.987706810111759
Xrcc1,5.0059728332467825
Xrcc5,7.3309215173614275
Slc6a18,2.8720179690014547
Nmrk1,5.047150948175411
D030056L22Rik,5.614200296087421
Trpm6,2.4547050403358277
Rorb,2.342276466475966
Slc6a20b,2.080430083145509
Abhd17b,7.240618426721409
Yap1,6.166281072237443
Trpm3,2.426590553010031
Smc5,6.744278580189661
Tmem252,3.039304420711211
Pgm5,5.810574934814555
Zng1,7.116762162292591
Dmrt2,3.779275131750591
Ric1,3.422602098404777
Ermp1,5.446517048061267
Hectd2,5.969986392621187
Myof,3.243473706195194
Cyp2c70,2.280547369494338
Opalin,2.6137146612303304
Ubtd1,3.804646654659212
Morn4,3.0337797850119412
Yes1,4.118275986561738
Cox15,6.9809379652306625
Cyp2c23,1.8520602726843371
Erlin1,4.05794493698501
Slf2,5.645320325121354
Twnk,4.537151818410197
Lzts2,6.1473487177111785
Dpcd,6.049886265589033
Pprc1,5.93223660926265
Wbp1l,7.474225397027804
Ina,1.907807636710021
Taf5,3.028150593764861
Siae,3.6717580710934676
Habp2,2.0860985719131313
Plekhs1,2.225226801572868
Afap1l2,3.719783303316497
Fhip2a,4.28692700949222
Atrnl1,7.173094097137212
Eno4,2.133382232965436
Slc23a3,2.0027423364631667
Ywhae,11.718875249727082
Ywhag,9.809469399434745
Ywhaq,7.880731548729507
Ywhaz,8.37803389166911
Yy1,8.613317221086598
Plagl1,2.2622730360487853
Tmem185b,6.18534832552542
Epb41l5,2.156425232900877
Cfap221,2.7191832761746704
C1ql2,2.122044793084391
Zan,1.9731975435085267
Zap70,2.115440042686946
Rab3gap1,6.203288922278953
Zranb3,4.2594348455991495
Zfp1,4.592026925035225
R3hdm1,8.326196329582887
Lct,2.0187215062353165
Dars1,8.876213198655176
Yod1,5.794638740402184
Dyrk3,2.463370136719377
Rab7b,3.1150743821621343
Rab29,3.7234818798014118
Zbtb17,7.836879958176795
Ipo9,6.835403965973629
Zfp101,5.746163133113946
Zfp281,7.454548791532215
Rnf103,7.817566026043083
Zfp105,2.2031028294309274
Zfp11,3.5398801876923955
Odr4,7.838962198625474
Smg7,7.519464360753819
Nmnat2,2.4827683946701318
Lamc1,6.020216477605298
Rasal2,4.992956097689582
Cryzl2,2.335680344797968
Mkrn3,2.190643656841517
Dars2,4.595460170121006
Klhl20,3.1769876136189112
Aph1a,6.715655849904404
Zfp13,2.6081785304178777
Suco,3.9631692201380804
Prrc2c,5.324413368315928
Fmo4,2.1062493575797863
Pcgf2,2.5641297560273446
Tiprl,7.126901158748946
Rcsd1,9.105225422656401
Fam78b,2.366603780318527
Zfp148,7.023859054409713
Atf6,4.573194078906199
Ndufs2,12.542430481718633
Arhgap30,2.427136982139098
Tstd1,2.404634647183463
Zbtb14,4.174214285292852
Sf1,4.839895604640851
Ifi207,3.3914629229321718
Trim26,5.040201102450568
Rnf112,2.3153347166812144
Becn2,2.031438163239437
Zfp185,2.0710158463379282
Cnst,8.427972134176843
Ahctf1,6.963427528971927
Cdc42bpa,4.215962782810201
Wdr26,10.619429815850198
Mark1,2.567879606582851
Slc30a10,2.1189459215583555
Zfp2,3.775013097663695
Lyplal1,2.6860324367614283
Zfp207,8.458926413458434
Kctd3,8.01813651918094
Zfand5,9.400991443916253
Smyd2,11.086446330075722
Vash2,3.0727729021763572
Flvcr1,8.666096928562247
Ppp2r5a,1.944397718514735
Lpgat1,8.042001962270989
Zfp239,2.3648771330911287
Hhat,2.3497312833729915
Sbspon,2.8108047366272397
Zpr1,3.8183682256657945
Tfap2d,2.1603359308435
Zfp27,3.0510501125892975
Zfp28,2.960457632524303
Zscan2,2.284797145340535
Zfp30,2.874715307428362
Zfp35,4.234796452552422
Gm4850,1.9388562482177225
Zfp36,6.365787081504464
Zfp37,2.5994389612321656
Arhgef4,2.236116531084388
Plekhb2,8.802384378631013
Kansl3,7.328547100855651
Actr1b,6.628461929628938
Zscan21,5.862529839243194
Eif5b,7.639870421678125
Zfp39,3.6157121922499873
Slc9a2,7.562618477533472
Zfp40,2.630331200915976
Zfp41,2.64621296202241
Zfp42,1.8915124989982441
Zfp46,7.445883549093466
Slc39a10,5.207078475704122
Hibch,7.879415988131874
Pms1,3.144485270986016
Zfp51,7.161040865362058
Ormdl1,7.164067545908337
Zfp52,4.051646580183889
Zfp54,2.998306194754987
Stradb,10.376758955890635
Mpp4,2.189201045949065
Zfp57,2.358769077814029
Zfp59,3.8770554306342735
Zfp60,3.0093595047379296
Ino80d,2.2386711642133803
Ndufs1,11.80416654615838
Zfp61,3.398688517940696
Zfp62,6.110402210468127
Ccnyl1,6.7270163429624
Zfp64,3.567787546743092
Zbtb7b,4.672066912220321
Aamp,8.532406235037362
Ctdsp1,9.042965772417814
Retreg2,3.941079629407563
Dner,2.0901609375667225
B3gnt7,1.9552131058748567
Usp40,4.6534302068448845
Farp2,3.7132830442034845
Slco4c1,1.9201901291128933
Ppip5k2,3.150616752014006
Relch,2.887910091702178
Zcchc2,5.563749705522866
Zfp9,6.256068798741814
Zfp90,2.706497947915856
Dclre1c,1.9688992977929651
Camk1d,3.0298884514010553
Proser2,2.429834879627938
Zfp92,2.0995178376899064
Zfp93,4.442913273406798
Zfp94,2.595796265678285
Zkscan5,6.4567484157633475
C1ql3,2.2839722112513705
Zscan12,3.789216110779888
Tor4a,2.5010714953005966
Tmem203,4.88710693095859
Lrrc26,2.1270479769620505
Man1b1,3.0090297756676727
Zfpm1,2.947401102089622
Uap1l1,3.9489601199999123
Paxx,3.9913902876237692
Rabl6,8.32928783640135
Obp2a,2.17800058272836
Zfpm2,2.415059754180354
Lcn11,2.2420370197497883
Sohlh1,2.468900808975112
Kcnt1,2.1521179528829735
Camsap1,5.272598931222422
Qsox2,3.0041692826190896
Zfr,7.5418632933119625
Snapc4,2.86796504085139
Sec16a,6.928720732689478
Zfx,3.3134242515018193
Rexo4,6.558212609056817
Slc2a6,2.6651479478599955
Gbgt1,2.126075789218883
Ddx31,3.4113622192697766
Trub2,6.27741202003078
Coq4,4.028019115347946
Zfy2,2.9509989660969267
Spout1,3.1313391238188473
Phyhd1,4.892242099713115
Dolk,8.405202197282625
Nup188,2.5631300719713743
Sh3glb2,6.326437710308667
BC005624,7.640813987462245
Zhx1,6.713699664667671
Exosc2,4.226842934035127
Zic1,3.183916226743092
Nup214,2.96271707976395
Plpp7,9.997149554223334
Prrc2b,8.468197628641382
Zic2,2.192390054705314
Slc25a25,4.41895441174211
Pip5kl1,2.007391822545301
Cfap157,1.6566043821224234
Niban2,3.592831742140959
Lrsam1,6.051517113779294
Zic3,2.1788248150279643
Mapkap1,5.989907000400856
Rabepk,4.199129250732487
Zic4,2.166678237738101
Gsn,12.829028912260029
Zik1,2.9943544082571507
Zim1,2.2898040515528435
Ikzf1,2.687932518026623
Ikzf2,2.150573266532023
Rabgap1,6.7850265671962475
Dennd1a,5.7797709388200635
Ikzf3,2.305440136790177
Ikzf4,1.8704470410512293
Slc30a1,4.835081537973566
Gtdc1,7.7998164878502045
Slc30a4,8.904359176658902
Epc2,8.957671754980213
Zp1,2.16333574346393
Zp2,1.7975186407386363
Zp3,1.6993274007906995
Zp3r,2.13551592398827
Dnajc2,6.758249270685281
Cytip,2.303098992467595
Pkp4,5.220106503046325
Zyx,5.710593074600426
Gca,3.8115924340667338
Klhl41,11.649595302789422
Ppig,6.239333859044133
Tlk1,6.970554144086594
Mettl8,4.00098518172413
Pdk1,7.374581425422797
Atp5mc3,13.289417052222845
Agps,5.5543222169162325
Sestd1,4.217930622881373
Zdhhc5,7.4999944962003555
P2rx3,2.222920964359989
Tnks1bp1,2.7431028828132415
Fads2b,2.3728435854411827
Madd,2.7511620563677917
Cstpp1,5.11429189593564
Lrp4,3.1303203708378375
Arhgap1,3.576067480832659
Ambra1,5.452479096737728
Large2,2.4524409307163597
Slc35c1,3.7451331853665377
Cstf3,5.199022239763023
Prrg4,2.5325645201679463
Kif18a,2.782815505183739
Arhgap11a,2.858420492201423
Zfp770,6.228258793288702
Bahd1,3.865150838139332
Rhov,2.3772600680041402
Vps18,3.249465150285507
Itpka,2.24352366293547
Frmd5,1.785895047230979
Mall,2.58215010822448
Ebf4,2.370449023096334
Dnaaf9,3.86229682994187
Mavs,8.041190627655421
Smox,11.457344243705755
Btbd3,5.938707770872891
Sptlc3,2.2262814935343123
Sel1l2,2.5459817698490976
Kat14,6.26340488535543
Smim26,9.256227672467306
Kiz,8.768770914808629
Sdcbp2,2.459325277394369
Psmf1,5.120102195274151
Rspo4,2.0975240305274747
Trib3,2.771422222985919
Nrsn2,2.413463058455745
6820408C15Rik,2.360821592380539
Mylk2,10.44294734681471
Ccm2l,4.090588938546152
Asxl1,3.613995553054023
Bpifb1,2.771930045395429
Bpifb5,2.1625583402281388
Zfp341,3.2474454236267007
Pigu,5.054732687183258
Phf20,5.924389447795735
Dlgap4,7.954042678636927
Tgif2,2.139284586028277
Ralgapb,7.214149270082829
Ppp1r16b,2.0773798518988618
Gdap1l1,2.4049042212497604
Fitm2,8.516075690902879
Ncoa5,3.076190838096125
Slc35c2,3.694799125943934
Zfp334,2.8816804126733118
Zmynd8,4.954586519061068
Ddx27,5.126378758384516
Tshz2,4.854229933563755
Cbln4,2.130391144783082
Npepl1,8.625560658572134
Ppp1r3d,2.487224432246478
Taf4,5.163374493741277
Osbpl2,7.62472590017083
Slc17a9,2.424587437370006
Ythdf1,8.226005985586538
Arfgap1,6.936849020027693
Helz2,4.73519556424582
Gmeb2,4.046176509953207
Zgpat,4.376402574683927
Samd10,3.732705480750704
Zbtb10,4.83136625806202
Ythdf3,8.213083306098989
Acad9,5.833007206358907
Qrfpr,2.122376899426647
Bltp1,4.094779417031012
Nudt6,6.366899556786739
Spart,5.74426804942788
Tm4sf4,2.4188739853623455
Eif2a,8.218268545083925
Clrn1,2.3435270749849937
Gpr171,2.1788022241705947
Aadacl2fm1,2.4912260510658837
Gpr149,2.318113169717261
Gmps,7.47970852794833
Ctso,3.5775858928588833
Tmem131l,5.238617430743708
Fhdc1,2.9648928551745293
Gatb,5.828837159156144
Fhip1a,6.793398753538125
Fcrl1,2.1688497088845398
Mettl25b,4.214688388955783
Isg20l2,7.274364478267825
Smg5,7.1216376664463015
Slc25a44,5.929865213964354
Syt11,2.828768500808542
Msto1,2.7804784964707134
Pbxip1,10.459265447340515
Dennd4b,9.729079234108356
Gatad2b,3.949207536008032
Ints3,4.632168099410614
S100a7l2,2.055898677316432
Pogz,5.917509728894868
Gm128,2.383079189128451
Prune1,9.031702567230877
Golph3l,4.407361530232337
Adamtsl4,5.479937423888494
Ciart,5.233052754825474
BC028528,3.820487610271282
Otud7b,6.888120148635035
6330549D23Rik,2.6159917076172072
Pias3,3.39334556038092
Trim45,3.70724503548141
Csde1,12.959745231132741
Ampd1,12.844319987984852
Bcl2l15,2.113168269883604
Rsbn1,4.213288278741142
St7l,7.223074815988909
Cym,2.358925512062917
Slc16a4,1.8756043496649084
Rbm15,4.464673154507117
Slc6a17,2.6341804608620696
Strip1,6.112671777920845
Ahcyl1,7.100460879328367
Amigo1,4.138327859234806
Elapor1,2.4051064434160208
Clcc1,3.244366585094306
Slc25a24,3.2846086388387974
Olfm3,2.3378556231744336
Cdc14a,7.437482450513031
Trmt13,3.2078292584351864
Slc35a3,3.230770612894849
Plppr4,2.2427496768684634
Tram1l1,2.2031278386426187
Cenpe,2.315668097607109
Rap1gds1,8.779522346455673
Gbp7,5.240128118920219
Kyat3,5.260450509801539
Gtf2b,7.453875017177363
Clca3b,2.2160547446610117
Clca2,2.2853638787992008
Znhit6,6.882434999483717
Ak5,2.274233654704243
Gm11839,3.0919204501517465
Coq3,6.493492371761172
Ndufb6,11.415178198555685
Nol6,3.1747153972475104
Phf24,2.131496439900106
Atosb,5.387383180052776
Arhgef39,2.4915881923377543
Car9,2.556063919098442
Gba2,4.6051830698975875
Npr2,7.972891759362607
Zbtb5,3.936214649211603
Slc25a51,8.101508026523812
Shb,3.7714858873293315
Galnt12,2.4199352499660813
Tmeff1,2.4747518063726877
Zfp189,3.707125436595673
Aldob,2.5936377653812994
Elp1,6.323748636895799
Abitram,2.5820990335992486
Ecpas,7.605484426261353
Ptbp3,2.784633243197859
E130308A19Rik,3.991614284942461
Tmem268,3.7030740511304816
Megf9,2.3314115414629666
Haus6,3.566291695724672
Acer2,3.2699870245798333
Focad,5.886956395236791
Cyp2j13,2.526307622544248
Usp1,6.54161075957938
Efcab7,3.455075169848705
Leprot,5.343164655187725
C8a,1.9256114453804098
Ttc22,2.741645167759453
Pars2,2.988267128444091
Fam151a,2.8146727169302075
Yipf1,4.813696581661481
Glis1,2.54774924403247
Zyg11a,1.991960196838641
Tut4,7.946348771569379
Prpf38a,6.393122755838899
Nrdc,9.072196324044873
Ttc39a,2.068316153948101
Slc5a9,2.231980044343827
Skint10,2.02871338557364
Efcab14,6.172408359189291
Lrrc41,7.096238974980381
Tmem69,4.12092688709373
Tesk2,3.0184307835286748
Ipo13,10.310734743571173
Szt2,4.943817820069358
Tmem125,2.2223655174031554
AU022252,3.8686844576145774
Foxj3,5.245740141474975
Zmpste24,8.820910363891878
Rhbdl2,2.2300170591653536
Yrdc,6.178127377590663
Gnl2,7.757237039512247
Zc3h12a,2.872012744995896
Oscp1,3.1352777312532774
Eva1b,5.00507232720111
Zfp362,7.313514703774342
Fam167b,2.152852702100405
Iqcc,2.2804494950064873
Tmem39b,3.421345176561752
Adgrb2,1.7658104418888667
Hcrtr1,2.4095520088411075
Serinc2,8.950192214127007
Sesn2,2.5712986600215313
Ahdc1,4.619973993472224
Wdtc1,6.723263299266068
Pigv,4.525645414513693
Crybg2,2.4394577538935276
Pdik1l,3.420921255558787
Man1c1,2.9277575479393896
Ncmap,2.6795438005356274
Grhl3,2.054601520636984
Zbtb40,3.998181552048335
Ece1,8.079703739688213
Eif4g3,9.77048219426333
Emc1,5.62482973467095
Igsf21,2.2827065384009124
Crocc,2.3650485695528367
Vps13d,6.946851895851613
Nppa,2.359863964635872
Fbxo44,3.1997685392592707
Fbxo2,1.8240248535366534
Tardbp,7.766035714574966
Tmem201,5.698985074733398
Dnajc11,2.3399520253408426
Phf13,4.2078304476510215
Ajap1,2.3213492059762957
Megf6,2.3767996528227058
Arhgef16,2.3709079789805263
Tnfrsf14,2.245382813167477
Fndc10,2.8070835674776977
9430015G10Rik,2.912415286486931
Plekhn1,2.651927489376558
Klhl17,5.086603006512045
Nup42,3.4951813911126006
Galnt11,4.159585126138194
Kmt2c,7.525311334822799
Insig1,6.02801567839883
Hadhb,12.424194684886757
Agbl5,2.508339582654308
Dnajc5g,2.0418438830960675
Gckr,2.1800969773936356
Haus3,4.815105975101112
Zfyve28,2.761265179168206
Fam193a,3.5533622512898155
Tnip2,3.192026339583293
Dok7,3.0252110022665377
Sh3tc1,2.6551976903467467
Ablim2,4.795449683031337
Cytl1,4.779568770266859
Cc2d2a,4.461564081295143
Tapt1,9.100472127890804
Sel1l3,7.584327593654091
Chrna9,2.428413182750622
Guf1,3.7130295491312055
Atp10d,2.598351094905155
Cwh43,2.123254231379006
Lrrc66,2.08908601164837
Aasdh,4.478345317955874
Ppat,7.001037865719932
Polr2b,9.476858806885438
Uba6,4.1418654151143715
Tmprss11d,2.8014917706012348
Ythdc1,8.360549627986353
Ugt2b36,2.5686237178533307
Grsf1,10.732197829538151
Cox18,7.2326264456268925
Parm1,7.5599302329539135
Sdad1,4.250138887619854
Cnot6l,6.127350205670535
Fras1,2.3667392028519676
Tmem150c,2.6568013176383363
Lin54,6.306055658523216
Plac8,2.9173013089914996
Gpat3,5.164415650000341
Arhgap24,6.092898284583556
Lrrc8d,3.7229441006417674
Rpap2,7.281826457114779
Gak,4.931494246188683
Slc26a1,2.1185394703363962
Chfr,7.473547631705178
P2rx2,3.1348908439220726
Galnt9,2.28607467035869
Ficd,4.652868455830013
Tmem119,2.8986380325583236
Ssh1,2.89687508243706
Alkbh2,2.1405282392343223
Oasl1,2.3242760745465034
Gcn1,2.0895265518528006
Fbxo21,4.3556858898032695
Fbxw8,6.619281448117576
Sds,2.4181059728356273
Oas1e,2.3823172078085624
Trafd1,7.075270691691294
Naa25,6.482024017425171
Pheta1,2.9193442367904403
Rad9b,2.427730152844835
B3gnt4,2.311244948491295
Sfswap,3.6030176299939143
Lrch4,3.470640918539662
Agfg2,3.2709212031722537
Mepce,6.529900873148281
Pilra,2.513617620867644
Trappc14,2.5587105541939086
Adap1,2.767559314033632
Micall2,2.949062648138281
Tmem184a,2.238647323278106
Snx8,3.571835922672893
Brat1,3.4173715418639694
Amz1,2.248299941924391
Ap5z1,2.5207046461204703
Radil,3.105941139459464
Tnrc18,2.689951398310182
Fbxl18,2.1006748433310465
Zfp12,3.238300037251555
Ints15,5.67327352193183
Daglb,6.107202303717643
Aimp2,11.186635227177126
Ccz1,9.485414916081652
Lmtk2,8.337348191173058
Gm4871,2.067097447680224
Pdap1,7.250903325288014
Bud31,9.274977080209284
Uspl1,8.4390281140319
Gimap6,7.205396641619257
Gimap7,2.351636774358134
Fam221a,2.434649746677882
Creb5,1.9602562971829898
Fkbp14,5.60322429995549
Plekha8,2.311598169900162
Vopp1,4.153041568630957
Ccser1,1.8570173874526719
Thnsl2,3.906745554975346
Tmem150a,6.193129837627918
Mat2a,10.890458151925776
Elmod3,6.402974950426017
Eva1a,3.0484586579487907
Mob1a,4.312281558968928
Paip2b,10.10363389404343
Cyp26b1,2.563457697429661
Smyd5,3.082686452448076
C87436,4.896687021217335
Arhgap25,2.908709225895201
Hmces,3.4892643757530997
4933427D06Rik,2.3530862389401634
Txnrd3,3.5244649419627567
Iqsec1,5.467031430783479
Hdac11,3.5927929568422328
Ccdc174,4.75457676908886
Fgd5,6.432590536013829
Frmd4b,4.230846546591836
Gxylt2,2.539603031274521
Slc6a1,2.4291594281998727
Vgll4,2.7754755781050022
Zfp637,8.132325492015012
Ankrd26,2.9977234420022927
Wnk1,8.005572596695997
A2m,2.3376724038150463
Clstn3,2.149615988847041
A2ml1,2.0718836698881336
Klrb1f,2.3278867574268096
Clec2e,3.574396018390452
5530400C23Rik,2.0354808389452166
Gprc5a,2.3244774073279495
H2aj,3.1777327338378405
Rerg,2.8989851713704415
Dera,6.142824332847357
Pyroxd1,3.9408259031441624
Gys2,2.390746991156348
Stk38l,4.686021764463576
Mrps35,6.460743161073211
Klhl42,2.8951756078991635
Caprin2,3.849056528945773
Amn1,3.8398388087138806
Gm4876,2.1405174985783457
Ccdc136,6.58075605930956
Tspan33,3.4029210552237985
Zc3hc1,6.887991971301282
Cpa2,2.4545781640003823
Lncpint,2.7426647239509485
Prss58,2.556366321794614
Tcaf2,2.7839592073438637
Zfp212,4.316613294498212
Zfp783,2.8919838773259614
Oscar,2.0559343998494257
Cnot3,2.7666573989323062
Leng8,5.8023805150586085
Ppp1r12c,4.384609437799436
Kmt5c,3.9254422901359205
Zfp628,4.973689013866676
Ccdc106,2.2229715670080292
Zfp954,3.371729643545414
Zfp418,2.4723221053905107
Zfp772,3.1370971270790236
Zscan18,2.3957888122277455
Zscan22,3.299437275703872
Zbtb45,2.866212813737936
Pla2g4c,3.7312756210520917
Arhgap35,5.889353477014694
Ap2s1,8.74680290707736
Psg-ps1,1.9082110732686248
Ccdc61,4.157340623033501
Mypop,3.338802414781791
Ppm1n,2.050656299574032
Klc3,2.602166119469659
Mark4,2.5313217348132873
Bloc1s3,4.644910775172359
Ppp1r37,6.638477949565247
Zfp428,3.3004920464706706
Lypd4,2.2770153984736043
Atp1a3,1.9158857989013292
Zfp574,4.697406063796482
Cxcl17,2.2481588688485643
B3gnt8,2.2176802997007923
B9d2,3.5480011502822695
Nlrp9a,2.313628968545241
Itpkc,3.9921892125949463
Blvrb,4.662324981456788
Nccrp1,1.9146894075504237
Fbxo27,2.8493629234888425
Rasgrp4,2.244891140793435
Zfp790,5.486310293600418
Zfp940,2.89485904737391
Wdr62,2.573823907332725
Alkbh6,8.106905364907403
Syne4,2.6447509814525034
Lrfn3,2.8932325147988305
Arhgap33,2.368614782945094
U2af1l4,8.01240468452834
Ffar2,2.407751278219527
Scgb2b27,2.0567224363503755
Garre1,7.287516356944835
Kctd15,9.284804077680777
Dpy19l3,2.362745461043026
AI987944,7.375460853873132
Siglecf,2.369998727212092
Lim2,2.4123020612094916
Ctu1,3.912054729330908
Mybpc2,13.705303129588051
Scaf1,6.780099849205146
Prr12,3.5765601417066595
Mrgpra1,1.9971915665466076
Mrgpra3,2.257742822748084
Mrgprb1,2.0665060822923125
Luzp2,2.637187988002933
Siglech,2.3433240424414716
Tubgcp5,4.940674660779666
Nipa1,4.170588667421674
Mtmr10,6.99508815642632
Lrrk1,3.278221312323401
Synm,11.571915560391934
Vps33b,2.76652546201541
Prc1,2.6670332560154786
Zfp592,3.804750518908591
Picalm,10.28690754179536
Crebzf,4.951312179830967
Kctd14,2.109147369918276
Rsf1,3.8524161922933717
Emsy,7.293811302218891
Mogat2,2.1501075269440797
Gdpd5,4.463259889499165
P2ry6,3.831569550554659
Pgap2,5.6334991424620595
Cnga4,1.9853913634622868
Dchs1,2.610525799193704
Tmem41b,5.05351797956222
Galnt18,3.063253276558175
Spon1,4.9699037582598935
Insc,2.0545392415787664
Smg1,2.8675536828302874
Acsm2,1.9423094494129713
Thumpd1,7.354186542314252
Dcun1d3,5.321056915589517
Ldaf1,4.65138282626166
Abca16,2.043163306123873
Mosmo,6.448027696118177
Vwa3a,2.1888588150992057
Cog7,7.9214715536327605
Palb2,2.3436077787985226
Tnrc6a,6.881324220340997
Slc5a11,2.469896343675303
Gtf3c1,3.1666060215522176
Katnip,3.5684430712936632
Atxn2l,4.507383113419302
Ino80e,4.874392015573886
Hirip3,4.958992985601494
Kctd13,2.4896567267997276
Sez6l2,2.0776984985579485
Asphd1,2.396786874390733
Zfp553,3.3191406138422255
Zfp768,6.309184032445468
Zfp764,2.9104596774372897
Prr14,8.033972327421816
Cfap119,2.5517700312668183
Rnf40,4.557219101528597
Setd1a,3.5473940199828147
Zfp646,3.105543904139648
Fus,6.54309736378931
Armc5,5.453036714365574
Rusf1,3.2978039882238086
Gpr26,1.8653009101865738
Ppfia1,3.4430747457698936
Tpcn2,2.235086890886247
Zfp958,4.863919820252638
Arglu1,9.386902277456693
Pcid2,4.691387254102642
Adprhl1,3.322982148012794
Tmco3,4.901135298839642
Arhgef10,3.954424379369776
Tpte,2.931457020534643
Dkk4,2.0189216791410445
Nsd3,3.0579726635971762
Tti2,5.267848029383709
Fgl1,2.320615313695819
Zfp353-ps,1.6273498045416772
Sorbs2,9.793536099965566
Neil3,2.9088879871557474
Gpm6a,2.9687939995547716
BC030500,2.403283138626497
Cbr4,8.691993959987867
Ddx60,2.6098578456959243
Trim60,2.2790136317993266
Naf1,6.734637107258325
Csgalnact1,3.1673273801800597
Zfp930,4.67092352525207
Zfp868,4.153569641780597
Yjefn3,4.388153578853525
Gatad2a,7.541506221173729
Tmem161a,5.9815015648064955
Sugp2,7.386971955857002
Ddx49,4.222886113793034
Klhl26,3.3223376074380266
Mpv17l2,6.790486905672002
Ccdc124,9.117102814456848
Ushbp1,6.210947864685359
Ankle1,2.5151166550141326
Nxnl1,2.360900799235296
Colgalt1,6.986244928519933
Zfp961,3.3385640850791116
Cib3,3.219448949144507
Tmem184c,7.752925588602767
Inpp4b,2.0082583265267115
Rtbdn,3.1328384512454064
Heatr3,7.347553920545273
Ces1f,2.4576419162587086
Cpne2,4.993786923220738
Ccdc102a,3.2708525960584525
Ndrg4,3.7978828511013223
Slc38a7,3.559196186481319
A330008L17Rik,2.1844888200938963
Dync1li2,7.8638698317443625
Nae1,8.82996055012922
Ces2b,2.1320445244447996
Ces2e,2.840227152311367
Ces4a,2.2735886438697683
Phaf1,7.517711644257312
Elmo3,2.4321084818182626
Fhod1,6.94745065740585
Carmil2,2.7366246636466918
Edc4,6.996258426557181
Nrn1l,2.474799580654131
Txnl4b,3.41514515391555
Tat,2.299731439760247
Zfp612,3.0056033629596457
Cmtr2,3.1919124378798944
Vac14,7.038608099264387
Fcsk,3.270850834203172
Ddx19b,2.6142454123062326
Aars1,9.350874592983642
Rfwd3,6.005730223247838
Tmem231,2.4952102692574916
Atmin,6.212872311022334
Plcg2,3.3318377342003207
Klhl36,2.409629710715453
6430548M08Rik,2.7512944371304684
Mthfsd,2.2302585684045417
Klhdc4,3.6612493981474827
Spg7,7.056959055137788
Chmp1a,7.796479381740654
Cdk10,3.589815925401295
Spire2,2.266443978773049
Nup133,6.35804836680945
Ttc13,6.846432665335498
Map3k21,1.7913667884365718
Cfap300,2.4382968053940055
Cep126,2.611848663443684
Med17,3.228352422379538
Deup1,2.389411705571709
Mbd3l2,2.146502477303574
Zfp426,4.935849200191703
Ppan,4.668076850539207
Atg4d,8.597250223740977
Kank2,3.6617571883093607
Tmem205,5.250121382207677
Plppr2,2.4891632472230123
Zfp809,5.274998158192041
Zfp599,2.287215515742736
Zfp810,2.679057014051932
Septin7,10.300242617710266
Ntm,3.0310436237112715
Adamts15,2.6070615465699882
Zbtb44,6.178025739782787
Nfrkb,4.384801525404944
Tmem45b,5.276218129748816
Foxred1,6.203116749197799
Fez1,3.82334107740912
Msantd2,4.245151195664192
Scn3b,2.2904911978674725
Gramd1b,2.458318662106006
Sc5d,7.9553986285607605
Tlcd5,4.288396760698344
D630033O11Rik,2.4559345876292693
Rnf214,5.202575194190119
Zbtb16,7.31408305835109
Usp28,7.813745435512843
Ttc12,2.6638280131520893
Dlat,10.079100568396726
Sik2,3.7478885147847065
Hoatz,2.308913262031291
Dmxl2,4.645782329586975
Hykk,2.2694104811327342
Lingo1,3.066537164780472
Snx33,2.7603286015420774
Cplx3,1.9765416378236467
Lman1l,2.1809062405777837
Coro2b,3.181090561230599
Herc1,3.703519225727092
Usp3,4.842645043483094
Rab8b,7.005085628970963
Gtf2a2,9.653999876698183
Mindy2,8.209579299359444
Zfp280d,7.5955935515714055
Prtg,2.596952614935363
Atosa,7.8692346544802065
Leo1,6.816505558248877
Slc17a5,3.971788272754433
Cd109,2.8113868970836577
Plscr4,3.726323377249996
Pxylp1,3.0296429844811072
Ppp2r3a,10.818312378310473
Topbp1,5.198605844450187
Atp2c1,5.862514871328519
Glyctk,2.453618375123516
Dusp7,3.9596844450026616
Parp3,9.715836590124212
6430571L13Rik,5.485047223708276
Camkv,2.48383921834735
Apeh,7.163505192681888
Atrip,3.7780114213200235
Plxnb1,2.1144722254663257
Fbxw19,2.71302709392512
Scap,7.304382253229214
Setd2,6.430803939775292
Nbeal2,2.43577314438977
Prss42,1.7957781264027883
Prss50,2.403893740496339
Als2cl,3.481319625934526
Rtp3,2.662589498926684
Dync1li1,8.038434144952168
Acaa1b,2.7168227195646044
Zfp445,5.672969816981343
Mrgpra4,1.8714947237638258
Igkv4-57,3.153819899787745
Zfp825,4.803905183570961
Pate14,2.047573563691328
Slc22a26,2.493348205844218
Zfp709,2.735378046544149
Lancl3,2.478398836413087
Slc22a29,2.9276167485252684
Ifi209,2.2014698960792827
Zfp352,2.258956243380441
Phgdh,2.87799623130984
Pisd-ps1,4.940990498403109
Nyx,2.0398791030506738
Rbm10,8.346676370676894
Usp11,2.232012314211461
Ints6l,5.840556811681964
Mmgt1,8.885448541365465
Slc9a6,4.392497650485516
Tmem185a,8.167336913741954
Pcyt1b,2.1595169554573306
Pdk3,2.8828552908818463
Klhl15,2.009540042948392
Arhgef9,3.0292479778955523
Stard8,6.9520797285233895
Ercc6l,2.1914619901588224
Klhl4,4.8400930162569376
Tceal1,6.4994981541949715
Rbm41,2.5230602725637907
Nxt2,5.051964372774503
Gnl3l,8.098467091987208
Adgrg2,2.499391022394035
Fancb,3.240792111509006
Glra2,2.0613742399249095
Gemin8,2.7339348432881123
Ofd1,4.690233765017969
Lrp11,2.8691824305110765
Zc3h12d,1.9378951991444218
Il22ra2,2.2211885918322882
Il20ra,2.1653278505137497
Aldh8a1,2.145232049224516
Tbpl1,6.35864415844043
L3mbtl3,3.268712172335386
Sh3rf3,2.3850634364764485
Lrrc3,1.9074719307092198
C2cd4c,2.519571259077073
Mex3d,3.9072141589720992
Lingo3,7.11640143015708
Zfp938,4.204570989927291
Gm4924,2.510538852807826
Ric8b,8.553472274352758
Gas2l3,3.3273746231982746
Ccdc38,2.377453989293653
Rassf9,3.1720526486527123
Osbpl8,7.139815188112347
Trhde,2.219941992407938
Myrfl,1.774182219652685
Stac3,10.961280767796836
Npc1l1,2.7291920988613794
Eml6,1.957637043743884
Fbll1,2.1203025115671874
Btnl9,3.072117038531425
Zfp454,3.27104668901668
Col23a1,2.5634637330935823
Sowaha,2.383789830249572
Zfp867,4.124533299565782
Mief2,8.516055543820928
Smcr8,2.2517791495220743
Dnah9,2.076042563806978
Pfas,5.1851357538468825
Slc13a5,2.1968489947082905
Rtn4rl1,2.6941231465074167
Trarg1,3.090708219123021
Nsrp1,5.32510764476848
Sarm1,2.0589934560017853
Atad5,2.2883100636174256
1700071K01Rik,3.3045532243163707
Slfn9,2.435819523584984
Slfn10,2.8898399528188854
Gas2l2,2.1880249750650336
Usp32,6.060013364088903
Coro1b,4.827945731768726
Coro1c,3.4092640915551655
Brip1,2.197028503091235
Rsad1,3.0707375875566947
Phospho1,6.522416274082171
Adam23,2.545949828565391
Ttll6,3.15704266178839
Adam25,2.4200649434482875
Adamts5,6.316818670444697
Agr2,2.712757624745764
Aplnr,6.0740804544508755
Akt3,2.837115755772569
Otop2,1.8769799666362286
Cdr2l,3.120277336420456
Aloxe3,2.347450927417214
Fscn2,2.4740822209282975
Hexd,3.7872755788453336
Amfr,10.363060949346698
Wdcp,2.320232367116409
Apob,2.1987944298744284
Apc2,2.135130521280099
Arih1,8.443392233941873
Kcns3,1.9549615174758153
Arih2,7.736397410558333
Ash2l,7.606351049037358
Dock4,5.884220139636381
Akap6,5.199510846107347
Lrfn5,2.524299870413039
Bace1,8.159106510698384
Arid4a,4.537758642743861
Cdc50b,2.4881514769795063
Banf1,9.777674374959707
Syt16,2.730389324671551
Kcnh5,2.1472430245974254
Akap5,2.415307845044398
Bpnt1,7.374488973371334
Popdc1,7.62904642280404
C1ql1,1.6825912007699468
Capn10,2.60679028626104
Mideas,2.7042370581669437
Car14,6.6932323399649585
Rps6kl1,1.830202742211121
Xcr1,1.802928203514061
Irf2bpl,6.207009818692888
Cd52,4.042970813029426
Cdc6,2.730879029172353
Cdh20,2.499195029525148
Gpr68,2.2602310062025004
Cfdp1,7.391431490773946
Slc24a4,1.934719756536805
Adam6b,2.9518507436781345
Adam6a,2.4903777231838045
Igha,3.2330007613261365
Clca1,2.058883474899909
Macc1,2.3666396568322066
Clec5a,2.19078149899017
Klf6,5.773015086823719
Mtr,3.675071174351134
Pappa2,2.8284684898942145
Def6,2.9498731601886505
Def8,5.623781808755408
Dido1,3.3476878454295242
Dmtf1,5.834601628514883
Dlg2,2.122750621173816
Dand5,5.227353580200539
Spata31d1d,2.4442448502179097
Zfp367,4.890053194665168
Zfp458,2.5675442594904063
Zfp874a,4.8848919468739895
Zfp58,3.9599554073943075
Ets1,3.91376264249824
Gpr150,2.185819323333726
Ets2,9.430013658597096
Faim,4.5787662612638895
Farsb,9.44584536996629
Fbln5,4.177930295567598
Fiz1,8.103156979611477
Tnpo1,4.631463907257881
Fxr2,7.714028294261052
Fyb1,3.9603346071992775
G3bp2,8.719913534914717
Gadd45g,8.822933714239822
Ppwd1,5.449377514312187
Gmcl1,4.001023968223405
Gdf15,2.2107820572638253
Ggt5,2.9605668772579343
Gpc6,2.5815280929228774
Gpr34,2.3809497138997413
Grem1,2.6148745540822467
Grem2,4.7040431029766205
Gtf2h2,5.893196077586135
Erc2,1.8803682228185024
Hcst,2.3398687238763247
Arhgap22,2.8283945668239228
Lrit1,2.3737483782964386
Lrit2,2.1482985629315166
Ccnb1ip1,2.0172257762384596
Hs2st1,5.236078022055868
Homez,2.8759288597775075
Il17d,3.0605526382025423
Setdb2,3.338711826619871
C1qtnf9,8.022135934892182
Rhof,2.7609467449877036
Dleu7,2.2061993439434757
Pnma2,2.211941716950248
Fhip2b,9.100612745573207
Impdh1,3.2767351774314926
Enox1,2.356242849609544
Insl5,1.9252254848044643
Insrr,2.860456648706999
Kctd12,7.117560080492599
Sh2b2,2.8158175895241526
Jtb,10.50159281094439
Aadat,2.2547185284258813
Katna1,7.475947188260723
Slitrk6,2.2489000173497082
Kel,2.5295803056667086
Abcc4,7.941720171110955
Krtap14,1.8333225565485278
Oxgr1,2.115627259998781
Lamc3,2.442497649580895
Card6,3.2700996136481613
Adamts12,2.1867949540990828
Ly6h,2.047626538374026
Tspyl5,2.293709049255333
Lynx1,8.749351658862063
Mab21l2,2.740025208872671
Map2k5,6.394170749784799
Lrp12,4.269051028953602
Mapk7,3.1801637086431973
Rspo2,1.9309961845016614
A930017M01Rik,1.8730830891565373
Csmd3,1.943134992381858
Mta2,6.670692312983075
Aard,2.2368342126329903
Slc30a8,1.9728932437187943
Esyt1,6.174939799391332
Colec10,1.946077754446734
Mgll,7.783095618706681
Mid2,2.486035476897941
Mmp17,2.6544310279415377
Dnajb6,2.7178158239016454
Phf20l1,7.949411577206674
Gpr20,2.7134171968818017
Zfp647,3.731140602865741
Nek3,4.395887612630106
Apol8,2.2273370594884465
Foxred2,2.921960639026958
Mief1,5.284235035137688
A4galt,2.709691113217289
Nek4,2.4808901360646973
Neu2,6.436875360259738
Ttc38,1.9699398505111791
Nr0b2,2.6886940942644397
Nr2e3,1.9790138580438439
Nt5e,3.0955055450192503
Slc2a13,2.6406562889695677
Pdzrn4,2.6316624619501283
Oas1b,2.406994914140799
Oasl2,3.1293432113396817
Tenm1,2.0431377021462573
Pced1b,2.447234848579414
Tenm2,2.5528389218726337
Ccdc184,3.1024386729498965
Tenm3,5.640634630389326
Tenm4,2.4073122009036805
Osr1,3.6384079787051955
Nlrp5,2.194063727280863
AU021092,2.7831639336183986
Pacsin1,2.0837787159566084
Mettl22,10.222051835229657
Pacsin2,8.80790539714663
Mrtfb,4.400331481116119
Papss1,3.886402208608123
Papss2,3.463843833809609
Rimbp3,2.3491813477421446
Klhl6,3.3663649775872813
Liph,2.3382737064199186
Mb21d2,4.3307997525004875
Pigz,2.592003858301086
Lmln,2.8941486603177
Pcbp1,10.806959847616815
Pde10a,2.3968150300777196
Cadm2,2.262405445559235
Slc26a4,1.7404377225081078
Eci2,9.237846504903812
Pin1,9.59559218626618
Med24,4.407909341410039
Cib1,5.4729208202008985
Prkra,4.281090599784136
Klk7,2.2506248403502087
Dazap2,10.077924192270585
Psmc4,9.69170342547517
Psmd13,8.60540873352131
Arid1b,7.850223434519577
Twf2,10.138223115187184
Ptpn21,5.972533831200805
Tiam2,2.786436039125134
Pnldc1,2.2701460321380904
Dact2,2.6962600095823923
Lnpep,2.3654085352726137
Zfp760,3.0243719645857694
Zfp994,4.337030492272994
Zfp945,2.747669297721586
Rai2,6.954445603314234
Cpne5,2.6327734164340146
Zfp811,2.126374625833875
Zfp799,6.412970154503747
Zfp870,3.788123820774499
Zfp952,3.6901138520521477
Zfp563,3.02481235250572
Morc2b,2.287484854907558
Cchcr1,2.549246279585377
Mdc1,3.208429004263506
Ik,9.384010442633732
Zfp119b,3.4637149484302134
Fsd1,2.6367813170859917
Rgs7,2.114100112504724
Grk1,2.4162246530407994
Rnasel,2.3534111135042886
Abce1,8.340780824912356
Rasgrp3,7.326130930784266
Thada,3.1081608602754804
Rnf13,7.5279788131507575
Jcad,3.6930857177992897
Zfp438,5.486272310721538
Rngtt,3.8864581941612513
Slc4a9,2.100398752642265
Gpr151,2.573317491060119
Ythdc2,5.487156356150485
Ccdc112,1.8996740951717672
Dmxl1,8.430278439065747
Mrps12,8.87699807336576
Slc6a7,2.6982700926586305
Pcyox1l,2.669109777127421
Malt1,3.618632912351476
Mex3c,8.17889986251071
Adnp2,3.1592131612588226
Kcng2,1.9392950479775306
Scamp2,7.602091662577354
Scamp3,6.8485749196111785
Scn11a,2.4149252428283123
Zfp407,3.33560256705913
Septin3,2.3908716871680356
Ccdc85b,5.802736646776336
Sgcb,9.174098742725198
Sgcd,3.7973062607473156
Sgcg,9.840424599261501
Sh3bp2,2.8982851232818283
Sh3bp5,6.172679423908494
Sh3yl1,2.874330709398166
Sigirr,3.5017243819627666
Dmrt3,1.9725274464318854
Kcnv2,1.995513494634008
Slco2a1,2.7574163389591533
Slc35a1,6.124061762551466
Ranbp6,6.004365699546241
Smc1a,4.004135418116161
Lipk,2.5031857194368827
Slc16a12,3.473494117201007
Spry1,5.671916026084811
Kif20b,2.059038524371824
Spry2,2.3483117531291144
Slc35g1,3.4424789938011977
Ccnj,4.025335884295523
Spry4,2.40003090860565
Dusp5,2.3889122238791143
Vwa2,2.3389215760648487
Sra1,9.58490681020604
St18,2.2860883173195337
Sufu,2.195976157538758
Mpdu1,4.648786675555171
Synj2bp,9.202618280849075
Sulf1,4.240041439744027
Slco5a1,3.8781231973943484
Taf7,3.6786615302769117
Lax1,2.2243461059470744
Klhl12,7.323394349633659
Teddm2,2.0818075132378095
Tor1aip2,7.4314052925626255
Natd1,4.6355775676495705
Brinp2,1.9551310869785639
Tekt2,2.002825756241695
Zbtb37,2.070467188884347
Tlk2,7.951237682771317
Tll2,1.8901344929311101
Scyl3,3.8900000111025093
Gpr161,2.4098454034564085
Tlr2,2.738169651673433
Styxl2,7.477001601108129
Lrrc52,2.6897658196999124
Adamts4,2.381046111763705
Vsig8,2.272077659608034
Tnfsf13b,2.4309841197227455
Tpra1,6.554259185890461
Trex2,2.040819570390576
Pkhd1,1.9740260783022618
AA619741,2.928113621728089
Rbck1,6.33543016294013
Carf,2.514655766132426
Cmklr2,2.5251324222371383
Plekhm3,3.109161498535933
Ubd,2.5065336937674982
Ubl3,10.201474168913785
Usp18,3.244617674462648
Cfap65,2.7581398071367196
Asic4,2.8453230427152065
Uts2,2.0796283656665473
Fam124b,2.2650211930364677
Vmn1r49,1.8515134416928085
Vax2,2.2278292009901093
Best1,2.856640461458299
Nelfa,7.247550075422109
Wif1,4.460902595020485
Cdh7,2.373886074605986
Itga8,2.5385567670520244
St8sia6,3.3878643379487703
Gpr158,1.8210971522306163
Pnpla7,7.812739956083227
Xrn1,3.608501210596573
Ppp1r26,2.7302335295207745
Xrn2,4.845896389023939
Lrrc8a,7.529445508756628
Fam78a,6.299002573012366
Ralgps1,2.2868541876820543
Zbtb34,2.2695081512878947
Ldb3,12.03157322528646
Zfp53,3.0301888679321887
Zfp68,5.5740243981862925
Zeb2,6.333983476777455
Rbm45,7.318069172723909
Zfp385b,4.138724219849014
Zfp804a,2.2071017412363374
Fam171b,2.551043664915681
Tspan18,2.9197170610302776
Lrrc4c,2.509504202418304
Ldlrad3,3.1985696603352207
D430041D05Rik,2.5241980758122113
Slc5a12,2.113561840816349
Exd1,3.586982030766336
Wdr76,2.573338756283183
Tgm6,2.74049520395764
Lzts3,3.0835200095024864
Pak5,1.94449534501632
Dzank1,2.5312179643891635
Snph,2.6019803720848755
Tspyl3,2.4375686125694958
Abhd16b,2.206750819318566
Slc7a14,2.433467053358369
Zfp267,3.5303987827564374
Bbs12,2.4628640755403715
Frem2,2.3179660853165474
Ankub1,2.386542740861682
Ppm1l,10.167733236381304
Zfp697,1.9813090290977107
Vtcn1,2.3532343548688854
Mab21l3,2.034994901551342
Bank1,2.6158712712000622
Dnai3,2.7719032404321653
Sdr16c5,2.2047647595171878
Sdr16c6,2.1481881308723283
Bpnt2,10.098410345047332
Fam110b,4.058373295387217
Atp6v0d2,2.0096155608041126
Manea,6.0413367697600675
Lingo2,2.1713580309830594
Rgp1,6.279846069824706
Fam221b,2.796553532149519
Dcaf10,4.818569117060465
Zfp462,5.530989729069829
Tmem245,5.479384383511134
D630039A03Rik,2.2789139712320883
Rasef,2.3561233929007046
Frmd3,2.246004378136708
Bnc2,3.784746398774825
Klhl9,9.661619157889675
Dmrta1,2.475609643142074
Kank4,2.7689673031056774
Atg4c,6.105689955724995
C130073F10Rik,2.4127230533368107
Dnai4,2.1339339818205594
Slc1a7,2.493598855331291
Podn,2.8335678841289718
Dmrta2,1.8256552091564207
Hpdl,2.3143798444517647
Dynlt4,2.2594069879264196
Cldn19,2.1970043686035723
Rims3,1.9173486108581528
Dlgap3,2.6078404606023002
Azin2,2.2102368843519336
Wasf2,2.870891570010281
Gpatch3,3.0671580665696325
Ifnlr1,1.9207031079494634
Myom3,4.58126813457056
E2f2,3.27130607190033
Lactbl1,2.281479300947384
Klhdc7a,2.355754961444829
Padi6,2.5939267267360004
Lrrc38,8.42164989293686
Pramel12,4.943708937422726
Oog4,2.3525876728020667
Disp3,2.2992949452162126
Slc45a1,2.362690185101718
Klhl21,9.053959844900119
Ttc34,2.6791187966292505
Rundc3b,2.0897241024311857
Napepld,5.368682983546166
Cct8l1,2.3498174465116595
Actr3b,6.241244796119484
Garem2,2.3284698047774097
Cpz,2.196198136835288
Kctd8,2.4250706515841687
Tecrl,2.22158052049967
Tmprss11f,2.0061974252710084
Tmprss11e,2.011788810985913
Hsd17b13,2.153101002268442
2900026A02Rik,4.4338242269973795
Oas1f,2.0744285698129645
Hcar1,2.040233885089539
Sbno1,6.8968528601889565
Adgrd1,4.391540007979033
Nyap1,2.6397117484355643
A430033K04Rik,3.2126875367540184
Elfn1,1.9082358898503653
Slc29a4,2.2774493756034424
Tmem130,2.410569425878831
Stard13,3.9767125240119943
Lrrc61,4.335658956131179
Zfp775,5.99239317636079
AI854703,2.6019104873004135
Gimap8,4.559535278340136
Ppm1k,5.000268896610631
Gprin3,2.334102256610095
Igkv4-81,2.080070499136674
Lrrtm4,1.9927654559673034
H1f10,2.1265713766728798
BC048671,2.5918213361755273
Uroc1,2.247724596179461
Grip2,4.406768763580776
Kbtbd8,2.4893598887666246
Slc6a11,2.182695439076817
Iqsec3,2.343782913404174
Clec1a,3.006235258483102
Klre1,1.9955414748714346
Styk1,2.912773784772165
Ppp1r9a,2.647822757937215
Slc23a4,2.2955366081758375
Slc13a4,2.4049285470696216
Parp12,6.3822314295463825
Leng9,2.4907707616710946
Gp6,2.6532529343874365
Ppp6r1,5.73473615916392
Zfp128,3.0913723945355343
Zfp324,2.664081381470693
Ccdc9,2.5881300332371784
Fkrp,7.324382482321529
Fbxo46,2.515358664345301
Nlrp9b,2.7831347435058666
Nlrp4a,1.9478195431306757
Ggn,2.4529630881427837
Zfp568,2.8492390619151755
Zfp14,2.815040550528195
Nfkbid,2.210090807535831
Hspb6,12.945121682605736
Lgi4,3.0371382015486534
Rgs9bp,2.086872041227996
Tshz3,3.875046768757296
Zfp536,2.866918505353596
Siglecg,2.2972963077987507
Shank1,2.4825542088049954
Zfp473,1.841266276217273
Ntn5,2.862612993969693
Zdhhc13,4.315339995198154
4933405O20Rik,2.5069320710490604
Mctp2,2.1833793496863834
Rgma,4.521645586645708
Chd2,4.6985563584197925
Fsd2,10.043232884727827
Nars2,2.9253912752450653
Tsku,2.5666937751193575
Ubqln3,2.2936726534105416
Ubqlnl,2.292233922420271
Trim30b,1.9596526212167873
Olfml1,2.9697965366792567
Cyp2r1,1.9931574242397376
Zfp771,6.515801524302347
Zfp668,2.7639127729521182
Scart1,2.0935359036426973
Mrgpre,2.2531203418471537
Dlgap2,1.979489788277719
Mcph1,2.9287579161970427
Defb8,2.014415161722641
Kat6a,4.15648745281563
Erlin2,4.954266066972547
Ppp1r3b,2.2250751744006965
Prag1,2.326829734018784
Lonrf1,8.593327263558736
Triml1,2.0383779957626333
Wdr17,2.0803772172006374
Elmod2,6.166515659144035
Abcc12,2.6531238865368705
Tox3,1.999074034630769
Ccdc113,2.4511264604834473
Pskh1,4.68067602950427
Phlpp2,2.6538459669440573
Hydin,2.504534084111209
Mtss2,4.204777850400828
Sipa1l2,3.2271932484901273
Cwf19l2,9.454060608145252
Kdm4d,2.0598954766621023
Zfp317,4.141414776250232
Zfp846,2.8001676066558994
Olfm2,1.8753396068875545
Dpy19l1,3.5614949461169636
Glb1l2,3.1146535504889687
AW551984,2.3299545911395083
Nxpe4,5.794656318150935
Layn,2.813370223923229
Arhgap20,6.456776877588392
Zc3h12c,4.599495633225943
Npat,5.996746082961034
Tmem266,2.5871641082314976
Scaper,3.7171945593763644
Peak1,2.061026545945723
Prss35,2.4733938466126
Snx14,6.30738767497989
Zbtb38,3.1440160057408044
Dclk3,2.2661003801773236
Myrip,2.722376402746096
AU018091,2.264103725359367
Duxf4,2.4986985754893456
Zdhhc19,2.7156512569732474
AA414768,2.3376501626996786
Tmem255a,2.298763597372086
Dcaf12l1,2.5633419186571866
Tm9sf5,1.9506821470630573
Gpr101,2.120329720541893
Gm4988,1.8412277273609634
Slitrk4,2.3356782436769192
Slitrk2,1.9081752782872397
Pnma3,2.0730872747167854
Pdzd4,3.07485347125933
Dkc1,6.555707072377436
Zc4h2,3.020728484973175
Gm614,2.41085709115092
Nlgn3,2.616864056885804
Nexmif,2.231562929208803
Tbx22,2.548340624882312
Gm4992,2.7568782625195163
Zfp711,2.2858131769043712
Gprasp2,2.3112138467253214
Nxf3,2.3807908217212246
Fam199x,2.7228960458376963
Pwwp3b,5.290804742513475
Frmpd3,1.982378167175084
Iqsec2,2.5276330682124937
Cnksr2,2.4913984223248047
Rbbp7,10.07985528992445
Tceanc,3.234020348608889
Fat2,2.2758658936479272
Trappc1,9.046084424444956
Gzmn,2.3024139552459433
Polr2h,6.374299161699764
Amdhd2,3.3710909385878884
Ssh3,2.4443263684368777
Atg9a,8.923476864618456
Spag4,1.9381154161856198
Ift52,6.144144535046888
Pcmtd2,9.242847061721305
Map7d1,10.017433521829933
Wasf3,2.0756309989960395
Ankrd27,3.534569233802427
Vps54,8.029140369012383
Rbm47,2.2613429557133795
Chodl,6.437135291127835
Slc36a2,2.8999208475935982
Defb9,2.5761535081371476
Defb7,2.0460744612238044
Defb11,2.7413977716640776
Defb15,2.7896294243547586
Defb13,2.0549809628112095
Defb35,2.1216002170743455
Defb10,2.06191220104208
Onecut3,2.126888447633187
Rttn,2.516440402863235
Atxn7,3.7608984646829633
Rhbdl3,3.2578968215562933
Kcne2,2.293336850406932
Vasn,4.9811410251310475
Myo1g,2.3956069096440125
Fktn,2.8383523063413514
Otoa,2.3229164670830147
Zfp277,7.862390929584179
Mllt6,3.2595821206776434
Mpst,5.401128670403089
Vwa1,4.719933648720981
Bivm,4.917300591610293
Fcgr4,1.913030506716602
Ovca2,3.3828063578222287
Csad,4.550818231651699
Cd207,2.034211063227113
Klhl8,7.3024066633157005
Prokr2,2.370829068985286
Lgi2,2.6178447428768745
Neto1,2.453484728214469
Hps5,4.675711656803195
Slc25a28,8.123682930494098
Defb19,2.7143050809959894
Naxe,9.552662549027797
Emilin2,4.441617985822721
Rgs13,2.1753202687101556
Rhobtb2,5.318876686030705
Oas3,1.8898214906132595
Oas2,3.0832850538925243
Oas1h,2.8748117888759452
AY074887,1.4807366647442788
Dnajc28,4.736806115823742
Cd300lf,2.669141578200687
Adig,5.128787191935941
Atpaf2,6.740059339483731
Slc5a2,3.0381551573244523
Obox2,1.9750312599142437
Obox5,2.36171350320263
Obox6,2.2361776260428403
Ackr4,2.157851644505011
Tox,2.527304787316764
Dusp15,1.9428335611307215
Adam34,2.2417719300372845
Odf4,1.8740076585406438
Usp7,4.250684907135184
Mios,5.694682805536988
Gin1,3.109492132398154
Cables2,6.674958496697882
Ropn1l,2.428817255096711
Tpcn1,3.110470177776167
Grhl2,2.4119316465293736
Acsf3,4.15377416605036
Sdsl,2.297215539512927
Or55b4,2.065805924878981
Or14j9,1.5596397688442074
Or4c3,1.8208626400687662
Or52e15,1.6931893895707073
Or52n4,2.4065454503040136
Or51e1,2.469158940940686
Mfrp,3.2110915549582724
Klk8,2.445085990342705
Tubgcp3,5.210894685400247
Ehd2,7.608489972270842
Leap2,2.4262234704575643
Prrt1,1.6664629118422603
Fev,1.8179428613024247
Cadm4,3.114056546395874
Otos,2.2497185342019326
Gga3,5.428873403959391
Nphp4,2.3926036773539052
Nav3,2.2862500449247194
Prss45,2.6852820054943947
Cdc42ep3,8.503428634109717
H3c7,3.5120501588460775
Plekhg3,3.501666704113972
Ing1,6.965835845077817
Abcg2,8.649213980049472
Aldh1a7,3.904478860892573
Anxa10,1.907028286114994
Angptl2,7.251306368564815
Avpr1b,2.0777144415171525
Axl,7.333256900384014
Btd,4.3030990385679315
Adgre5,6.45390359747146
Ceacam1,2.2256362787552857
Ceacam10,1.984773619558184
Ceacam2,2.681026367260379
Ceacam9,2.5388406358322033
Cetn1,2.0531070802656246
Cetn2,8.44365331630541
Ciao1,8.832991270152611
Clcn6,2.7105704215763082
Clcn7,3.993962064531504
Creg2,2.40689679689526
Dapp1,3.134708285154346
Decr2,2.997311944458142
Esrra,8.355141802254023
Pkn3,3.510930970882266
Esrrb,2.8328887150712063
Esrrg,6.0301305442294195
Fgd2,2.5286311373380825
Fto,6.446996945551685
Grk6,3.8659081438644236
Hsf4,3.3165104167502855
Spata2,2.8646630634377814
Ifi202b,2.262875550012741
Mapkbp1,4.593954008277406
Lypla2,4.899941098441882
Map2k1,8.71986588295698
Map2k2,8.837813178028687
Map2k3,9.284262719411041
Map2k4,7.597370342065914
Map2k6,7.803768199898371
Map2k7,5.282080360590196
Map3k1,5.281747330850497
Map3k11,3.516337052097152
Map3k12,2.9915772741583155
Map3k2,1.882945100669021
Cdk8,7.332258856133507
Map3k3,5.5776154535135944
Map3k4,8.104656562592849
Map3k5,3.165478737375268
Map3k7,7.00049948491235
Map3k8,2.6450674810214623
Map4k1,2.3851494537163274
Map4k2,2.6881172733343397
Ift56,2.6476737082532082
Mapk1,8.158187155293719
Mapk10,2.313891810541243
Mapk13,2.12769784944427
Mapk14,8.486553443532916
Mapk3,7.7080919420227545
Mapk8,2.9452540516836407
Mapk9,7.086786284018088
Nr5a1,1.9074554603233442
Nr5a2,2.4613960042575607
Nubp1,4.581818885386203
Nubp2,6.181769662856716
Creb3l1,3.3455287488859233
Orc4,5.475934528961692
Orc5,6.641605579497546
Parg,6.840753879168465
Git2,5.543093803785241
Plod2,3.046922415078632
Plod3,5.014365939863174
Prnd,2.652063448458012
Psg16,2.1297496198424697
Psg17,1.6499312926582805
Psg18,2.1608989466316326
Psg19,2.5220785866156956
Psma1,10.1996534518286
Psma6,11.340204942658346
Psma7,9.587102139083933
Psmb2,8.846003464703227
Poli,3.280372233719669
Mok,2.5426097271497436
Rbbp9,4.592574644286114
Sema4g,2.0360675801517227
Slc27a1,7.451993797900335
Slc27a2,2.528521128127526
Slc27a5,2.066751623487889
Txnrd2,4.935935577999259
Vnn3,2.571854375355457
Zfp146,4.4137581556185035
Zfp260,7.770709723378111
Itgb1bp2,10.482947314459285
Cul3,11.509430783203198
Homer1,8.4113049875927
Homer2,7.525902777960803
Homer3,2.5799812999916516
Hunk,2.9986773567441922
Krtap15-1,1.672733303720997
Mmp23,3.047284139939206
Ncdn,5.042792875326343
Ror1,2.360866364475495
Ror2,2.722097635566985
Pla2g10,3.146900354088985
Slc27a3,2.0823425805503812
Slc27a4,3.849945630343621
Slc7a11,2.2466466975163257
Cops3,10.858967799521155
Rcn2,9.213662213466021
Irak4,2.661913862607229
Cpne1,6.606739054858223
Snx17,10.36666526621586
Rps15a,2.6628938922190137
Cops5,10.661386862605793
Dpysl4,2.2948672575809863
Shprh,2.716168985637577
Rnf217,7.097297972940534
Zbtb24,4.049940739851018
Scml4,2.3504308589461305
Sowahc,3.801070228644555
BC025920,3.060909557694551
Kcnc2,2.0166394497054125
Tafa2,2.5252913776509143
Abca13,2.098556546314843
Ahsa2,7.4488105501237785
Mpg,3.779789004110236
Sh3pxd2b,2.8271065325333815
Zkscan17,7.097685987022774
Alkbh5,8.061800202795567
Ankrd13b,3.383885612560969
Phf12,3.0547109253551645
Rab11fip4,2.1541807264127653
Eme1,2.2737391495885375
Zfp652,5.462530136520701
Ube2z,4.918517277428837
Krt222,2.311914735640643
Krt12,2.119410158538194
Lsm12,4.964886763737603
Mgat5b,1.9825172798797481
Slc26a11,3.518900062774563
Greb1,2.3736164012194054
Sntg2,2.6776526060007644
Zbtb1,5.757272151639822
Gphn,8.810001353596698
Tmem229b,2.42216723329078
Serpina5,2.37199653166084
D430019H16Rik,2.410045730126837
Sptlc1,5.8705299584920425
Cdhr2,2.051953075233309
Zfp759,3.118931242626297
Ccnb1,2.0262824188514816
Slc38a9,4.063752063323185
Fam107a,2.87518152122421
Zswim8,6.2131722055289496
Arhgef40,2.8055804900918644
Tox4,8.341965090525504
Carmil3,2.565234322159245
Rnf31,5.119041261159445
Abcd2,7.421856542863314
Gulo,1.807297838145093
9930012K11Rik,2.162081409834525
Pclo,2.173195389525318
Adh4,2.3605031976012723
B3galt1,3.035421571907801
Egflam,7.390189084554116
Mtmr12,3.6554329535629164
B3galt2,2.7517887325504247
B3galnt1,4.472101371845896
Adck5,3.5110225145566205
Nlrc3,2.278772184209407
Rbfox1,10.756246229611746
Casp8ap2,7.0761493971395595
Abat,3.0499774630433802
Cenph,2.8514844252796565
Atp13a5,2.93731132637483
Chst4,2.2336646557617574
Xxylt1,2.6746108880751467
Fbxo45,6.360728470373018
Stfa2l1,3.333507325313139
Clec4a2,3.0626138525146835
Cln8,4.040336756848286
Nrip1,8.357841921571584
Krtap13-1,2.094124182937218
Cops4,9.681087221871461
Pkmyt1,2.798470215437669
Caskin1,2.0811609368858965
Wdr24,4.854514301905446
Brpf3,3.5218696717592377
Cops6,9.773388162904176
Cops7a,8.529768995086647
Capn11,1.958004128907108
Cops7b,4.62358503196674
Med14,3.652860195424408
Arhgap28,2.390370727098409
Ltbp1,5.562685012601598
Acot1,3.2071445248575174
Strn,2.384318332263996
Ctsj,1.9437725290278012
Ss18,5.562361946933751
Sap130,4.941922913139995
Ddx3y,9.179794674321677
Sh3rf2,6.902670498533166
Stk32a,3.1410327905485325
Ss18l2,10.400996361866635
Zfp608,3.609410259188015
4930503L19Rik,2.6831763885515763
Ctif,4.744309067759563
Dysf,7.0041866336342435
Gpr152,2.6844727855317387
Cpsf7,6.213179804024285
Eif2s3y,8.40952024344976
Exo1,2.022210626169729
Dpp10,2.0345899382546784
Figla,2.0468681473501875
Nup54,3.522404535377286
Optc,2.4114775875291055
Gcat,2.66147209315461
Colgalt2,2.749830377234563
Gprin1,2.2099462490059536
Macroh2a1,8.854686427898756
Kif26b,2.439627042887227
Inpp4a,2.236704795783804
Mgat4a,2.0432467077473566
Ern2,2.045265123418227
Nbeal1,9.190540397248062
Zfp346,5.073003735949624
Stk36,1.9157539053043442
Map4k4,3.0268007075351306
Pask,2.474149262365566
Mecr,5.8878443725819745
Fam171a1,2.987217795869562
Gtf3c4,2.672277919498088
Setx,3.926489156950647
Aifm1,9.208822594027959
Acvr1c,2.399265190540795
Foxl2,1.993377313588452
Ppnr,2.7902544792765283
Ppp2r5c,7.537102162810026
Ppp2r5e,8.336923797822683
Ccdc32,5.281201639150068
Vps39,3.2341737586798796
Ell3,2.0872372935628114
Racgap1,2.7203822661453554
Slc4a11,2.436291899071772
Mprip,8.673440243261462
Tox2,2.270141425527051
St6galnac5,2.4667562945549766
Ss18l1,2.9758260595509203
Polr3e,6.214658470573845
Rtel1,3.9545717170972536
Zfp512b,5.303361256784641
Ecsit,9.444751372104959
Nherf1,3.103918845199979
Abhd18,3.2308856709102742
Jade1,6.653042093844988
Spag1,2.5725435076787337
Plch1,2.29831773685828
Serinc3,8.252331210136832
Tinag,2.3125008539221574
Tpsg1,2.246646243872946
Trpc7,2.939298535315421
Wdr3,7.307808039767323
Lrig2,3.2611084957547596
Vat1,3.6922621702481098
Vsnl1,2.005407097100173
Fbxl4,8.488193908336903
Zw10,5.332649805900293
Fbxo10,2.8687090621699998
Tex10,5.108618997587534
Clspn,2.455311241526158
Zscan20,3.295845594003915
Epb41,6.853114455332303
Sytl1,2.3914216492751303
Luzp1,4.014138967884324
Plekhg5,3.1646525914116617
Chd5,2.3092171017091494
Pank4,8.688448127004937
Plch2,2.2650236092334173
Rpl8,11.420896149082752
Rbm48,6.635614641800653
Lhfpl3,2.242405103172141
5031425E22Rik,6.875725744023813
Wdr86,2.3108043210431535
Zfp512,6.272514437232535
Nat8l,2.3430436970633886
Ppp2r2c,2.4391075739749173
Cul1,9.327151837757917
Golga3,7.60644160467399
Islr,7.60928059808208
Rnft2,2.3946955819377402
Hectd4,5.102952212137193
Cfap251,2.3867285305362294
Mphosph9,2.8878347016045574
Zfp664,3.9557773839483055
Pla2g2e,2.0225193178933774
Clip2,2.65337887370328
Orai2,2.1617968376830725
Pla2g2f,2.3706097395334385
Spo11,1.9773797348500513
Aak1,2.390564748948002
Cntn4,1.9363513992041146
Lhfpl4,2.2220730143068597
Zfp384,8.152388264344927
Pon3,6.395288304975179
Tspan12,6.353601071425381
Nat14,3.964599275838023
Ssc5d,3.2481488423512155
Zfp446,2.535480553788539
Megf8,6.7614332744956736
Eif4e2,6.977494066170888
Map3k10,3.2200086111580717
Brd7,9.410441616858314
Chsy1,4.36136062484137
Idh2,10.26503553622649
Gdpgp1,2.8195887069676524
Ttll13,1.8163364628260263
Rccd1,3.2994295902902238
Adamtsl3,3.4263182077497216
Nup98,3.750653900034426
Gsg1l,2.3524924709649433
Orai3,3.814179085998621
Nalf1,2.010718643413148
Letm2,2.553603848253563
Map1s,3.7340846181986773
Slc35e1,5.392173530075099
Gcdh,7.39300707659918
Klrk1,2.292498506958618
Lpcat2,2.343517310984151
Ogfod1,3.6083318296871307
Lrrc36,2.680299689802228
Mon1b,2.9290219069505086
Vat1l,2.395047942645613
Pcnx2,2.197011853789562
Irf2bp2,6.162744772522994
Maml2,2.0650300833517075
Fat3,2.1715283187351635
Ccdc153,2.2373145402990033
Nlrx1,6.977730169551524
Nkapd1,4.8913564686992315
Polk,4.871760713683888
Rab39,2.355208678064134
Elmod1,1.9505910679436969
Myo9a,3.443231047809746
Clpx,9.297258707360243
Ephb1,2.473996896906474
Rab6b,3.55120388315992
Pfkfb4,8.4227927251701
Klhl18,4.012386324795446
Tspan32,2.5096151392588113
Ermap,2.948846557976774
Sgsh,2.6403005842452534
G3bp1,8.525022630509616
Nit1,7.529559989620516
Omd,4.424275571547996
Etv3,4.247035616054558
Rps3,7.075807577875987
Aoah,2.2130621028359316
Asns,3.081415147171707
Sec23b,6.228973628140907
Fkbp9,9.34271416292583
Irf5,4.018662615768005
Srp9,9.153218867286084
Sh3d19,3.12136707271558
Tcirg1,3.540669969391585
Bcap31,9.057995590438678
Spin4,2.650564698643971
Taf1,4.390505897283288
Cadps,2.136964326921784
Mbtps2,5.235349805511617
Mthfd1l,2.4327674246804976
Calhm4,2.044829081073203
Bpifc,2.397924630002481
B9d1,3.1439488799256523
Kics2,2.853528945924928
Zfp275,6.846648053498822
Tmem132e,2.3857221178719077
Prr11,2.2556356966054594
Trappc3,4.682995110046947
Eif2ak4,3.6065649145178877
Adamts16,2.184291288759782
Phf21b,2.034149197291982
Zbtb11,7.865265314044393
Ip6k3,8.182786547975455
Vps13a,2.7597064987323434
Adcy10,2.1501857765025996
Tmem169,2.0891569994148766
Galnt13,2.274700380218427
Rpusd2,2.578859595398311
Pla2g4f,2.64210708379672
Shc4,2.4065007154037725
Arsj,2.476022564782585
Srsf12,2.3500132300950427
Tstd2,6.687889773560689
Plppr1,1.4421744282338065
Syn3,2.8524604572287635
Podxl,3.3526256479540675
Nrk,2.105007304078493
Dbf4,2.800642479737983
Poln,2.2300512346532173
Azi2,6.889184590393119
Or5g26,1.8713696843870553
Mixl1,1.818465317723626
Slamf1,1.9903267915565575
Sgk2,1.9031892333588127
Cartpt,1.784411273780324
Trp53bp1,6.985620781013495
Eloa,7.353589412252194
Ddx24,8.093557336796287
Pla2g7,9.19662748270535
Bmal2,2.143367233520177
Zfp398,1.9927832701795778
Lgalsl2,2.3266514584924
Irf2bp1,5.8838218693515225
Lrrc4b,2.373661837514273
Spib,2.201492542806082
Tars3,9.643826217028371
B3gnt6,1.9186146374368243
Acsm5,2.1066627873019095
Tango6,4.358955440182524
Gins2,2.0977618323508924
Tbcel,6.746342370514309
Plek2,2.730759230314432
Dok3,3.526058766446065
Esyt3,2.5517603110373828
Cars1,2.93788258504306
Pdk4,13.071803845250756
Zfp354b,3.9559517601106493
Nufip1,6.008066989337252
Plekhb1,8.744214141350698
Golga5,8.900063219967679
Clnk,1.799899935821869
Tnfrsf12a,7.292803273135543
Phlda3,10.814699327962929
Plaat1,8.51161133782066
Nbn,7.84387615413452
Pald1,4.816797795349143
Insl6,2.3968474528520645
Gyg1,12.482190321236422
Defb3,2.4199298423893816
Sytl4,2.3084010169915072
Add3,6.60131492365884
Msrb1,10.800415771417619
Dnajb9,10.040361134815981
Srr,4.2751321769759585
Txnl4a,5.6359171613261125
Tbl2,3.0020924462090104
Dguok,7.303621212421155
Sh2d2a,2.498543218929661
Prl3c1,2.1520902118573138
Csnk1e,7.004138778011078
Prmt5,8.524135935858306
Tjp3,2.5897523123169885
Slc25a10,3.275360734609143
Yme1l1,8.465587667636212
Tcl1b3,3.1037820974153383
Tcl1b1,2.8954533253287695
Tcl1b4,2.5570266050485295
Akr1c13,2.510521503640844
Magel2,2.543712976806577
Npas3,1.7727434691588855
Sh2d3c,4.479260335373831
Ptdss2,4.302309883944798
Dusp13b,10.015009704140278
Mmel1,1.8082791858875555
Pign,2.09601860638201
Mrpl39,9.453789856497236
Mrpl15,5.83145938909517
Mrpl17,6.430183658287523
Mrpl2,10.041430198903592
Ip6k1,4.005389224779903
Hsd17b6,1.8966742765750748
Skp2,2.5064189047478815
Pdhx,9.201000067917727
Abca7,3.591152736684716
Abca8b,3.9825384868935974
Abcg3,2.1667909616737067
Abcf3,2.8602353539668948
Abcf2,8.843034446949545
Abcg5,2.0005359071802773
Abca3,4.430318801225336
Slc14a2,2.3050802305611042
Peg12,2.7605843257211107
Abcb11,1.9572346515804042
Sergef,3.041194717406434
Abcc5,4.312512030595897
Mkln1,5.07909575931864
Naglu,3.134270629096197
Abcc6,2.0396697483840973
Nagpa,4.17472659987844
Shroom3,2.4425126543939277
A230006K03Rik,1.945339281678904
Amot,5.169197070866873
Nrep,10.477725579883455
Nelfe,5.108850945147207
Ubl4a,7.758335138427458
1700088E04Rik,3.571677489551604
Eif5a,13.250249378278056
Snf8,7.186327446981448
Smtnl2,11.402200811507754
Pigs,4.181853746803115
Mtnap1,4.022063496859158
Timd4,1.9505088867041611
Armc7,2.998632466586116
Gemin4,3.5252372340787304
Slfn8,3.1201696815641955
Rasl10b,2.3221055334528247
Marveld1,3.8986919418049175
Nynrin,1.7876637494198173
Kdm3b,6.354902053414203
Trpa1,2.043073169575092
Tcfl5,2.2167122742721883
Prex1,3.3081115074648877
Klhl23,7.513598573257819
Trp53i11,4.413876521235074
Vstm2l,2.3968550638975863
Gpr107,5.200199928703651
Slc39a12,2.09894574608288
Lkaaear1,1.841878742734199
Lsm2,5.523858768809447
Vwa7,4.502969204429276
Fam131c,2.7697854732654825
Cyp4a12a,2.0516967462896303
Commd8,7.29283306712918
Depdc5,2.796292881413019
Slc15a5,3.7044945349252543
C2cd3,3.858287877052056
Slc9a5,2.3255051317099302
Exoc3l,2.5854546035389867
Zdhhc8,4.329357388621875
Vsig4,2.246155241324285
Spin2c,2.245960282217972
Tmtc2,3.032227677261513
Zfp385c,2.7684058606127393
Tada1,4.829369934481317
Tango2,8.161115701233621
Ess2,2.9046653701110094
Wnk3,3.519770837749903
Tlr13,2.3508279085870787
Gm715,2.237540770638773
Pcdh19,3.3995176648761323
Spg21,5.446372307259366
Rrp9,4.539581214504202
Cherp,6.682367314457913
Vkorc1,6.237057886383414
Rhbdd3,5.184791509937224
Eif3b,8.401941839894484
Rsrp1,9.410438974375207
Efhd2,6.599335625829316
Imp4,3.17536158182994
Exosc5,5.096689216400576
Fam3c,5.894392414843633
Prpf19,10.37757836822932
Washc2,6.822513872992931
Miip,4.027635005429279
Polr2m,10.384027251259662
Ubfd1,4.636256952175593
Ing4,5.629737681901454
Mrpl50,7.706475026858023
Gfm1,9.580117281118026
Usp39,7.584266446611178
Larp7,6.477543095733469
Rilp,8.632593253213273
D6Wsu163e,5.610599364994809
Selenoi,3.329078339614193
Selenov,2.319808082235639
Yipf3,7.365648445869122
Afm,2.142387776688103
Adam1b,2.1595566985477768
Adam1a,2.867002220258549
Polr1f,7.575695984513456
Desi1,5.246608413675784
Med10,8.047361653455283
Prl5a1,2.094368720140377
Atp5po,11.560507756744663
Vcf1,8.770892801906262
Vps25,7.872713840718977
Rtcb,8.178811435249093
Trim36,2.7809933514580685
Mydgf,4.929581954030954
Nopchap1,3.5472560731275866
Tinf2,6.688663574915204
Nsun2,7.073927417583321
Nop16,2.8193110500518244
Cep63,4.716657441447338
Serp1,6.77323527698385
Agpat3,7.289218404929099
Tomm70a,9.056509567253165
Reep3,6.4960736646914095
Apon,2.4070800374129404
Dcaf11,10.24160030232519
Dhrs4,6.725349572841844
Trpm2,2.2125874691510323
Slco1a1,2.1639380162498303
Slco1a4,2.1943859829689063
Slco1b2,2.075669163808435
Slco1a6,1.8711102126695824
Sbsn,4.433664164342566
Serpinb1b,2.300197494195162
Gatd3a,10.733937659545509
Flnb,3.669920893291334
Znhit2,4.81356971834554
Limd1,8.511167964017226
Tpk1,3.1348418650181546
Mga,4.554302724110822
Rabgap1l,2.7904851851070966
Bag3,9.724213255718132
Ndrg2,12.476769452003074
Ndrg3,6.688779697858945
Zfp385a,3.3627872738874154
Bcar3,4.476157090271429
Hip1r,3.2348525661081653
Igfbp7,10.330664699722842
Hspb7,9.9062950880091
Stau2,6.33971183332095
Tnfrsf19,3.8075569483380023
Or13c7,1.8938025431758103
Or13c7b,2.2660274162394898
Or13c7d,2.56958697411423
Smtn,8.299424107419517
Mapk12,10.645671604515671
Pmm1,5.254599343866698
Sult4a1,2.2619518935879883
Dpf1,2.6101688337391247
Ninj2,2.29257660276024
Pde7b,2.9835879123059974
Rnf11,10.862331454444018
Cabp5,2.209626741543723
Cabp2,2.511042145292056
Cabp1,2.2134699019222004
Ulk2,9.305809764896354
Gtse1,2.8838299832619554
Scmh1,7.393402973233868
Cspg5,2.409274461567215
Iqgap1,3.948723878598327
Clic4,7.244491477931071
Hdgfl3,3.2027715123691323
Opn4,2.3476178567433372
Dnajc12,8.038088759486353
Zfp292,5.244708329296118
Scd3,2.014750607024817
Fbxw2,7.153716776745697
Spdef,2.506933555150827
Pcsk1n,1.9281276950732338
Reg3d,2.04718605683409
Rnf17,1.9330660597116152
Timm13,10.048619134737317
Timm9,5.335195319477041
Timm8b,9.574953675582947
Timm10,9.152381830334942
Meltf,2.1775178343589388
Cttnbp2,2.665546290611109
Slc39a1,7.327454168559451
Pdlim4,4.3054781887129225
Fkbp3,11.293528017123444
Mmp20,1.8873584862138124
Slc22a4,3.199377687615325
Adamts8,2.933141541329207
Fbxw4,7.25098201792551
Fbxw5,7.620659090070402
Fbxl6,3.293614619120646
Fbxl12,4.348455193939449
Mlf2,10.831895151809723
Gnl3,8.972392008732024
Apln,3.6471855959253756
Foxe3,2.0397461599463047
Angptl3,2.317391235768412
Slamf6,2.155717028712399
Glrx3,11.066050863049568
Snai3,3.727653857573479
Vps26a,8.425270625563616
Tor1a,4.387938382632007
Zfp330,6.093025458032664
Tor2a,5.282212783752763
Tor1b,6.263754601176633
Tor3a,3.0026060381853306
Slc46a2,1.9778481179267022
Lmcd1,10.36148731967691
Fgd3,2.7782438590250575
Pttg1,9.980157577148908
Usp25,9.020217310233866
Usp21,6.923043319876906
Hnf4g,2.081578846078016
Prss30,2.0786100157158445
Zfp354c,2.651492777600476
Rnf19a,5.997415228613595
Abt1,6.581824543182766
Adat1,2.5798701089722695
Bin1,11.647376440834046
Lcmt1,7.860033217225492
Cbx8,2.920605628471796
Cngb3,2.400268917365531
Schip1,10.464173744546494
Siva1,5.308879106780561
Pik3cg,2.220562679318697
Aass,2.1537825717995687
Mapk8ip3,2.9368683220126095
Ddx25,2.905921943332365
Vapa,11.840065031220552
Slc7a9,2.0872795852107355
Hacd1,10.747002545134102
Sec22a,4.673909461750604
Zar1,3.6111431506774525
Gimap5,2.9806681990989277
Gimap9,2.5557460689455005
H4c9,5.531828257110749
H2ac25,5.326599282456264
H2bc21,5.823894417944683
Rpl17,3.3359154816417793
Ankef1,2.0339054153057554
Gpr4,3.1079956503980632
Pgbd1,2.712057984579301
Nol4,2.207720490805332
Sctr,3.7031625408183513
9630001P10Rik,2.3829847520443157
Fchsd1,2.2082818935021096
Pcmtd1,7.5369135548748964
A130010J15Rik,3.928413924669401
Washc4,5.042030414272327
Shfl,2.899842241595188
Snhg11,2.350600349071759
Sf3b2,7.410717034222237
Pianp,2.0482842027256196
Adgrl3,2.3731707520190235
Hs3st5,6.038674512928947
Fndc3a,4.886632622194704
C230057M02Rik,2.2808436168201633
C530025M09Rik,2.0005043153508537
Zfp672,6.954198449116376
Cxxc4,2.2664563632791883
Wdr59,3.3081272897923917
Nrcam,1.9471952585778656
Pced1a,2.907863546882215
Pdpr,3.5742279540396
Zfp750,2.1492607729286344
Zfp182,2.870908327462473
D430020J02Rik,2.340526206463369
Spx,2.2499219109910094
Syne2,4.055717017132857
Xkr5,2.2058284202897602
Trmt9b,2.2469827778081215
Lig4,5.118218019314761
Hif1an,7.087572823843671
Zfp653,3.31042640554331
Fam168a,6.6880713733843065
Sybu,2.8655965357577444
Zfp944,5.875980561322073
Dcp1b,3.607345805658232
Galm,3.2656251188526446
9530059O14Rik,2.3917274407186326
Nt5dc1,6.202976991164135
Rab9b,2.496480962740408
Podxl2,8.023965122790123
Eml5,2.9163103757138216
Frmd6,6.903904396807211
E230029C05Rik,1.8091977069833287
Ablim3,6.230644312957078
Simc1,3.8416638273063755
Cacna2d4,3.358653015831623
Zfyve27,3.2955411857905186
Zfp865,2.24608644067358
Smo,2.9107103434513313
Rfx7,7.7351578487940245
Igf2bp2,2.537530804577568
Atp10b,2.3173494852098977
C130050O18Rik,2.4589867916510566
Tmem72,2.2791404591272872
Tigar,8.819465172923637
Nwd2,2.041602570441409
Rc3h2,6.673910621345829
Smyd4,3.503158171199798
Tmem229a,2.101525140644822
Bbs9,3.7243867261391137
Tmcc3,8.204729762985442
Zcchc7,6.71199161544979
E030030I06Rik,2.3860117240382697
Dock6,3.063366177283752
Dsel,4.0014925228385945
9630013A20Rik,2.1134909436560783
Ism1,2.2838768123339466
Vwc2,2.3984534348752753
Apba1,2.549549291816279
Sbf2,4.526221981289994
Tns3,6.676911686443932
A530016L24Rik,2.855217341850923
Taf2,4.2973057896704985
Flad1,8.3185864178694
Ttll1,4.50647980419961
Cc2d1b,7.360016134635878
Auts2,4.625137663507609
Jph4,2.124580077227931
Kif6,2.7164766331509043
Golm2,3.2006918420946433
A630001G21Rik,2.2095218234132807
Tmem198,2.478700755272843
Sidt1,2.2026972636860496
Uggt1,5.214997283109194
Terb1,2.1908222089862828
Nceh1,4.323895123554281
Rnf222,2.641219846171689
9230116N13Rik,2.2119796123139417
Olfml2b,4.236104421224567
Zbtb39,3.820481205707669
Fbxw21,2.16823770035684
Fbxw16,3.415413240359839
Ano4,2.333176376753715
Prr18,2.223272771446879
Fndc9,2.332669632340153
Fbxl13,2.2449752098740174
Dgki,2.390031460703776
Grk3,3.7097500224558235
Sp8,2.1106167225063
Treml6,1.9578314170035824
Zdhhc17,3.5700799956548503
Zmat4,2.4327432426264735
Togaram2,3.643709380961962
Cep95,3.25474321013645
Tacc1,3.5178912598025622
E230016M11Rik,2.4070100381956436
Fndc7,2.0531790119784077
Msrb3,9.67179583041114
Lefty2,2.498687817160245
Etfbkmt,6.782498572151076
Pik3r5,2.5206047124869952
Ddx11,2.474125146505044
Senp5,3.5469519059787378
Cfap91,2.1677401808754433
Ccdc171,2.483562860204802
Ccdc66,4.793638140863964
Ttll5,2.8451333442090845
Tafa1,2.432107985963023
Fubp3,5.942883928025171
Scai,2.7394403894152037
Spef2,2.3257635560997927
Rasgef1b,2.661473128127206
C920006O11Rik,2.732508516178825
Iqcb1,3.1322679500050863
Glt28d2,4.942152879526102
Lypd6,2.551137880968244
Lipi,2.160526433789665
Ric3,2.2243245667399374
Fry,6.481857694229105
Bcorl1,2.5966634902787304
Cenpt,2.7723194051204563
Lrig3,4.16751926371472
Cadps2,2.2228847364202338
A730089K16Rik,2.359332465275639
Gchfr,2.1012322148294094
Trank1,1.9962237855863014
Rinl,3.1987861201211545
Alg6,4.936338141315599
Tmprss11g,2.9022460076408128
B330016D10Rik,5.318107093046865
Vwc2l,1.8264785790397007
Ppm1e,2.2750183124129895
Heatr5b,2.6236889203126412
E030042O20Rik,2.130888743107876
Rasal3,2.188233910967871
Heatr5a,7.513728920606826
Ipcef1,2.184681697729324
Tmem215,2.094477052082694
Lmod3,10.210775775181377
Cachd1,2.8694785375744005
Bhlha9,2.5054108863840856
Tmem104,2.188362253312489
Ubn2,6.669409069601618
Slc35e2,3.836584547181857
Sycp2,2.373659479588411
Dennd5b,1.9717313399284506
Islr2,2.10920109007999
Idi2,2.211304004688905
A230051N06Rik,2.096768621391895
Phf8,2.5698103236374394
Ccdc169,2.27987381641077
Strip2,2.5346479439517786
Snrnp200,9.211442441188934
Zbtb26,3.7202765997242118
Ocrl,4.705537993605445
Cyb5r2,2.299848635947163
Pgap3,2.6700498884845874
D5Ertd579e,9.932536642054062
Iffo1,3.506178512021281
Zfp629,3.0750742562535227
Dctd,2.7128924869536726
A930033H14Rik,2.7235236121152737
Tafa4,2.385221023177287
Bend6,2.6540626630521595
Mtcl2,2.7816550762997125
Tmem117,6.290939988747378
Mysm1,4.7639936958518945
Trappc11,8.304665519233344
Pptc7,11.100340181518163
Fastkd1,6.967204577163454
Akain1,2.764746380270626
Ipo8,5.2250048159584574
Vstm4,2.9700186403809887
A230072C01Rik,2.6237253272357655
A630052C17Rik,2.8651191414150112
Prdx6b,2.103847493878227
Mdga2,2.110912795353746
Tmem154,2.541878059794023
C230072F16Rik,2.3519802249303665
Chd7,4.01685662223749
Pkn1,3.7968608613876724
Zhx3,2.4596065304447374
Gfm2,8.402030893364065
Dcaf5,5.252666833791649
Atad2b,7.584238700434805
Samd5,2.545201896461339
Cracd,2.5327453018346233
Negr1,2.525290976770076
Gjd2os,2.4846615155997673
Krt26,2.0206732293557366
Spata33,2.3413922367198023
Cdh10,1.9795681319639877
Mical2,2.9543683053067515
B430105G09Rik,2.2350056968859238
Ccbe1,2.4235024507674647
Tnpo3,7.246745992139366
Atp11c,3.2131199934961656
A930035D04Rik,5.454159784801898
D830039M14Rik,3.4549037113221885
Pisd,3.591146490536772
Lrrn4,2.045658872922926
Enpp6,2.7323679417500344
Arl4c,2.4974382123402994
Cyp4f39,4.31695097587518
Lrif1,7.563727641120498
Xpnpep3,5.1508574417176485
Dcaf1,2.560008689206501
Serac1,4.212356456473438
Zswim9,4.875146845943634
5330439B14Rik,2.0862319548567494
Serpina4-ps1,2.3080610049573966
Gpr183,2.180212321366795
Cdv3,8.743444338969484
Tpm4,7.876605418697774
Upf2,9.10984332178686
Ppip5k1,7.286738009612146
E130307A14Rik,2.154272861147644
Mettl24,2.2520639978533152
Dna2,2.5666156080715155
Tmem26,2.744645654110198
Ppfia2,2.2185755768459265
Frs2,6.001085453867113
Ubtd2,5.349466898283068
Dnah2,2.3105993020106106
Pitpnm3,2.2762574867289667
Xaf1,5.587792048715543
Zfp616,2.416615884722314
Slfn5,3.0247705375814413
Med13,4.461573597907623
Hsf5,2.279095379461633
Slc7a15,1.6631200182511396
Dtd2,2.2136208514516293
Prps1l3,8.67295281489796
Togaram1,8.002100238080397
Prpf39,5.324291828444818
Trmt61a,2.818477081407265
Gm5082,1.814124803756928
Gfod1,3.4456677196794736
Rnf182,1.9201284067631954
Slc25a48,1.9276179294838354
Gm9776,2.5827403811929144
Mast4,7.23223499455352
D130037M23Rik,2.8999222924050856
Zmiz1,2.737508651133378
Sh2d4b,2.7608382242819984
Parp4,4.359603376294303
Trav6-3,2.4310991873990724
Apol11b,3.126354329732268
Ep300,7.754873692197056
4930407I10Rik,2.453369415820774
Bex6,2.2868792301320506
Rab26,2.2357208337199777
Hs3st6,2.3570843231173852
Lhfpl5,2.1447212374842928
Ubash3a,2.3407326125770793
Zfp414,3.4013539749140804
Treml2,2.2729444251897513
Acsbg2,2.133844970264691
Mcc,2.8199573901015853
Spink10,1.9936920883109863
Zfp532,5.837347027976816
Zfp236,4.39934847044188
Zfp516,3.724482242025497
Atg2a,3.793365785548241
Pkd2l1,2.6553124253042353
Emx2os,3.1476608598990126
Cpa6,2.120641936654095
Ankrd44,6.443150316230764
Abi2,6.582058860509477
Rbm44,2.0183314602743545
Ppp1r12b,2.1827999636392854
Lgr6,2.558274079051692
Dennd1b,2.6742932766991583
Fam163a,1.849276012246573
Tnn,2.2436237904810095
Ccdc187,2.601847591840045
Ptrh1,2.731818480193168
Nostrin,2.660492269239004
Accs,3.8246971906824623
Pla2g4e,6.8866094838043255
Lcmt2,3.7473377719782364
Ctdspl2,2.977176864071063
Il1bos,2.1161999139928436
Nol4l,2.69061516214647
Svs3b,1.8251449637269108
Zfp335,5.253464784303081
Birc7,3.2243440990960743
Fat4,3.523230113684781
Sertm1,2.2106629184727784
E130311K13Rik,5.292069944268283
Dcst2,2.413972689644846
Dennd2c,4.248787953550933
Tafa3,3.7667725387804025
Aknad1,2.4744913300627216
Eeig2,7.335670370579975
Pigk,4.676522953151115
Tmem67,2.3747090576851115
Myorg,9.26801317121849
Gm829,1.8466252041493387
Frem1,2.4717202874442883
Usp24,2.350663377860121
Tmem61,2.6318422704393574
Acot11,2.9869235339351956
Col8a2,3.642165042658944
Spata21,2.2491442698065023
Fhad1,2.7901709469545417
Aadacl4fm5,2.1626564858643653
Ttll10,2.214248149425825
Fam185a,5.456080427512372
Slc5a6,3.5028269616187164
Gm5107,1.8457948118080303
Shisa3,2.6207444747898796
Cxcl3,2.545302745770071
Kctd10,3.3831866112221562
2610524H06Rik,2.384499051073113
Taok3,5.347809738080106
Ccdc63,2.6298374363133816
Tmem120b,3.749599177519046
Vps37b,3.421083365896596
Mblac1,2.784900060013605
Gal3st4,2.5577280867587953
Sdk1,2.269246246228178
Pon2,7.980552874683684
Thsd7a,2.428969997617014
Garin1b,2.5757231568021584
D630045J12Rik,2.1491123899936873
Zfp786,2.3431067029294024
Wipf3,7.218357426542009
Dnah6,2.1520243588344306
Gcfc2,4.012481638860856
Fbxo41,2.312960030355104
Tmcc1,7.161131266426203
Cecr2,3.387850654934079
Gm5112,2.240655861468453
Tmem52b,2.5874347184372026
Zfp78,2.4688610603542194
Zc3h4,6.6357804711580926
Nlrp9c,2.5562919556819534
Zfp82,3.2279936550213315
Gm5113,2.506314512018285
Saxo2,2.119999930256967
A530021J07Rik,2.358165610259014
Trim66,2.1162303543087257
Prss53,3.081553357197991
Dock1,3.0329612426752734
B4galnt4,2.4904118158038138
Ctxn1,2.037876705119688
Nek5,2.533909696372658
Htra4,6.885408178636939
Zfp866,5.463702709041638
Hapln4,2.411658956989083
Adgrl1,5.645183495918299
Dhps,6.368952863687592
4933402J07Rik,2.2815886762702893
Slc7a6,5.216197294454913
Opcml,2.7998627695946166
Arhgap32,2.860261162648598
Dixdc1,2.7903745034524086
AI593442,1.9146928345219523
Slc51b,2.555318042831511
Slc9a9,2.996433056820244
Gmppb,3.318666850631742
Tgm4,2.7462077460676273
Gsdmc2,2.058061852520933
Gm5124,2.7186285829118373
Thoc2,5.405283739959163
Rtl5,2.3085326826160877
Xkrx,2.227194038333114
Bend3,5.67632619420385
Mapk15,2.0970597844904915
Krt78,2.6694251295498774
Zscan10,2.32862785424537
Nanos1,2.597589547387102
Lyg2,2.012692655757587
Fndc11,2.31222407030442
Zmynd12,2.3056885501469417
Tfap2e,2.4149243085987195
Gm5129,2.023702270841928
Kcp,3.777297089135748
Cox6b2,2.586400514893438
Fndc3c1,2.2156828447825245
Ppp1r13l,3.043758507193973
N4bp2,2.328062503303657
Cyp3a44,2.625206146087307
Mia2,1.6880226355982473
Cog3,6.166784852929979
Ttc16,2.187484253870473
Cntln,2.9047406376518867
Acad12,4.2556835792396575
Akap17b,2.852512439462688
Nell1,2.213715565858149
Fkbp15,3.1654003322886175
Supv3l1,6.950413594459462
Ust,2.8885248734704803
Tmem241,2.200358355786119
Trim65,2.854850340224576
Slc41a2,2.783262385696125
Myo1d,4.8530246542359
Pheta2,2.9714688698229828
Nalcn,2.639409432199513
Endov,2.5131804245301246
Map3k9,1.9945145668175117
Cndp1,2.290438718418962
Morc3,6.505838820001184
Fa2h,2.7739754002155963
Kdm7a,5.948809413085215
Pramel6,2.2012629658873126
Pramel7,2.354226109695737
Agap1,4.26667963910975
Caps2,2.1109612060316993
Plekhm1,6.440494525484785
Egfl7,7.393403869326481
Slc2a12,3.4575695486895506
Gars1,8.278489052486592
Nr1d2,10.474307689093811
Adam32,2.3818226211938107
Edc3,5.077075667292622
Prune2,2.401896066496139
Mrpl21,8.310335981155125
Ltv1,8.420588086112078
Sfmbt2,1.9280461839591423
Eras,2.458532480855778
Clec18a,1.9854045524820443
Zfp703,5.548548471621635
Tmc4,1.93369804830089
Hcfc1r1,10.027668320921068
Dio3os,3.1635752215955235
Myo18a,8.32858716428983
Trim46,2.4783894818645162
Khdc1a,2.2685030817253575
Col27a1,2.8741502136752914
Nlrp12,2.0397622009532204
Txlnb,10.852845689870128
Pram1,2.6432229211623204
Morn2,6.585371250211341
Bpifb3,2.2859492546615474
Serf2,8.900587249271465
Lrrc24,2.290008584786331
Fastkd5,7.505719501179793
Intu,2.952255273198347
Heca,7.079533144236488
Cfap54,1.8613736232989424
Lemd3,5.9475170809836415
Nefh,2.3809735495350717
Cnrip1,4.275168532263341
Ccnjl,2.16116153547601
Obscn,10.909636458979415
Shisa6,2.1121505374104
Tmem102,1.7683457765201653
Rap1gap2,4.264664431117997
Tlcd2,2.0009657878538563
Scarf1,3.887555623125595
Mks1,2.9532840451750135
Lrrc37,1.9050608106030824
Milr1,2.647474725138038
Eipr1,4.497058908698863
Atxn7l1,2.660408349845427
Ccdc177,1.9636295289178987
Slirp,9.562140498940543
Serpina11,2.4624376066529376
Lbhd2,2.868991660893793
Ighg3,2.8376989658256964
Mrs2,3.4639539910871613
Lyrm4,6.437396851317227
Stmnd1,2.2568525950040486
Gm5141,2.639838370911764
Tmem171,2.478674536880621
Gm5142,2.0317650658743553
Lrch1,3.1633918642466328
Dgkh,2.8986359732600278
Lmo7,8.327647382521656
Alg10,4.752427795372873
Tmem106c,4.171974555070513
Nckap5l,2.166557331020037
Zfat,2.690544533257373
Cyp2d12,2.1004060226104584
Kmt2d,2.6555909638608433
Mix23,8.551709115723298
Ermard,4.566821848070496
Zfp948,4.151527663872866
Zfp229,4.473973981709289
Tbc1d22b,3.3483323992081537
Dnph1,4.873270422226693
Tmem232,2.6046980076026247
Rmdn2,5.038534224607828
Capn13,2.064926285812605
Garem1,3.676899266055153
Prob1,3.4933112265051576
Greb1l,2.3852855812617184
Ccdc68,2.955614955669283
Tmem151a,3.068997206150467
Ap5b1,2.91370795634881
Entrep1,5.770560451013803
Spata6l,2.6081716944080093
Lipo3,6.778998771899939
Tmem237,4.331636267474784
Marchf4,2.4889006322106444
Hjurp,4.085503606571234
Kif14,2.1746148546788735
Firrm,2.4145417494443153
Iars2,8.266991707987875
Nsl1,2.239622016399409
Batf3,2.27607814703463
Fam178b,2.3240552189476746
Lonrf2,2.0480558707119867
Gata3os,1.9271978341996807
Spag6,2.3529978924449817
Mamdc4,2.3268247271377622
Ajm1,2.3379409424767594
Cacfd1,7.972521719153616
Med19,5.012755057035178
Pabpc1l,2.4910532414986912
Trp53rka,3.212937857368902
Cdh26,2.240425763318672
Zfp408,3.2770807245001485
Accsl,1.974966585649059
Gpr176,2.0739170933274997
Gm5148,1.932364484143066
Ube2u,2.1025211270588393
Zfp69,2.6702732810656684
Xkr8,2.3709581102245467
Pramel32,2.6241389881214587
L1td1,2.264782706518073
Tbc1d2,2.430790098196764
Rbm33,6.577143071702436
Atraid,8.9244568570312
Nicol1,2.0478039838639353
Cep135,2.661186811393399
Thap6,2.73935600247642
Lrcol1,1.9454283055957946
Fbrsl1,3.8429502268187505
Vgf,2.0373404016583088
Kpna7,2.4812291110648643
Wdr95,2.0150364505456113
B3glct,3.3023277842007936
Pttg1ip2,2.226513477091638
Drc1,2.116382172177168
Wee2,2.139815844693281
Ssbp1,2.971264445915729
Gm1070,2.494036346710502
2310040G24Rik,10.074890064616268
Tatdn2,5.598727909216099
Tsen2,3.963059562466366
Prmt8,1.7628875010312772
Clec2m,2.3616465571151637
Apold1,3.335463999049079
1700073E17Rik,2.5396110103427567
Prb1b,2.502076732563546
Rnf225,2.3995779410001736
Gipr,2.073055096295769
Slc6a16,2.3613674828119833
Alg8,3.413034676529849
B230311B06Rik,3.426630625429071
Spef1l,2.7864637792432596
Mrgprg,2.7253643705430073
Brsk1,2.6575356607139407
Lmtk3,2.200733879941709
Zbtb2,3.704053350175601
Defa39,2.424823343165076
Cep44,5.81500815168241
Ano8,3.0177864660602567
Cnep1r1,9.792345288922581
Gse1,4.856119407314466
Pabpn1l,2.1730631615884293
Urb2,3.699302088500692
Adgrg5,2.172353475507455
Pdp2,2.4525799676320634
Crtc1,2.360666398522697
Cenatac,3.3195286864763554
Ccdc33,2.3505872370865224
Snx22,2.7289662085001214
Omt2b,2.1824227819279645
Ripply2,2.0917723365745533
Cep162,2.825172779102464
Gm1123,2.347936600280297
Fbxw24,2.579971751876565
Susd5,2.5605300247673757
Slc22a14,1.9760429390854675
Tcaim,8.573465839014032
Fbxw22,2.7499631741372994
8030474K03Rik,1.9227800056185973
Brwd3,2.122246231906989
Vcf2,3.6863751872323185
Bclaf3,2.8186186457581606
Sly,1.6487097076542525
Poc1b,2.8049795359085636
Atxn7l3b,5.836357179477157
Kcnf1,2.6782496228034076
Tmed8,3.009420862284666
Zbtb42,2.7318403148691437
Rrm2b,6.920299168523315
Tvp23a,2.5888916515689275
Ypel5,7.049009082540014
Kctd16,2.2370887529195067
Prdm14,2.0416072150290625
Aim2,2.821542513133716
Ankrd63,1.7965021247406998
Glipr2,2.5968020358549375
Tlr12,2.2982325401813193
Fndc5,6.501857659920323
Slc25a34,6.347088771400738
Ephx4,2.3235919898104
Gatc,5.75613174556721
Nova2,1.8698984830526684
Zfp667,5.974739216205305
Irs2,2.9716453327658576
4930448N21Rik,2.4080783908683867
Gm5374,2.7522776013685104
H2al3,2.1780453787244296
Pnma5,2.0052744362158417
AU015836,2.0464374978526028
Nxpe3,2.885230925865681
Lca5l,3.1893908680178455
Cdsn,2.3114931593150163
Rnf133,2.0980684121887645
Thoc6,4.500444894305684
Eid2,5.517341623212938
Slitrk3,2.1066534012216196
Hcrtr2,2.1455633998472914
Znrf2,6.467143251352309
Zhx2,7.605221571476423
Tmt1a2,3.297021338228092
Ugt1a@,2.8238310593142977
Flrt1,2.804279735559065
Map4k5,6.558759414382183
Scn4b,11.14447936287288
Flrt2,2.235355614971676
Btbd6,7.08511242716943
Cdin1,5.789796470122055
Ccdc87,2.757303368566595
Lratd2,4.470829662911702
Pax6os1,2.0009426541918085
D030018L15Rik,1.8928114295326461
Banf2,2.376488926485233
Defb21,2.55455983973043
Plcxd1,2.519267616838159
Mettl21e,3.7603399330338654
Opa3,7.852498361965494
Lypd9,2.2093003512115446
Agr3,2.033964441537328
Macroh2a2,2.8774753021741355
Prkcz2,2.475080640363528
Iqgap3,1.993831318187559
Ighg2c,4.2973923529373845
Peds1,3.642459789049866
Ndufs6,11.751758899465642
Taf9b,7.60960319360915
Tsbp1,2.6468155741016153
Coxfa4l2,3.594528451436061
Ecm2,5.322272117293822
Zfp941,2.4014679420183986
Timd6,2.2088563128634244
BC031181,7.861705879858761
Znrf3,2.9011424828544947
Baz2b,4.179421374288498
Tmem204,7.156808358488063
Primpol,3.323768058356867
BC048507,2.5977056532063103
Zfp873,2.130943843580655
BC064078,2.6679611319859546
Zfp874b,4.101273677400161
BC040756,2.2862609640075537
Wdr83os,9.234756494056835
9330151L19Rik,5.718087549342845
Dgkeos,2.074388153759729
Mir670hg,2.0378061779663823
Itprip,2.4237085879814595
Zyg11b,3.1984995842709836
Neurl2,7.841358904685246
Zfp652os,3.8855009826988103
Nkain2,2.4213905078312674
Hnrnph3,7.792674497916102
Gnptab,5.691815887932125
Cpsf6,6.0472494783040345
Myo1a,2.3655216339727203
Adcy1,2.024344450378599
Pom121l12,2.5436434185640553
Garin3,2.149079741366895
Specc1,2.9284691074694877
Ccdc92b,2.344830426239865
Gm11544,1.8980770073926134
Dnai2,2.214991848386689
Trim80,2.02293661088168
Mfsd2b,2.5229324424439317
Gm5436,11.39717710438778
Vrtn,2.5066853509561633
Akr1c19,2.203352231028251
Tcrg-C,2.3033499325728597
Zscan26,7.583072007050073
Zfp708,3.7390623472700653
Kbtbd6,2.215453246561196
Otulin,5.836255986202272
Smim22,4.398122997512111
A930007A09Rik,2.1892216710384544
Plcxd2,2.796962580700628
Gm5485,2.618530898123956
Vmn2r96,2.2072151932557547
Pnpla1,2.3571657957226577
AA388235,2.527534359479059
Acsl5,4.874641630840283
Sgpp2,1.8578820920406223
Creg1,10.095191486292988
Ccdc185,3.610610656532227
Gm13880,8.215775348702426
Coxfa4l3,2.1298733640943697
Syndig1,2.2896431836408944
Defb45,3.8850936081364815
Kprp,1.8237605742639011
Gm5544,2.153928435853794
Gm5547,2.5159709499968836
Ankrd13c,3.8855733545266564
Akirin2,9.934717786090854
Spag8,2.790273036456883
Ncbp1,5.947435450252288
Msantd5f6,1.7170532197782624
Frg2f1,2.622243364782937
Trim63,11.89743655914208
Micos10,10.425263510646756
Rnf207,2.1897414470983616
Gm5554,2.5702224165044485
Ociad2,8.891290151238062
Mn1,8.124696422779168
Dnaaf5,6.841030196137403
Gm5578,5.026814747313622
Pnma8b,2.26432527073449
Zfp141,4.099280152592704
Zfp975,3.894015113894971
Fam169b,1.9980051725616115
B130024G19Rik,2.867942198483947
Whamm,3.7522339160645473
Rexo5,2.6677139860690855
Gm5602,2.35126317365944
Zfp560,2.5262566310372807
Gm5617,3.8857916336729534
Dppa5a,2.5160315166818594
BC048562,2.062736332881838
Akap14,2.2206852247694124
Ccdc160,2.732563127124339
Ldoc1,1.875619325910178
Krtap4-16,2.124980398619949
Serpinb6e,2.3144894081259038
Shf,2.625056888169848
Tnni3k,2.303968566455626
D430018E03Rik,2.546530949922995
Arhgef15,4.410550503517879
A830005F24Rik,2.599974608488853
Rab44,2.313430926880795
Ccin,2.184221818495743
Nup85,4.915740602794973
Znhit3,7.025519243392456
Fbxl7,2.6821512309801747
Zfp213,2.678566852656685
Zbtb9,4.114277956166746
Dnm3os,3.106688189047914
Cbx6,5.778022455091637
Apcdd1,2.836956514394043
Acd,3.1930370678889317
Zdhhc18,5.013188905206063
Aym1,2.223317879272575
Ear14,2.3454553611538214
Nox4,2.9572865100022825
Thop1,6.1916589499643635
Txnrd1,6.280437962216993
E2f6,11.219062812743914
Hspa14,3.7137977808031977
Ebi3,2.2442670032488596
Ttpa,2.0991149277638903
Prok2,2.1740491204524655
Ercc4,3.1844324346931323
a,2.289133688236268
Lats2,4.005396179681878
Sall2,2.5780549396360324
Spag6l,2.3064586141939007
Ero1a,2.9318144405890547
Tmprss2,2.1611003251649676
Mrps7,9.370118846653758
Mfap5,5.222557123681636
Igbp1b,2.0130189317581113
Elane,2.84115712808862
Cfhr1,2.3416960663794844
Postn,6.677719655370552
H1f2,11.753719214919604
H1f4,2.833824043556898
Sacs,1.93347188635948
Sirt6,2.406766678368262
Dkkl1,2.462908749283488
Icosl,3.394908089805412
Sap30l,9.347826748980497
Fbxo8,8.338482960543649
Fbxw7,8.183566748282638
Fbh1,5.304849845528174
Fbxl17,8.389212945682383
Fbxo16,2.2771530978686365
Fbxo17,4.030730358746077
Fbxo6,8.104149921735477
Fbxo15,2.193078188980641
Tfr2,2.3805846011345255
Pnpla6,3.7310835990805185
Dlc1,4.777117889100027
Atp8a2,2.4293922350370187
Atp11a,2.7172742554079092
Atp9b,4.557671376599344
Mapk6,8.930374769401967
Nt5c,4.07304787607232
Krtap5-4,1.9626977057755688
Polg2,3.289308595941954
Rgs1,2.321322006961997
Rgs6,1.9912006751073603
Rgs3,2.8687663488739688
Dkk3,6.0579700791459645
Rgs11,2.0976046713790653
Lsm4,8.83116670711251
Plpp2,2.7334070178847707
Hs6st1,5.6267109591919615
Hs6st2,3.086995486977715
Hs6st3,2.0312951361327722
Fbxl8,2.8184866061139573
Fbxl3,7.670090502334901
Acsl4,6.285596363825532
Magi2,2.631836735126669
Orc3,5.516958167377507
Klf13,5.919483259857568
Sh3bgr,12.863866075101058
Copb2,8.771844724004232
Gne,3.7472176204123784
Slc25a13,2.17494669854726
Capn15,2.2642209282672034
Rnf10,9.806776890782091
Spast,8.956574069963937
Keap1,7.426663149516401
Prkn,3.04665299948598
Tmod4,12.658441464710606
Tmod3,5.385784366297504
Tmod2,2.7183459868013373
Neu3,2.902086469829355
Stag3,1.952449018149282
Scly,2.624006730841819
Chek2,3.59536519735186
Hmgn5,7.005838870547212
Il17rb,2.1051939363706427
Preb,7.632025946395594
C1s1,5.644788894662032
C1ra,4.114768782836308
Exosc9,7.928859674354125
Exosc10,7.14779873979633
Olig2,2.444007843035871
Olig1,1.9422869141162582
Grb14,7.897955313982358
Irx4,2.3848102576726973
Galns,2.596038826524577
Myadm,8.577195295166726
Hnrnpdl,8.833847616018433
Nasp,2.813691489427199
Klrg1,2.4756675078119916
Tnfsf14,1.8318673781251864
Il27ra,2.279316309064317
Slc7a8,3.489252194574091
St6galnac6,6.953250338650012
Mtag2,1.7285287439426125
Uba2,9.745850055420645
Pdcd7,7.444166460986881
Mpp2,2.556306692878449
Cpsf2,3.842169681146023
H2az1,10.993611882692013
Tnk2,6.0980732809242895
Rgs14,2.8186498870033403
Ppp2r1a,10.451971980516694
Ddah2,3.4790080800195518
Srpx,2.6042882698705223
Srrm1,3.799450759211768
Ctps1,7.5935449594390505
Ech1,11.867616526453736
Rundc3a,2.4332166140380194
Bok,3.2747295864314245
Ramp1,9.364443049845432
Hnrnpu,8.9726502998916
Clec4f,2.2346361214485744
Ccnc,2.74912478575262
Rif1,5.2185098728444075
Tmem141,5.068077571089323
Fubp1,5.251703523051894
Atg13,5.5069161882892645
Rnf24,2.50476781751794
Ccdc39,2.730806830717332
Knstrn,2.6577006513415307
Kctd18,3.0890034935457003
Cdk2ap2,6.631859323903503
Jpt2,4.8570404372798555
R3hcc1l,3.256175478519133
Nus1,5.154634239626884
Umodl1,1.998966603774295
Pibf1,3.794386241477705
Ankrd22,2.3040277315992945
Pbk,2.350086333767964
Ppp6r3,7.7925876722876835
Rab11fip5,7.882449294559028
Coq5,8.696339437482422
Mfhas1,4.8440643703130215
Tmem38b,8.207432483256182
Pvr,3.663665781330291
Hgsnat,7.468294718979078
Agpat5,6.437904757208332
Ccdc97,3.8656250046161773
Kcnk6,4.467621198311597
Camk1,7.900097908241908
Tmem222,6.670483293485667
Odf2l,3.195615380196379
Rragd,9.405580425604056
Rbm34,4.666616716525573
Anapc4,8.197857497457774
Ankzf1,3.038042727369221
Commd2,3.1649606965183747
Reep1,10.170164315774517
Cdca8,2.660479249450613
Klhl7,8.950593514883819
Stbd1,8.496890703200364
Atxn1l,7.177192481756698
Vps37a,8.25788955821381
Wwc2,3.5946784956856774
D6Ertd527e,2.074235807744792
Rcn3,5.4243792329527665
Adgra1,2.0993799378670643
Macir,7.577145752000068
Zfp644,7.814066400890911
Septin11,5.195477551407388
Rhpn2,3.0562715491920582
Echdc2,3.9344294695996758
Ppp2r2d,8.165572258968991
Tax1bp1,9.594709393782347
Tet1,2.4120148623605586
Slc46a1,2.5638558651330547
Ctdsp2,10.58592295857269
Coa3,9.231263718992663
Angel2,7.570383370495716
Carhsp1,4.39475926527327
Cenpo,2.370866701151334
Ddx56,5.707110119321622
Zfp622,7.462787545709941
Nhp2,8.245250098975033
Mettl17,4.680278418071614
Acaa2,9.865549842073365
Sgta,8.680264743371422
Parp8,6.42907814694611
Cdc23,5.137411450237286
Ccdc69,5.500216978049938
Trmt10c,7.5057172440551065
Dhrs1,8.572137603181998
Tspan14,5.915588152999455
Ncald,3.731553085958552
Brms1l,5.924217839942112
Cbx7,4.427411069568959
Adgre4,2.315955209215647
Suz12,6.355885338302419
Cdkn2aipnl,7.810603717046784
Nit2,7.6530619955676285
Esyt2,6.9018644877065
Cisd1,10.090231002845355
Wipi1,8.363497464433845
Nudcd2,7.405397957606041
Ldlrad4,2.6922958435406
Echdc1,6.988159932172441
Arhgef25,5.191411673690708
Ifi27,7.842182317070484
Cpsf4l,2.5289090677275383
E2f7,2.2425348319504037
Ncaph2,3.7975455913397362
Cd300lg,5.458465870313861
Mettl2,4.992447742780157
Setd3,7.5249228616148285
Zwint,3.9035425902279055
Txndc17,8.636662299063468
Krr1,8.244644095388605
Zfp410,6.143692471999593
Slc52a2,3.9256324696230656
Zkscan6,3.3806052577271424
Ccdc59,5.642598661130684
Ccdc43,9.475921388856756
Anapc16,8.768804256613729
Fam3b,2.3186502545645857
Tspyl2,4.216265509437008
Ldhd,5.5108613280480485
Rufy3,2.6453423373005216
Lurap1l,3.433412722483906
Pnrc2,9.169739055049487
Tmx4,4.07355262142007
Dnlz,6.921603983365864
Dbndd2,3.4149027602637987
Cnot11,5.0811114170807
Sgsm1,1.9582091277596234
Lair1,2.286915533456789
Mtg2,4.780712857835195
Gramd1a,6.496197794319368
Cdipt,8.894983901681746
Slx4,2.139107652842539
Pum3,5.4459165792743525
Rgs7bp,2.5925778230959495
Sco1,2.5135510546051303
Rbfox3,2.083090598276151
Rnasek,4.597862751004198
Ahi1,2.264510956658134
Zmiz2,5.6509299958477195
Dlg3,2.8614189922923594
Mybph,10.592594180317283
Nub1,5.990382694848042
Atp2a3,3.087261889378785
Batf,2.751388498606707
Sult1d1,2.1838338028341155
Plrg1,7.7554106005330565
Pdlim3,12.598923749385706
Nxf1,7.612542253431886
Folh1,2.207106078037063
Cntnap1,3.016404621816511
Nucb2,4.16669277881074
Ube2k,4.303537860876369
Nptx2,2.046983596329815
Banp,4.1903736190526475
Pgrmc1,7.605424207298515
Vamp4,6.387989565506987
Stx7,8.091248318166569
Mtmr1,6.744876783803908
Tomm40,7.789939655488323
Gosr1,6.246678296598735
Eif3g,9.26179893849378
Pla2g6,4.246026520799428
Chst3,2.4600315057342343
Mtx2,8.80379817898488
Usp2,10.49037034650404
Sdcbp,8.988988125575647
Hnrnpa2b1,9.908110321905426
Psmd10,6.773429061074936
Prdx4,4.457070522847622
Txnl1,9.020459458873654
Atoh7,2.139899942800195
Ppp1r3c,11.207791337615228
Exoc7,9.467973380235195
Bysl,6.176078400330397
Htatip2,5.586449217878983
Stk39,3.1049341599813545
Hif3a,2.5170796782095475
B4galt2,2.3732559174212216
Corin,2.2691229821102623
Syt5,2.3540967642851998
Sec61a1,4.939560466500153
Ybx2,3.9080014182965126
Tsnax,8.983587568397626
Dctn3,8.97709053291886
Cd164,11.079299566365025
Pcdh12,2.923629041932616
Hpcal1,5.387601980025497
Tslp,2.705461407683464
Zpbp,2.2574230031283626
Nap1l1,8.62278268252074
Map3k6,3.573863309860887
Clasrp,5.550281247574037
Vti1a,4.8353677261540735
Vti1b,10.229991042150319
Reck,5.169405171828835
Krt35,1.9682717327277335
Fut8,7.450973242797292
Blcap,7.117444088885957
Vamp5,7.699722452487176
Cnot4,7.308778908773749
Gria3,2.8711415565487965
Cldn7,2.2022473885419434
B3gnt2,3.5329782377283476
Insm1,2.2985069244552228
Porcn,4.080009381882316
Prrc2a,3.750678166718989
Oaz3,2.638581400926579
Ddx39b,10.408697587122846
Prg3,2.0995251660512757
Tuba8,11.380684966572076
Rwdd2b,3.6728516238096156
Map3k14,2.768452580593683
Septin9,5.411420846704463
Zranb2,9.293689296039636
Col5a3,6.268106386789268
Rab25,2.1578842974391557
Rab11a,9.244638288595766
Cntn6,2.260708976237022
Pkd2l2,2.171511372784885
Caprin1,7.402688134523352
Semg1,2.4196890722580333
Slc5a3,2.1725406695362586
Celsr2,3.337017682104996
Nphp1,7.0335151908791405
Cdkl2,3.1214291844358235
Sart3,3.1866411703914843
Ppm1d,5.080366037698869
Nudt5,3.219060827965656
Clpp,8.454741334722337
Slc7a10,2.98187325567368
Gal3st1,2.730158842730745
Rcan2,8.19761727687527
Rcan3,2.5599843658959744
Slc40a1,8.438230414177488
Gpatch11,2.842435035041751
Rfx5,4.234793176774236
Ngef,2.315248617605802
Ddx20,5.732446249300227
Lpar2,2.0720038317753446
Nell2,2.358918194407176
Diaph2,3.604533160206165
Deaf1,3.7672180807632234
Gipc2,2.4998362401428866
Uevld,4.279771306722845
Irf7,2.93444952418551
Cks1b,7.520238603420861
Polm,2.6663177344118085
Arhgef7,7.743421301545285
Pmm2,4.2077246233921235
Actr1a,8.940780072024927
Irf3,4.328154394175043
Pdlim1,7.93449121438679
Lsr,2.5031988481807645
Acrbp,2.8986113363733854
Atxn10,8.139252951121952
Irf6,1.9732836479060982
Avpr1a,2.483387113767009
Spag5,2.2992175527717884
Tex24,2.171715926160813
Rdh7,2.095410514477047
Zftraf1,6.410300412627549
Dnal4,3.7519537350998413
Rasa4,4.904859242672311
Egfl6,3.01760829630231
Rnase2b,1.9412871856953757
Copg2,5.8357054327175675
Copg1,6.837138067282907
Icos,2.2239607738565534
Kat6b,6.648568362447065
Rragc,8.496983045980357
Cpsf4,4.463923751266138
Rabep1,5.469160059396806
Pbsn,2.044440015564746
Akap8l,5.516694419735163
Gucy1b1,5.486451039914873
Pabpn1,8.670058381113876
Rnf5,8.803031971912445
Snx3,10.915792314163902
Ccrl2,5.2413990984207635
Sult2b1,2.0632437837661106
Zfp316,2.552540008885454
Septin1,2.858759470939289
Arl6ip1,5.711811450172248
Golga4,9.892088207868246
Cd160,2.112291138911997
Pcdh7,2.9478328946849754
B3galt4,2.909843548405926
Cd320,3.2900320092719277
Arhgef5,4.502471901250218
Elovl1,3.947709491754015
Elovl2,2.524350692941002
Slc23a2,3.049051430221475
Gnpnat1,6.241850073341982
Atf7ip,4.82102538657655
Elp5,8.414685824271409
Irx5,2.191326546546924
Skap2,3.935625057356983
Rassf5,2.472066243422031
Epb41l4b,3.3156354054017427
Rpp30,7.719843154273594
Ctnnal1,2.876790724681532
Zfp326,6.888851792824952
Gp9,2.4513202390413174
Nme6,7.106630175030735
Chst2,2.7152245727301096
Prss16,2.1853315062961864
Azin1,7.9605246168936175
Cacng3,2.0493452206340046
Cacng6,7.257914573965839
Smarcal1,6.3117479663213745
Cpq,6.052835584428159
Phc2,5.604922712162215
Mtmr7,2.4461281496533367
Mcm3ap,6.9428121990074985
H1f9,2.7572506747160426
Sit1,2.0239972504862367
Rfk,9.308202810806065
Gabbr1,2.5973240919913896
Crlf3,3.9934554118717
Ppt2,8.287057265313166
Bet1l,4.867434108453196
Ywhab,8.197555269535448
Slc4a4,5.5462774731991615
Ndufa1,12.57300225925001
Ramp2,6.547742550493278
Atp6ap1,9.840442343362557
Fmn2,2.0311219064759576
Cldn6,1.7238324541643868
Cldn8,1.7471420521125944
Barhl1,2.2886032924749142
Hgfac,2.093929598941699
Dnmt3l,2.279238411186555
Unc93b1,4.439394464904729
Nfat5,2.4649146791811725
Asah2,4.05168442947221
Il36a,2.312686490013368
Il36rn,2.256642715231114
Cpsf3,8.457052790290934
Tollip,5.916715131188698
Tug1,3.273487476618334
Arhgap27,2.9781976558004075
Mefv,2.398841371916833
Mkrn1,5.066427855770226
Dll4,3.2489603269683354
Gm5785,4.73528725860355
Hpgds,2.516537808362862
Zkscan4,2.1624172093372227
Iqgap2,3.099040693680959
Bdp1,6.145430941891362
Wdr70,8.28014726780101
Or10ad1c,2.2507793794604134
Kalrn,2.575995603423593
Apbb1ip,2.888071828269793
Syt6,2.0547715531472064
Syt10,1.954595785442686
Ms4a15,3.1206391243381177
Cep170,4.592674417106538
Ccdc141,3.1498843399293204
Scrt2,2.418359959351763
Erich6,2.168491152818835
Rtraf-ps,11.488612034583488
Lce3a,2.329591100821028
Ankrd34a,2.175364465669683
Nap1l3,2.3413199898653994
Dnaaf11,2.1661184515994445
Nup210,7.766600437100901
Gm12888,2.3301565447954005
Mterf1a,2.8092738542067046
Igkv14-111,2.3796736686818094
Gm28453,2.059321313594029
Calcrl,3.6224023119256565
Foxo4,2.543274685060866
Pcnx1,6.376496337633427
Socs6,4.904370914291484
Abhd2,2.0747247700025744
Ubqln2,4.467917975125474
Gm5914,2.3774633888246783
Tbc1d8,5.739019426355455
Ubtfl1,1.9880862105473114
Pde3a,2.3813011486838005
Sfrp5,3.6865153553072205
St3gal6,10.03693177712508
Pierce2,6.6443716247880005
Prpf40b,5.860327232359609
Npff,2.778720559090061
Fbxw18,2.265125160079499
Extl3,4.614734557278086
Paf1,5.867222700774789
Nphs1,2.7975068763616875
Ftsj1,8.158245501666713
Pqbp1,7.478044360392208
Magix,6.763468064099484
Pdgfc,3.935184467088202
Wdr45,6.435527643721458
Praf2,3.3556380404791706
Ccdc22,5.610066915807391
Otud5,4.710961002300539
Gripap1,5.778598479547423
Ppp1r3f,3.7526614582047166
Ccdc120,2.2841766617767583
Sfmbt1,2.758669861286412
Usp27x,2.3572951287272583
Cacna1f,2.156147968953184
Atp8b2,3.2428760402017076
Atp8b1,3.5138509748945546
Adgrg3,2.360840233768879
Sh3glb1,11.285067859742696
Zfp108,2.9140629116949506
Prdx5,9.845542801102399
Crtam,2.5306231250877387
B020011L13Rik,3.1932362051541823
Eif3i,11.08610526580582
Hs3st3b1,2.479414705070668
Plagl2,2.6160462534835083
Plxnc1,1.9806182480767422
Fezf2,2.34531451035368
Rcan1,8.819523995750792
Tyk2,3.45729086941576
Gsdme,2.3403868042936042
Tfip11,5.095163126491458
Parp14,3.930680834515916
Cadm1,3.8857614642477873
Btnl2,2.1173844062645535
Methig1,2.327051651879057
Syt8,2.5211406313500127
Hes6,3.8749632356330928
Gbp3,5.322462311886323
Rp9,9.203418301538173
Fnbp4,5.788947181951549
Ctps2,3.1445299920158365
Apom,2.4028296944779233
Sertad1,5.9065963059422515
Stx8,6.122421707304224
Eif3d,9.346195877586494
Ap3m1,6.189809148316486
Dclre1a,2.866232463582586
Eef1b2,11.610111496957003
Bri3,8.59429085546582
Ebag9,8.591076877170869
Slc13a1,1.9230614313143803
Slc1a4,2.5995095807034265
Ift20,3.836085738282795
Agpat1,4.2002364482633245
Impa1,8.475503616769904
Pigb,2.68078798239864
Paxip1,3.6282458339305834
Pdzrn3,11.33474585467989
Camkk1,2.3348212048105075
Cxcl13,2.378269300911255
Cpxm2,4.437755392005077
Snx12,5.298828280544762
Nop58,3.9135063283190696
Fmo2,4.497904442369973
Panx1,4.4708570871684845
Trim3,6.9766253027915575
Msh4,2.1370137044519866
Smad9,1.952348846632655
Pgam2,13.390936346852092
Srcin1,2.454246781072613
Or13e8,2.129840141283774
Or13j1,1.910064297538767
Hebp2,2.628000055137378
Slc2a8,4.813703678010056
Stard10,7.8733796613825975
Tmem131,8.143131577046722
Ppie,5.054653474476978
Nprl2,6.33327206718607
Ccnl2,6.865058118128807
Uso1,9.892054579827795
Akr1e1,7.2310020007881555
Rala,7.577425849637902
Samhd1,5.232109713238228
Uqcc1,8.954629873956767
Msln,2.4098930801298053
Lgals8,7.985269325957602
Cyp39a1,4.143923328632014
Gtpbp2,6.210198441200074
Btg4,2.3099879650661834
Cxcl11,2.362675382508811
Ammecr1,2.363914607178247
Il17b,1.8942439943023046
Tcerg1,6.963840655133148
Lgals12,2.9319143219423993
Pdss1,6.236325951988252
Dgke,3.2350979462632217
Car5b,2.276716356924695
Astn2,2.0421682363438873
Ubqln1,8.609438369682948
Psmg1,6.92347391211156
Ramp3,2.3662635172285715
Cts7,1.9322978737079402
Pfpl,2.159228550397587
Cts8,2.1240067337460116
Ftsj3,6.965671136160824
Plac1,1.926216613287686
Tamalin,3.802147870882051
Mad2l1,4.041388395720405
Cldn14,2.6285544151138382
Nagk,3.893734959662714
Bace2,2.529202542730118
Pigp,10.802994138379503
Olfm1,3.2691983239185465
Nmu,2.3039557062996274
Msgn1,2.0602814280447723
Hao2,1.9851389220573157
Rabggta,5.660198718786536
Fxyd1,11.3125631085881
Prodh2,2.279948369022028
Rbm38,9.892143602076958
Tro,2.0686732874795197
Plek,2.7905752907711343
Prpf40a,4.945310689564015
Ptbp2,8.274553656337341
Tdp2,7.544706043830035
Heyl,3.6472826634931557
Abcb10,4.117139513685824
Ddx21,6.497447060681789
Ensa,9.087283989623657
Uchl5,9.154889357599815
Becn1,9.596452771723044
Gde1,9.275654305237325
Rev1,7.729364696658005
Rhog,6.782531993098303
Htra1,8.206303621983238
Scamp4,4.160780459201819
Acin1,6.669200501897979
Stx1b,2.7196614811163333
Pals1,7.078015460904768
Extl1,6.710568099103537
Zfp386,8.366269980890022
Ccl24,2.3946105541318308
Cited4,6.808364029777867
Fscn3,2.3372649690239498
Tspan5,2.8162674412833244
Espn,2.6950818912432593
Ube2j1,6.043217429311556
Thsd1,2.7878783240293106
Hdac7,3.585046081230782
Ak3,8.844428427232732
Actr8,8.335746852394609
Cpxm1,3.344209826574769
Pex14,7.1952564671358985
Stk3,3.8169081779978113
Rbm14,4.3575386079946155
Tmem45a,2.6332629414976885
Dipk1b,3.508685245709995
Mrpl37,8.924369534711875
Mrpl12,10.0074536446853
Mrpl19,6.758739290225155
Rassf1,4.454122584127167
Naa10,8.20720543324294
Slc35g3,2.3765457130978254
Ptpn9,3.2470469740506878
Higd1a,4.941755074665439
Dmrtb1,2.4819801461409687
Arl6,4.239108289667578
Atl2,10.426475889280512
Fkbpl,4.9309635011347845
Pitpnb,6.230339929958871
Metap2,8.320552254889417
Mycbp,6.305087334712435
Gps2,7.346590708307123
Nupr1,5.595502307176841
Zfp113,3.3822323858036367
Rhcg,2.185072470913745
Ggcx,4.099586190981132
Anapc7,7.113729607824151
Acp3,2.051057647503547
Dbn1,2.8482383505063553
Aatf,5.75954783470695
Timm22,3.6132480556160504
Dnajb5,9.173558393836222
Stam2,3.1713021233024765
Abcb9,3.005808559473932
Arl2,7.22142824958132
Amotl2,6.072441817272658
Tmed2,11.588421142859394
Mettl3,6.974678127868472
B4galt5,3.5655919031401573
Txnip,11.937162681229816
Eif3c,9.974340988293712
Hsd17b12,5.487956806262648
Net1,7.310866161918458
Arl3,9.863985766104774
Ptges3,10.818535368485234
Dnajc7,8.738301168966556
Gltp,5.173650269206526
Ivd,9.09407313088913
Copz2,7.195443379231166
Acot9,8.489025929638274
Pus1,4.916159928847887
Sult1b1,2.1194552640732938
Tmeff2,3.116929693878733
Zmym3,3.2135279394276086
Clcnkb,2.2380587175441478
Cyb561d2,3.200683829776237
Apip,8.062378758977474
Tagln3,2.784821228999645
Fzr1,5.866358697957112
1110004F10Rik,9.049484159039412
Cpb2,2.4550603719111894
B4galt4,3.240119146357749
Pdlim5,3.2674852987592504
Arpc3,8.707446671478737
Kcnj1,2.144131531686966
Arid3b,2.85293348191774
Spen,3.544384230823511
Rab9,8.49278315094605
Letm1,5.122432361073445
B4galt6,2.4189544319819056
Cyp3a25,1.9235711735755536
Stx5a,5.254564169856894
Znrd2,5.501063440525442
Shoc2,5.541160884922692
Tmem115,7.025322878854939
Chp1,8.62854442088173
Akap8,7.047923588161058
P3h1,3.389266279149991
Syncrip,7.344648829628441
Trip4,3.386984933117956
Dusp14,4.686891580273744
Ncoa6,7.504062414629026
Trpc4ap,6.715845562785432
Nudt3,10.264792739635707
Cbln3,2.095873138988649
Noa1,6.262777168895731
Adar,3.0244132717430348
Ykt6,6.403762198591782
Diaph3,2.675165530438863
Ppp4c,7.463210271900806
Pfkp,3.0679880504572474
Hbs1l,9.600721206809212
Stub1,9.435554600891273
Pdcd10,5.0460655500463325
Tubd1,5.515655035116166
Mtch2,9.711871773201048
Dpt,9.798037199048144
Clip1,7.966775593276748
Dstn,8.109286440113143
Vps29,9.136117641869989
Tspan3,10.495487270463919
Adrm1,7.253286465626107
Rrad,2.453639114554236
Rbx1,9.576217662331965
Snx1,5.1136628865772416
Naa80,6.144084034660227
Serinc1,9.782950258816934
Arpc1a,7.37461341108677
Actr10,9.557633073794554
Dnaja2,10.394684722370968
Copz1,8.122730875255028
Cyp2d22,3.787820777153799
Ybx3,13.131840153614178
Suclg1,11.64014381995286
Orc6,3.8869344335458322
Mbtps1,5.539192095609233
Aldh18a1,3.469184195916865
Dynll1,10.685096817833786
Actl6a,7.361187038775426
Clptm1,3.9775963886425263
Foxo1,6.769827944698733
Sae1,6.885574823540234
Pkp3,2.2241174695849697
Kcnip3,2.341889861076094
Mtch1,7.984091319413678
Snd1,7.8114238433631895
Ctsf,5.9697599533939005
Socs5,6.156662182095002
Pias1,5.790908273361057
Rgs19,3.587279268663931
Stmn4,2.1175022664683603
Fads2,2.257352955259812
Tbk1,7.0803918791571965
Foxo3,2.259559315892505
Slc2a5,1.9694236540967065
Gabarap,10.570642848691639
Nxt1,4.715185343924537
Ikbke,2.3653069680594463
Zbtb20,9.183944665461667
Vapb,6.465379577009195
Cldn18,2.076162313682366
Gosr2,5.844159548835847
Get3,9.394994383652334
Tspan6,3.6179990082826676
Elf4,2.3606504447303673
Ankrd49,5.200278788564064
Srpk3,8.389856944801641
Cib2,9.78270641663851
Rapgef4,2.0638001079879564
Pard6a,4.0497457145030955
Rnf138,4.622364630409947
Rbms2,7.621891527685016
Slc22a21,2.5843765948588824
Defb4,2.386881978526822
Nme4,3.102647535973576
Papolb,1.9208728134826918
Pmfbp1,2.045307094597856
Pals2,9.435630605475207
Zfp235,3.063531497509352
Septin6,2.534976460817217
Mast1,2.7244348518921058
Sec11a,7.962591719499488
Cnpy2,9.200086535113797
Ylpm1,5.5309957259593014
Ripk3,2.5544104204230496
Rgs17,2.23304198152455
Hspb3,9.622798780850014
Pex3,6.287298828825249
Klk11,2.1260721834770937
Habp4,4.895704618259295
Cilk1,3.218921500434019
Kcnd3,2.2033892586197457
Sec1,2.2150310293794564
Ube2d2a,8.540255940342364
Txn2,9.529161328121022
Pfdn5,10.783154292744982
Rps6ka4,5.047421990510881
Mgst1,9.920992769634296
Clec4e,1.90112334227629
Clec4n,2.1814518187757783
Adam21,2.5278938020205133
Poll,3.73287350377448
Dnase2b,1.9087248250250102
Trim17,1.9502982171732615
Sphk2,4.031124515352925
Prl2a1,2.350823212404722
Fgf21,2.224370150291331
Gsk3b,7.807354485132204
Klk4,1.9041762942649207
Ankrd2,9.624669294432518
Slc15a1,2.2608844608150633
Clec7a,3.2535926680360254
Mlycd,8.260008220203368
Dnajb8,2.085616462345648
Lamtor3,8.322401120335511
Crtap,6.634406421565657
Pnkd,6.966302472632539
Gpr132,1.9355084246848506
Akap10,4.780422279960795
Phax,7.9171807952277105
Cdc42ep4,3.1112666268578812
Glmp,6.81541958977985
Pigo,4.9129595915504956
Ranbp9,8.802556044981149
Ccnl1,6.836298319162201
Zfp111,2.4494166172186804
Clcf1,2.2881691371170283
Dnajb12,5.218783537631977
Brinp1,2.4944345182029175
Plag1,1.8020058112534239
Rabgef1,9.608004545869234
Mlst8,3.718943509601269
Mtor,4.456325579178736
Tdo2,2.0062816197749878
Litaf,4.893182253667667
Cript,9.232711528570434
Sh3bgrl,7.6077940371311294
Miox,2.0481245035340048
Tulp2,2.0922732317469657
Krt71,2.2682374485018637
Rnf14,8.732235872131536
Alg2,7.3167787122469905
Mocs1,3.2041387842151097
Rec8,2.0461053322289273
Igdcc4,8.55453319322466
Psrc1,1.995050206212948
Lat2,2.6037343156690493
Pf4,8.260260907301245
C1qtnf1,2.314431919368037
Tex101,2.0968447329165714
Sez6l,2.3260023420014675
Nfu1,9.39561092013748
Dhodh,4.737932741837447
Aldh9a1,5.418947870125845
Tacstd2,2.201390169781217
Mbnl1,12.878926392748502
Clec1b,2.1782566279548896
Med20,6.9023073454751644
Mllt11,9.276273609932963
Chst5,2.5894348682988215
Slc6a14,2.2577210791078257
Ralgapa1,3.4449138429949806
Tmem9b,8.721993797120193
Ascl3,2.367518890592993
Scube2,3.352511743732846
Supt20,3.0276320461066657
Ube2l6,3.851980495003277
Stap1,2.2947762821701203
Hacl1,5.657212624730135
Arl10,2.4054847273922904
Gnasas1,2.2627607059185415
Zbtb33,6.104864628229687
Scamp5,2.228771914137773
Cacna2d2,2.565797692144392
Gmeb1,2.7698778670420885
Dkk2,4.633469636732499
Dnajb2,8.680282007288048
Ctsr,2.0089318392104443
Lgi1,2.0984176874155875
Trpm5,2.2648533822586634
Tssc4,3.6369685480764766
Necab3,2.0627174347228006
Aldh1a3,2.832673841932131
Insm2,1.7714606186061015
Slc37a2,2.7557359770142074
Or11h4,1.5240514772857876
Or52b1,2.1954333239702657
Or5p57,1.7659881400304682
Cldn9,2.333196459316008
Psg23,3.6172976581821366
Zfp109,2.591201618254646
Pate4,1.8058928036169608
Lmbr1,5.745035612226199
Rnf32,2.6305428327485254
Nsmf,6.380367546763615
Rbms1,8.270561834596238
Htr3b,1.7981462250167322
Pdxp,3.2844271389125477
Slc12a5,2.418075792689636
Dolpp1,2.9782153184540157
Sap30bp,3.113726242057155
Tbx20,2.1206503827197642
Zfp276,3.111195604206113
Ly6i,2.3349341596547593
Gabrq,1.946877827426361
Or8b12i,2.1474137658743966
Tas2r105,1.5700439176752496
Tas2r108,2.0998892155119964
Tas2r119,1.7497071368105495
Cldn13,2.5183583743465863
Prss21,2.3170936543150233
Vav3,2.8617458032067606
Xpo4,2.8774370866572823
Tob2,4.823337303342465
Ltb4r2,1.9953022880557398
Brd4,6.33553603940273
Retnla,6.881625299723844
Retnlb,1.8426851111898899
Retn,5.573659891198602
Fzd2,2.415856466804794
Cxcl14,7.554985905721186
Apba3,8.325895361324639
Or4e5,2.3893248037338783
Or4e1,2.3701620056145924
Or4e2,1.8755929794600543
Or4c3d,2.0033356509776357
Slc16a8,2.319273668557478
Lenep,4.717581365379702
Vsig2,2.578586903954649
Slurp1,2.2219823201400453
Bcam,2.892222933258885
Slc25a20,9.73049004611754
Icmt,4.891663560244852
Psmd8,11.421421216562914
Mrps31,8.45336964785058
Nelfcd,6.9414051418636875
Wdr46,6.528829476701273
C1d,4.198114042122911
Srsf4,8.19494277550832
Smpdl3a,10.533747518491912
Park7,13.052694195665211
Terf2ip,3.761033327662263
Otor,1.9053252708667188
Gigyf1,4.419894594514976
Jph1,9.122103193933375
Jph3,2.167636855152901
Parva,3.749319374316032
As3mt,8.17718148175951
Ppbp,4.051465406645971
Cramp1,6.0578751424385215
BC051019,2.533133685346799
Srd5a3,2.7410411750269326
B4galt3,4.46048068001755
Akip1,6.716672069694028
Smarce1,6.5113144009568416
Mogs,4.460838843349545
P2ry4,2.099158646317733
Psors1c2,1.9558918807055168
Cltrn,2.1169067587116426
Atp5mf,12.828874377187597
U90926,2.2757225094389733
Scgb1b2,2.3083914749670162
Sult5a1,3.4960111630935553
Sult3a1,2.1760165266544504
Dnajc4,7.392687960539555
Zc3h8,5.166511364829922
Xrcc2,2.3547270318600746
Plin4,10.223021665522932
Gabarapl1,8.89869653572625
Golga7,9.731611389254285
Marchf7,8.421920403207801
Tmem183a,4.305668538214795
Gpr17,2.421169070310969
Insyn2b,2.500152130876311
Ehd3,2.8570406156107104
Serinc4,2.6379757949204516
Gmnn,6.180486769745755
Zmynd15,2.5681080720883123
Kcne3,2.461765650303997
Fbxo3,9.05353158634427
Isg20,3.230424664444557
Vax2os,1.8791338317909059
Slc15a2,3.4680730055415965
Stk32c,2.0580104460922137
Abhd1,3.0633896377779735
Sec61a2,8.22087214511012
Zfp112,3.902975353682216
Piwil2,2.992346452130388
Jmy,3.5214497181241633
Piwil1,2.160881215359679
Wdr12,4.830753820774151
Rnf25,6.1838187560561195
Tacc2,11.384360457072198
Noc3l,3.0847941481253094
Cend1,2.8024489423043555
Dnajb7,2.2976996463838177
Fhl5,2.0981249916701867
Pglyrp2,1.9341389613468536
Ntn4,2.907635414105506
Tbx21,2.3611849146794888
Wdr4,3.2612344197466556
Usp29,2.647476868051233
Ttyh1,2.418208516783393
Fmnl1,2.0875827931332096
Fxyd7,2.3422354466458084
Cd200r1,2.417329967134424
Rbak,5.471542616481252
Tnip1,7.6305267813119455
Bin3,4.72104359061844
Cdon,2.3325660938326562
Rgr,1.9621467213049355
Tk2,3.6910858241047
Kcne4,3.149254848250125
Afg2a,3.90951417071818
Tesc,2.6138546285212754
Eral1,7.345535204505356
AA545190,2.060040609236024
Adck2,3.908222363085906
Hacd3,5.332521968934234
Angptl4,6.790151313443917
Il17re,2.1231881845508562
Ccdc126,4.008788234659935
Krcc1,4.994510384821593
Isy1,3.8503026597636443
Zfp318,3.1612010950962564
Gsdma,2.23093186704601
Cdc42se1,4.829587973660462
Pidd1,2.607772006326147
Crlf2,5.221978660762121
Tbc1d1,5.900910756190229
Asic5,2.5012305947658824
Sertad2,7.987981367940446
Rgs20,2.118286878415414
Rhbg,2.404103517506255
Sorcs1,2.024644904762309
Klrc3,1.827611274339601
Hic2,2.7583833064208236
Il20,2.6795603182840817
Prokr1,2.5283357223194414
Cnot9,6.653039542891548
Rsad2,4.538639034998572
Rad18,2.0987735197183843
Cldn10,2.15635258884534
Vstm2b,2.382065439540424
Extl2,6.556521788046402
Sh3kbp1,6.358823082763181
Sall1,2.2367240507166457
Ppp1r1a,8.03065884354188
Nelfb,7.616313289656563
Zbp1,2.6132260988633456
Pdcd1lg2,1.861037433552412
Zbtb32,2.4129680197360552
Slc43a3,7.609064642846996
Bcl11b,2.1640483588710526
Sectm1b,2.20160868783054
Srrm3,2.0694990654673675
Cst5,2.000251259052016
Trem1,2.247464917210958
Trem3,2.144453667903353
Rab37,2.4170978806301138
Mmp19,2.288394193371527
Cacna1h,3.023074725197287
Fam184b,2.1659521949669744
Efcc1,2.331615777467207
Rnf8,7.275872158960815
Stk4,5.782583694823319
Dnaja4,8.661476739931286
Nectin1,2.4601238465980804
Nkain4,2.402250725222899
Fam181b,2.9009621089890287
Dexi,7.80496187826122
Hs1bp3,3.0077101287784633
Nudt11,2.560096958789066
Nap1l5,2.379250653941731
Stx6,5.520540028751307
Gpr180,8.263399407925801
Slc35b4,3.5738300231978637
1700123O20Rik,6.456450053874068
Fibp,6.782115520265317
Chst11,2.4392876482480914
Cep295nl,2.2805044408121766
Cts6,1.9405356372720381
Erg28,2.6782566063269067
Eid1,7.7654210523654
Trim54,12.326128811134629
Elp2,7.957303966446271
Crbn,7.960757017570621
Trpm7,7.000592957683565
Pmaip1,2.3128290205260087
Kcnmb4,2.619119438670511
Pga5,2.611278076370593
Cdc42ep5,4.682262546494907
Mlxipl,8.54765639550256
Slco1c1,2.0527333305744864
Rnase4,9.451548976969368
Akr1a1,10.95957935215291
Efemp2,4.417379679253119
Adamdec1,1.7620371386673375
Cysltr1,2.3802730018770935
Tssk3,2.1476448470352527
Treh,3.0258738024407936
Syngr4,2.367455694175438
Pex5l,2.491639042921607
Hibadh,10.46823781965172
Repin1,5.199453291784648
Fam13a,3.375653742774288
Sumf1,5.582580421728998
Myot,13.190860319171245
Rps6kb2,6.715629077601431
Ghrl,2.218667868562366
F12,2.1060954390770976
Smpd3,2.708467930315203
Arhgap23,2.5619131580662917
Nectin3,3.0476593998828707
Pole3,3.7141348928837767
Wrap73,4.963892636969251
Maea,7.750295481274716
Pias4,5.644385968102576
Trappc2l,9.361059836229998
Myoz2,8.999843635706364
Ngly1,9.564165087368991
Anapc5,11.65380373303068
Sh3rf1,2.739215021749208
Sqor,9.165737983088471
Myoz1,13.198891311252568
Moxd1,2.4993704953549774
Hnrnph1,10.454326067506786
Rrs1,8.593139414442478
Nup160,6.226133143153196
Thap11,7.377224453949315
Pdzk1,2.311971633185737
Rab2a,11.253688348071911
Edf1,9.373384278432466
Med12,6.91344095621309
Usp14,8.349479546495107
Huwe1,8.826116659135606
Nampt,9.616128484341969
Rcl1,6.469326409971971
Psmd14,9.815991056376397
Mkks,7.130374747087115
Chst12,4.328861089718281
Ppp2r3c,3.1643389908329715
Slc4a8,2.282574056864191
Carm1,8.448142335414174
Pxmp4,4.775845028340353
Rhot1,4.185584102285181
Stk25,7.819132441505175
Cope,10.27907521980739
Wsb2,8.630648292085683
Rnf130,8.728859621967851
Stard3,4.69854513364507
Arpp19,8.141151956063656
Pnkp,6.46187416788531
C1galt1c1,7.9195285787684995
Slc22a17,2.8392020096372366
Mettl9,8.759087818965913
Hgh1,2.523868428245241
Mrps30,7.773271070766036
Evc,4.797236005647936
Zfp24,6.789777041926775
Bhlhe22,2.676945041455877
Erbin,9.117186762251553
Fetub,2.2579057140646674
Midn,6.905824107425334
Jph2,7.619116645839174
Pcbp4,7.628310208011342
Pcbp3,2.9140304175478993
Fxyd6,6.735644619806166
Nek7,10.70959276657652
Nek6,3.097079544193916
Ncstn,6.5307674459879275
Dctn5,5.991314777008259
Ackr2,2.414832088232185
Gpa33,2.312454770859104
Emcn,6.852590118411757
Myl10,4.465207547791806
Ndufs5,11.977074402370457
Myg1,5.0989277229704415
Wbp11,6.550062660116377
Chst7,3.1567426356205517
Fign,3.0209593206526564
Nrip2,2.75552057487482
Ms4a4b,2.577031728511767
Cldn15,3.010533879238848
Donson,2.8356241068345596
Rbm8a,3.787543995502787
Il1rapl2,2.0954869913414336
Sap30,7.276094441381665
Trappc4,7.562214169962121
Cenpk,2.7653739060979476
Doc2g,2.9600411941972573
Iigp1,7.603002109136379
Mrpl38,8.658932225202136
Pgap6,2.072798031018857
Il21r,2.658558291602666
Il21,2.0228118859872826
Qtrt1,5.512983634046115
Syt9,2.5145672168632487
Acss2,7.59421014929043
Fads3,3.174403436615768
Fignl1,2.3298379580827873
Npvf,2.7723078024117513
Cd274,3.6136155997547204
Fancg,2.5826051689934317
Capn12,2.365148391354913
Actn4,6.587271324272904
Gucy1a1,3.7843611446152647
Mapk8ip2,2.481616182382107
Trp53inp1,5.427721321966106
Foxj2,4.859411175455002
Gsk3a,10.409798363318016
Garin4,2.7560343147826996
Rfx8,2.429493955447376
Degs1l,2.135852181708405
Zfp551,3.599188852837454
Taf7l2,2.2581587842824065
Defb42,1.7983749208694564
Zcchc17,6.781683354146591
Gm12669,8.41321901595544
Dcpp3,2.467465624641086
Gm13889,2.778341578569968
Gm12185,2.5465865055646977
Gm6211,2.6619824668470655
Aldh3b2,2.5857566875312488
Gm6257,4.522377515924199
Gm6297,2.232056719909929
Mrpl27-ps,10.38806192674311
Albfm1,2.3751409722757963
Kctd21,3.9812600694954328
Akr1c12,2.6300229711617433
Ccdc107,7.2784154629751825
Arhgef26,3.563464563919799
Tmem200c,1.9633824423122128
Ccdc17,2.1849063576434937
Zfp827,3.279420596296403
Tasl2,2.348681885580771
Rad54b,2.1933538161825257
Lipt1,4.770612766603752
Gm14137,2.668663590673851
Angptl8,2.3199837811221866
Cks1brt,2.05918307553577
Lekr1,2.18449459441844
Gm6556,2.1209085087372888
Gm6563,8.078225624023966
Fam43b,2.5686830669065084
9130004C02Rik,2.432770596221195
Gm6658,2.7861498354710243
Gm11992,2.5873838806414957
Zfp800,3.1217641502970204
Tubb2a-ps2,2.7693527276610275
Syndig1l,2.5229550407276724
Insyn2a,2.598001948911024
Igf1os,2.4729845908333203
Vmn2r97,1.837347901675354
Lrrc74a,2.4566842959456547
Ptchd4,2.159398128280103
Trav17,2.06722704532002
Gm6787,2.391141094181982
Eddm13,1.870377267691582
Anapc15-ps,6.141553964500183
Zfp953,2.6420240056123254
Rps24-ps3,11.703421793447255
Misfa,2.0664440768747308
Dact3,2.095451233068711
Gm11517,3.598304643048234
Ighv1-12,2.5828900253739664
Ighv1-14,2.096698120641995
Gm16589,6.948952711279112
Gm7056,2.3360150393899954
Gm7072,3.14962118866481
Marchf10,3.318996517197584
Gm7099,8.540766789295636
Susd1,2.253671777561285
Fbxw23,3.9946867835592266
Trim71,2.309287847710744
9530082P21Rik,3.4266415070812024
Fn3k,3.043581679313624
Taf8,4.259933400163873
Bco1,2.2851450448953403
Impg1,2.2409496066662107
Zfp296,2.385718207600205
Trpv4,2.1010057791539007
Niban1,3.552965475200755
Dusp10,8.290113315112269
Rbp7,4.254449600765768
Cables1,2.972897913234282
Ube4b,6.7200154244937975
Slc29a1,5.78135390723908
Gmfb,6.50073581812908
Slc5a7,1.7996630449248896
Aqp9,2.0051752164503425
Syne1,3.2142663483074614
Sav1,7.737560349431789
Nrgn,2.0161385908868286
Yeats4,6.908898485332947
Sv2a,2.9031697964213703
Perp,3.001713124232269
Oxct2a,2.197263664215026
Krtap20-21,1.935015597362474
Smoc2,9.031283214465022
Smoc1,3.1206000860766934
Popdc2,7.878210010713764
Clstn2,2.5764484963953715
Gpr35,1.9214607169272115
Parvg,2.170313065297974
Tnmd,8.42272087431534
Moap1,5.244103963398704
Pinlyp,2.123566017019134
Sdf2l1,2.895322049866556
Tomm40l,6.633437455705617
1700120B22Rik,2.4863473104642893
Ctsz,8.003239648520227
Ctsm,2.175760703629716
Ralb,4.361996995760735
Mllt1,3.426565987224573
Sv2b,2.1200978276547864
Trpv6,3.008116775913455
Herpud1,9.723375119149889
St7,5.416137776724599
Rgs18,2.779429475168572
Ngb,2.339012780630432
Foxb1,2.172446255930138
Osbpl1a,6.17527541266531
Ptges,2.2311301662119054
Stk32b,2.3360526250848324
Itm2c,8.13505417121472
Tmub1,4.057390096649084
Abhd8,3.8743589599862314
Gprc5b,4.140871780121973
Svs3a,1.9857905788880708
Gng13,2.34345596691503
Fndc4,2.5059474264755615
Dhx38,2.613775997003485
Gpr88,2.4699435706149404
Irx6,2.0715115912495308
Ms4a4c,2.2802885121153644
Ms4a8a,2.3799938997909433
Sirt2,9.772212166560289
Sirt3,7.637215171881631
Cyp4f14,2.0280815671007315
Sp5,2.421716366658305
Polr1e,3.5911868254323323
Fcamr,2.0551503062528167
Inpp5e,3.978551186273179
Gpr85,2.356184702522337
Dip2a,5.364888159567395
Slc5a4a,2.110912695729463
Zfp280b,6.8462602432423205
Slc5a4b,2.041704145007001
Tspan4,5.75624316981311
Ndst4,2.830685872924486
Nisch,8.035704895142162
Fgf23,1.8917927793384763
Mrps22,9.128499995217497
Mrps23,8.695648064443423
Mrps25,3.823637549082179
Mrps14,6.079182319081568
Mrps24,9.829422372016463
Krtdap,2.3325998565591615
Nmi,6.987176311119875
Keg1,1.8986846980232528
Htra2,5.19428489771123
Dpys,2.140422899412109
Scube1,2.579467754527576
Suv39h2,2.56737525847427
Svep1,5.12057416872764
Acot10,7.618704230151285
Lpin2,2.747029143737206
Lpin3,3.08438578024577
Bhmt2,2.2305935285804743
Scel,2.521500466155043
Tsc1,5.528704483696934
Izumo1r,2.2271356587915245
Ap3m2,2.791847206352017
Pes1,4.01076053684056
Cldn12,7.886201180810843
Rpl23,3.631451209864957
Zfp110,6.757898960667888
Rtn4r,2.6163264235160226
Lpar3,2.188118739112043
Zfand6,10.401019407681275
Irak1bp1,3.352213652323396
Zic5,2.7156111875319198
Nif3l1,5.132837783048972
Arl6ip6,4.325248406725892
Arl6ip4,8.293771664268627
Arl6ip5,9.467664234601962
Lrp10,7.723310704010895
Dap3,8.916651292424158
Pmepa1,5.545692606101073
Ndfip1,8.689029461431113
Vps35,9.955119163903063
Bean1,2.2181467004026305
Prrg2,3.623271287781224
Slc15a3,2.3023176255893607
Xpo7,6.0063331650496865
Asb1,3.722654858437892
Dpysl5,2.400381404981195
Asb4,6.688147348269442
Asb2,12.54201264983113
Asb3,3.4819016307366595
Tmem243,7.180082320032187
Mymx,2.846975886253803
4732440D04Rik,2.6038078616272524
Sdr39u1,9.603661966603596
Zfp784,3.1892461650221047
Appbp2os,2.49450263507152
Angptl7,5.708057338778592
Smco3,2.7647996804101616
Gcnt7,1.885867295221125
Ankrd37,3.1160786764220263
Clstn1,3.538832943783291
Twsg1,6.194384632604893
Utp3,8.589907174465504
Nherf2,5.87675007551685
Tmem176b,6.594901144523123
Map3k20,3.401925639961199
Eefsec,4.414863908673838
Cubn,2.174565173086965
Lima1,3.9556089734115623
Tbata,2.4422764659083147
Ifi30,5.808131330275096
Asph,7.6399074219435645
Ranbp17,2.117933978147096
Sostdc1,2.452497099021707
Atp5f1d,11.526262656773573
Dtd1,7.799132326781451
Ndufb5,12.431758077881648
Mrpl54,8.281595299382817
Emc6,9.371713055702957
Rogdi,4.110409658123239
Trappc2b,9.480477230816385
Sdhc,11.650412350841194
Ppil2,7.605371659292274
Cndp2,6.208727741219324
Sf3b6,8.872514356613229
Zfp524,3.954029678898032
Tmem176a,3.4717721286236105
Krtcap2,8.926587773935173
Cystm1,7.824273918383174
Dynlt2b,6.138544096123323
Hsd17b14,2.237305805034404
Gng11,8.869389577199415
Snupn,4.823936841138952
Cwc15,8.925898981487954
Ethe1,7.9791841767845
Sdhaf2,8.129750248333487
Txndc12,6.803981296092644
Tmem167,7.782054988899436
Chchd3,11.289427318024883
Aurkaip1,9.686192761298726
Tmem42,4.848324925788135
Abhd6,4.208600465135332
Setd6,4.819186218182895
Rmnd1,7.225533113652169
Eif3f,11.24037440623507
Cep20,9.569743648102778
Emc3,10.130605207848886
Rmnd5b,6.8297006468694805
Ypel3,8.437219059173636
Ndufa3,12.989397274822863
Ghitm,11.220549379996115
Lamtor4,9.093187793303363
Chchd6,4.879616005315478
Cxcl16,2.5655200607256163
Ube2d3,10.376226416186762
Smpx,12.620420787871629
Wfdc21,5.1275703948057165
Ndufa9,11.966719651351701
Tspan13,8.843394551469373
Tmed3,7.6102514867050965
Mtarc1,2.29590150174929
Apoa5,2.6534531040178995
Dnajc30,9.192781609940186
Nat8f1,3.035489375413755
Fmc1,9.517845012829403
Tomm6,10.38363143604046
Fkbp11,2.326449913176973
Chchd1,10.66409970982061
Josd2,8.515148186380276
Sf3b5,9.381480933465163
Elof1,7.640325444025547
Prxl2c,5.553496985022879
Tipin,7.9269253998065
Prorp,4.84354164285336
Polr1h,7.625516543082163
Bud23,7.184408541192387
Mymk,1.918980495942151
Ska2,3.1421283549763914
Ifitm3,10.066202294924281
Eef1e1,8.789747781117043
Atp6v1f,10.277760688011062
Maco1,7.839730791673211
Necap2,5.030428383915614
Dnajc15,10.598988198362191
Prr13,8.765296067272002
Uqcr10,11.584487389670675
Fbxo36,3.4745281051134747
Tmem14c,8.203391247387119
Ufc1,9.60495516035114
Anapc11,7.478921055895337
Pop4,5.432293535241816
Bola2,7.177569804200048
Nip7,7.586842169931862
Bccip,10.235045228547934
S100a14,2.2614905477066807
Grina,10.093541179038558
Tomm7,7.882887586924485
Chchd5,3.3056004662640466
Pgls,6.9647767310730835
Med11,4.887846362808406
Nudt14,3.772743241361656
Mustn1,9.47410947867727
Nat9,4.863602095083107
Ubl5,4.530661819695729
Ogfod3,5.933676664657102
P3h4,3.5783927687765456
Nop10,10.20788407145301
Sptssb,2.139396102486844
Rps4l,4.488284807791887
Virma,5.385533208889708
Acer3,2.880471158201123
Ier3ip1,8.733843033032928
Lage3,8.26286981711394
Pithd1,8.164329159314216
Pycr3,3.8860567333453346
Lce1g,2.124717427301291
Them5,2.4561948849889323
Commd4,7.317509475187954
Commd6,7.078274329070027
Vta1,7.0634274163229955
1110059G10Rik,7.742083407659362
Lce1m,2.876879040397
Acyp1,7.954024415328138
Cd302,6.505145905621906
1110059E24Rik,6.424170167874808
Nenf,8.040812667541026
Inip,3.2263659328671026
Rpl3l,12.329559387135207
Sec61b,9.802193612133479
Med7,7.76029777292914
Rgcc,9.40976279707718
Ndufb9,12.846323609569765
Zdhhc12,3.2381975160624172
Serpinb1a,3.547766913505898
Mrpl35,7.261488095403629
Rpl7l1,5.422750757955778
Mrps28,10.505101868673075
Thoc7,10.480685223100068
Dmap1,7.3181832710196035
Msmo1,3.998588735503983
Eif1ax,9.63242551063028
1500011B03Rik,2.4716640291023775
Atp6v1g2,3.031806789903149
Kcne5,2.3734186416157264
Tmem9,3.9995313788617906
Mrps16,10.478016990462786
Nemf,7.434939142150938
Hspbp1,7.070130552606767
Osgep,6.90130995634702
Alg5,6.026702250723997
Pno1,9.58414615982081
Arfgap3,3.213679066876788
Aig1,4.406977297069326
Dimt1,4.666296573436561
Hsbp1l1,3.8447110127771036
Ssr2,7.795522859095484
Nicn1,5.272977345901052
Mrps17,9.078236092466224
Camk2n1,6.266011810206474
Tmem54,2.10143885142887
Tm4sf20,2.186808580327671
Ing5,3.10395033361876
Ccdc28b,8.105311840750852
Eapp,7.92076611241684
Pigyl,6.755499163683911
Tmed6,2.0483335061826415
Retreg1,10.589246443675508
Tmem126a,11.443744219083273
Cox16,2.9852589171230033
Aamdc,10.619130336156145
Lyrm9,3.7680071238210218
1810009A15Rik,7.274933272631999
Klf15,8.80166852110951
Smim20,9.281517044564376
Tmem218,4.564535124744126
Gkn1,2.419282292075274
Gkn2,3.2348877431246432
Sec11c,7.725125300225728
Mptx1,2.0713705634156674
Smim8,8.397104466412207
Mrps21,9.533072038979899
Snhg16,3.0993581708042424
Fam3a,5.096620931913605
Haus2,3.675981948396837
Pantr1,2.2117779864061644
Inafm1,6.889875596913967
Rmdn1,4.94938072233557
Fam53c,7.090323171434832
Isoc1,5.754068599499742
Mplkip,3.0176064473421653
Tmem128,6.042843263581162
Dpy30,9.174668684781386
Cenpw,2.555042483640593
Tpd52l2,5.599325874559397
Senp7,4.3808378896490865
Skic8,9.242621510180552
Tmem208,7.982423334193119
Krt88,2.3701425625576484
1700001K19Rik,2.589266934662854
Dnajc5b,1.9305265959780318
Scp2d1,2.1150688031126283
Susd3,2.4784808147889135
1700020L24Rik,2.2569100733851943
1700018B24Rik,2.295996274495227
Aqp11,2.40007079209099
Atp6v1c1,7.216676059663318
Cenpp,2.848752981598981
Fam229b,3.6910609319989365
Cdrt4,2.5391433901905063
Eid3,2.4291451814877956
Tmem177,4.414762267230556
Lce3b,5.628623081304897
Ndufb11b,1.878798825409346
Dmac2,3.6708188184188066
Pla2g12a,6.8174916397633005
Blzf1,5.4972469420468855
Riiad1,5.8838667728106415
Snw1,8.516716740546821
Gmpr,10.68845286602587
Knop1,4.713077767946286
Ostc,7.899433514212366
Adprm,5.429944444432633
Cox20,9.751947985371713
Exosc3,5.018391188867098
Ccdc90b,9.458439389117093
Ergic3,7.552274483286699
2310022A10Rik,7.881514828645404
Rtca,8.453006802282163
Dus2,5.107999672603418
Chmp4c,2.352819497935774
2310011J03Rik,5.005546840170226
Dhrs7,6.845501064387858
Ndufc1,11.858099114474342
Cox14,10.291116247120662
Krtap3-3,2.0478807590332795
Rnf113a2,5.39359920793807
Iscu,9.539572996676828
Srp19,9.872450138905469
Ppp1r7,6.14638224796331
Nudt8,6.466417878394419
Cutc,6.516330329353358
Prelid3b,8.408160843777365
Prl2b1,2.229277912715386
Nosip,6.474852572498439
Ahnak,7.41717405270963
Sar1b,13.17775954744586
Commd5,3.897419262194278
Tsfm,5.537623329707363
Alkbh7,8.129551842888205
Nudt2,8.19892417283305
Sln,3.5241255082054135
Asf1a,8.753924856782296
Rtf2,7.506309892229687
Mcts2,7.998441140148235
Sac3d1,4.959648877330772
Mrps15,9.116449477240636
Aptx,5.794536407907735
Rsl1d1,7.742857576629537
Mterf3,9.033865290889382
Tbcb,8.319758583419969
Arrdc4,4.284524774786307
Psmd6,11.70030237468267
Ndufa12,13.79286800499458
Ndufa7,11.165744947402038
Mrpl11,9.624924512000057
Polr2e,8.388565306292525
2410004B18Rik,9.324674438899757
Dctpp1,6.48003695410909
Coprs,4.307814212668409
Pcp4l1,4.326044904582262
Cyb5b,8.581539966287208
Oxld1,5.795382830000588
Slc7a6os,4.733459931502099
Chchd7,8.762505066357157
Uggt2,3.580941572256927
Fis1,8.875934743866152
Hamp2,2.8158847948784884
Borcs7,6.411300067470396
Cdc26,8.598295544280784
Magohb,4.64633151201105
Spc25,2.2676097106470756
Tnfaip8l1,2.872969836206785
Cyc1,12.609816171800361
Exosc7,8.555838516754285
Mgst3,11.587917193924357
Mrpl20,9.887124973244868
2610528J11Rik,2.02166646682834
Nmnat1,6.895625455949532
Cnpy4,3.714796647315412
2810001G20Rik,2.8159216898253856
Pyurf,9.349803500762013
Sys1,6.115891058893695
Ptpmt1,9.769000147140588
Rex1bd,9.001692396557752
Taf12,7.05702191101548
Gtf2h5,6.651725495069646
Ska1,2.3768807783565173
Prxl2b,10.651493564084253
Anp32e,8.820944447551588
Ctrb1,2.2269542892303202
1700029F12Rik,2.39112235727795
Rpl15,9.488615037871467
Exoc2,6.050551493176929
Gpr137b-ps,7.075938914429789
Nova1,2.772272653976588
Fam136a,7.771155595887676
Vamp7-ps,7.740492537667216
Zmat2,3.864772857258163
Mrpl51,6.059875827751237
Gm7420,1.9760428123402838
Ndufb3,10.160296379114838
Tmem238,4.3634673245394024
Cmss1,3.5342986149950613
Dda1,6.707754018715011
Slc30a7,2.9526127943340463
1700029H14Rik,2.398468408885294
Col6a5,1.8874139335075222
Zmynd11,8.901362501875747
Psmg3,3.899797435475046
Lamtor1,8.361239384889245
Rnf181,8.151987581047267
Tnik,5.4476286670962715
Chtop,9.854359106007498
Tab1,4.847560229188937
Gm7514,6.024026498883093
Gm7517,5.450135560554574
Asrgl1,7.387991619696258
Cul7,4.092277615262348
Clec2l,2.306577186253277
Smim30,9.397267735440483
Pgpep1,4.345177933377751
Fsaf1,7.718004640078877
Timm50,8.266325720035043
Tceanc2,3.483585362779691
Plb1,2.3297991535083744
Smim5,2.506023033537684
Ubxn6,7.670097180094769
Cmc2,6.161776653855618
Rep15,2.6182887000259347
Kplce,1.710305995513956
Nipsnap3b,3.898588283046711
Pomp,10.549264368357617
Rps19bp1,5.165487476590025
Fam107b,3.309802664486907
Adamtsl5,4.169370682833843
Aggf1,6.597989781636774
Sppl2a,6.84451637255581
Mthfd2l,4.109056353192977
Drap1,11.879446591602365
Bpifb2,2.2872293951766
Metap1d,7.800681177166816
Teddm3,2.1839326949468583
Ntpcr,3.8920643470561918
Rwdd3,2.0060951442630155
Gdpd1,4.504685395714001
Cenpm,2.1660891248717054
Dzip1,2.330873434499305
Uqcrh,12.631916051633644
Bod1l,4.230632438780915
Mis18a,3.1534144748260293
Esf1,7.016008930292672
Exosc1,7.310963833291718
Snrnp40,6.392645553083035
Crls1,7.579132965696918
Fastk,9.816724945657004
Cmpk1,8.95820387281532
Krtap4-1,1.8748315047313986
Farsa,2.4576870741005443
Mad2l1bp,7.832343907460948
Stoml2,9.59750033262045
Gm7854,2.1142589266693945
Diablo,8.926971593424648
Gm7859,8.532440050639005
Aste1,2.9857880801012224
Gtf3a,8.755151025848784
Trim13,7.491914955229209
Pphln1-ps1,3.944725124076639
Rdm1,8.375924338120612
Tmigd1,2.5668243658216086
Gemin2,4.199393367394918
Trabd2b,4.145939686220163
1700017N19Rik,2.4146468488311488
Frmpd1,2.2984982509468614
Lrrc57,5.815393038388765
Ms4a4d,7.911634464171865
Cryzl1,5.931745033771772
Abi3,2.7175399777608926
Ribc1,2.806838679071537
Ormdl3,6.981002131838668
Armh2,2.3733858477641143
Gpatch4,6.146837060822814
Atg4b,5.60335992931394
Cyp4a31,2.0600448341366255
Snx9,6.8502640873254235
Vps13b,2.6956346047662976
Ntmt1,4.904984097961547
Snrnp27,11.452619067867966
Ubr7,5.223469451305275
Spcs2,8.748066649712532
Pnisr,6.939462148169697
Cdip1,8.442577288942777
Dspp,1.6900596650917743
Ogfod2,3.7232210021531578
Thg1l,2.2799936829005367
Golph3,8.762196420936226
Mfsd14b,5.811486060798248
Dph6,6.388865373125509
Muc17,2.1977944682530013
Mcm8,2.476373057918318
Sike1,5.918032308165254
Ctnnbl1,4.737559614033725
Pspc1,6.079235583738591
Rpe,4.585270403238308
Nsmce3,5.690116559724302
Tpgs2,5.388897582865334
Gm13181,9.614683720676807
Tmem249,2.083746722250302
Nepn,2.235026556344013
Zfp541,2.3566348594332904
Zfp991,2.7943305801912905
Gm8154,1.8901402124864424
Brf2,3.4385267924696827
Tex12,2.2168721516351084
Eef1d,9.564251069392247
Ccdc51,3.9777857798386673
Acp6,6.519907252418835
Gm8186,9.215370821872032
Sltm,6.627369057134419
Srp72,8.338491145816446
Fbxl12os,2.4272477417854517
Uba5,4.645645280004541
Gm12115,8.920369480564052
Tmem41a,5.918749188078775
Msantd3,3.664428325177562
Hspbap1,2.6520632468844116
Samd1,3.8449748663991703
Ccnh,9.147650366339704
Sorcs3,1.9400776785166134
Spryd7,9.097509669748138
Gm8273,3.313202616331576
Gm13487,2.9491818583876133
Rbm24,10.188656480568932
Rae1,6.210285713243725
Eif1ad8,3.172087900852324
Pgm2,3.366609989188729
Trappc5,7.122957181547758
Tceal8,6.685994332121449
Dcbld1,2.8845163284431194
Tbc1d15,7.936106912272005
Gm8350,2.6154748134215535
Klhl28,5.507785318321706
Tmem186,5.075215431263941
Gapvd1,7.167878963770033
Gm10638,2.5684198984758155
Uqcrfs1,12.458356020885049
Aspn,7.759029743166461
Snx31,2.06201340326421
Chmp3,4.674820158410634
Spryd4,8.07066039224978
Rbm4b,2.326929631149136
Dnase1l2,2.789980925329275
Ndufaf3,6.9582112163823675
Nkapl,2.1491520362135486
Krtap3-2,2.087669961612965
Zbed6,3.983158611270303
Sbds,5.9983743562010154
Spesp1,2.0654594321092836
Actr2,8.556413988873215
Gm8479,2.1395608983627135
Henmt1,2.3092732236939995
Ccer1,2.3602875739417786
Ccdc96,2.0627436313819936
Klhl10,2.2031506719374345
Spag16,2.5357762550102745
Tab3,6.205108155544547
Lrrk2,2.9115668174931275
Plaat5,2.5824647738208326
Ankrd61,2.3677741037493014
Ccdc202,2.5834402804253482
Kcng4,6.916532108664356
Map1lc3a,10.503291297900429
Emc2,10.710365706681168
Ifit1bl1,2.216753263811636
Jkampl,2.376671417171691
Rnf220,7.1568821394471795
Trpd52l3,2.3809472304476205
Capza1b,2.2411826536357125
Erich2,2.548442358502125
Erlec1,6.622214512557257
Ppp1r14bl,2.0081170156729597
Cfap97,3.6019450858111903
Adat2,2.990258667750796
Zfp474,2.7206531126769717
BC023105,9.182757795890916
Tex56,2.140202278079664
Nt5el,2.2267372113467094
4933411K16Rik,2.312149416216233
Tmem239,1.9027935829610174
Pacrgl,2.9233178790488115
4933427E11Rik,2.9526881006759216
Gid4,6.9409245491271
Asb17,2.0126600399417214
Piezo2,2.272523322372241
Hacd4,3.949373198119608
4933436I01Rik,2.0921816706814624
Trim5,2.60017692774007
Or2ag2b,2.1047313360097655
Gskip,5.594391694322294
Alg14,5.194070084022859
Grtp1,5.510450610431914
Gm8887,1.8625943987385034
Clxn,2.0526605967727742
Atg10,5.35108168836803
Cntnap2,2.4456105959899763
Ube2w,5.490266134862554
Prkrip1,5.184070633859082
Tspan1,2.3427191007859203
Krt20,2.359677829049282
Rbm22,7.504528623971075
Syce1l,3.150772677458581
Duoxa2,2.1610305143127033
Ppcdc,2.9834045511173954
Bcl2l14,2.1474643904313053
Gm9001,11.478999068196075
Mcub,2.655852602513337
Zxdb,3.325926345142324
Thap2,3.2686070413308257
Zxda,2.9274568340476272
Pex10,5.84865744742272
Tmem170,2.564473728308202
Smim7,7.1399257934081115
Gm12617,3.1975064319948565
Efr3b,3.322579983778148
Bcs1l,7.7083925195817455
Gm9054,2.2443779530114125
Fbxo25,5.876672170599047
Pycard,2.724750145640359
Rnf186,2.0045343957065533
Tafazzin,8.451373141685414
Ttc1,8.82043073998052
Kif26a,4.22644419867182
Nacc1,4.2461449506061655
Cc2d2b,1.9366975480181754
Fam236f,3.1113169145391666
Acot13,10.393515793492925
Snord123,3.361764125295739
Dele1,7.786862984415716
1700084K02Rik,2.3190871316388204
Wdr45b,7.905793755090111
Etfdh,10.961698072624202
Ormdl2,3.7971323083413857
Mrpl33,11.006718322532594
Hint3,9.696222902224132
Fuca2,3.083665012207275
Ppp1r2,6.998668118431034
Zfp507,3.6460358285273564
Pnpla2,10.090366955955327
Trim35,9.471504731111692
Tcf25,7.93645199139216
Plbd1,8.553699892022735
Slc16a9,4.995652774396478
Tanc1,4.945767771901412
Dnajc10,7.042739169595911
Zfp936,1.9192016566874237
Lztr1,5.308763512346851
Clec14a,3.4722877340510423
Pmpca,9.412414398020845
Nhlrc2,6.277708644761428
Hmg20a,6.097160810496959
Mfsd1,6.044041759924743
Zfp869,7.395143803797123
Serbp1,10.533702885157425
Cpne8,2.8672245694793923
Tril,3.2873700215356245
Ncbp3,4.186471855454726
Swt1,4.167020434495435
Crnkl1,4.5204766349150125
Riok3,10.437474348808331
Rsrc1,6.505306700987576
Pcyox1,6.769604105679002
Bzw1,8.030274043337728
Appbp2,7.2500811420326485
Acadsb,8.345878615910761
Lonp2,8.944511023154133
Stard9,3.164099969394492
Vinac1,2.1990844561201275
Rnf128,8.092038244061873
Lman2,7.735093202113223
Eif4e3,8.654281108846996
Myh7b,2.5331941852053093
Wwp2,3.6977882932296553
Pxdc1,4.570989833917463
Naa16,6.814185346914272
Baiap2l1,2.3158271007880726
Fip1l1,6.632355514860396
Proz,2.301693224304396
Mtap,6.544772640129595
Pccb,8.6292103630054
Plin3,7.3060569796201
Tmem107,3.519529471546561
Nudt16l1,5.259276472975665
Bzw2,7.983070398759203
Kdelr2,5.736422688877063
Vps28,9.285679545084891
Cops9,10.504780281860084
Ndufb7,11.228605987294955
Chordc1,9.505191233414989
Prpf38b,7.058131523478686
Rras2,6.8084733722112025
Pbrm1,8.481641562347365
Sdhd,10.765290270569118
Trmt6,4.469114880559977
Dmac1,8.957242535667627
Asf1b,2.67706654463395
Fank1,2.7839828978626664
1700010I14Rik,2.303971693017152
Rexo1,3.164194107155381
Dsn1,2.6940255389541474
Sh3d21,3.308070607844335
Aagab,4.569106332618563
Shisa5,6.636249686354433
Ddx18,5.936220470118601
Slc66a2,5.556839487913276
Sdha,11.967269859318213
Acad8,5.1952500728965445
Trim59,2.682007349234033
Pacc1,2.8971245320541246
2310030G06Rik,4.002215615014372
Cdca7,2.8460597251698645
Serpinb11,1.901440109858027
Dusp26,8.908455852338088
Mindy3,6.682252323175999
Swsap1,2.5424285215675444
Golt1b,3.3343169606875347
Ctu2,5.8113634858133
Trit1,5.406939717782641
Edem3,8.66953826725694
Plin5,7.983905082322113
Ssbp2,5.422306042383313
Cdk5rap1,6.746642520596544
Slc25a23,3.3409477410123665
Trappc13,6.572309726876647
Nuf2,2.6052588003446666
Luc7l,3.9140210010953314
Pole4,6.177356998470351
Zdhhc6,7.059454423790998
Zfp830,5.313906142920108
Rassf7,2.4428019551495956
Lap3,8.946456530942514
Kctd20,6.564892592072059
Tmem134,5.51523660425006
Khdc3,2.426776910669549
Smarcd3,10.724590212184609
Cep19,7.915025052918832
Zcchc18,2.258551323785785
Ceacam11,1.897556302420182
Psmd12,10.807001658796338
Psmd5,6.557959781474494
Med28,4.540955001621953
Prl3a1,1.7526025192764632
Uqcrc2,12.691065865674465
Polr3k,5.116380887295694
Cisd2,7.622712628566123
Ttc23,3.302256598237531
Rbm7,8.355208938315608
Mettl6,5.10515694880142
Oma1,8.6493811548893
Riox2,5.886724556294024
Ccdc91,8.89598681827203
Tbc1d2b,5.451271191580041
Fam210b,4.186388831259777
Actr6,6.570434450372659
Tmem88,7.3266070001632615
Use1,8.944552538163896
Thap4,9.224658721412311
Mkrn2,9.051607840950771
Chmp1b2,2.485736110184338
Fancl,5.173897600146298
Upf3a,3.6463379577059807
Gm9484,3.4059261676593526
Dnajb4,9.09818362163762
Mrpl45,9.435811245971747
Pmf1,2.436262499664387
Ly6m,2.2126287400038547
Rbm25,8.385426560376532
Ddx17,9.270593228775626
Oxct1,11.48776311734799
Ift27,6.104641873963331
Syap1,8.642011259472126
Higd2a,11.73451206917906
Riok2,6.706227380708047
Tbc1d7,7.393830341342173
Vma21,5.399564280041807
Pus3,5.9190124658920595
Nkap,4.400755135152116
Ndc80,2.454643563223794
Rpp14,7.859519604511057
Paics,10.934217346678281
Yaf2,8.61477906866968
Ola1,7.950113917982153
Slc25a53,2.754518791119127
Pgap4,8.084447023637019
Chmp1b,7.928461420238366
Polr3d,4.2343744968072725
Romo1,11.594972868699656
Dynlrb1,10.338383697664765
Lsm14a,9.261452475870191
Rps6ka6,2.1826037071648217
Cdc37l1,7.619148703280344
Pi4k2b,2.568090754294476
Mon2,7.173357810126433
Magt1,6.408201151142542
Catsperz,2.09313413541899
Pgp,9.293701345922692
1700019D03Rik,2.6651722973640637
Ccdc198,2.373955228773983
Ceacam14,2.2694503022210175
Ctnnbip1,5.372190554126777
Cand2,8.506252285894869
Psmc6,10.663320337573985
Trappc6a,3.212236753903363
Gatm,4.717408666953147
Trak1,7.835459326520617
Mmachc,9.020392248291904
Mettl21a,4.465618562279533
Pex39,8.588557546086657
D16Ertd472e,3.7459371903910452
Ptgr1,4.0131384502166965
Timm21,8.218938121419336
Zfp787,4.4116937866070565
Naaa,3.1542530566956457
Fgf22,2.2641061366665274
Rpl14,5.4782802136080955
Cuedc2,9.232825019805764
Dynlt3,9.764107726949401
Ccdc159,2.373501049245075
Ttc14,3.730668704739801
Mastl,2.1103544851011002
Nrarp,4.125624554797889
Ubap1,8.423455163610926
Tspan31,8.496333175318242
Atp5f1e,12.305860657782505
Lce1a1,2.3868627169323267
Ube2g1,9.478382855484922
Ndufa6,11.045468297214411
Acbd4,5.710605153801148
Gp2,2.172049447313689
Bpifa5,3.491064451658064
Kbtbd4,4.632096275004232
Herc6,2.7241450740564503
Mis12,3.949194250431907
Fbxo5,2.8268922406037453
Ikzf5,8.39073561388676
Lrrc40,6.181441411335004
Tomm34,4.811193695961593
Nkain1,4.847426933636657
Rnf141,5.703113186452061
Psmd9,3.610905499614418
Parp10,3.064506395730676
Rnaseh2b,3.8727015273260132
Mtdh,8.920640506675937
Smarca2,6.519491069542911
Cfap418,5.498293998531596
Sft2d3,3.826933059089079
Sclt1,4.863119951487187
Ccdc47,8.980150300168392
Lipt2,5.425904148647592
Arl8b,9.597947360625728
Lpar6,4.436961042662687
Nradd,2.368395905973165
2610306M01Rik,4.8700488115914835
Dram2,9.60195994242835
Cdt1,2.51801333490979
Zmat5,6.212954089191762
Yipf5,5.4317782443452005
Ctdnep1,9.901925283183873
Pdzk1ip1,2.515029945657983
Ndufa13,12.670771090324939
Rplp2,12.946914110251853
Zmynd19,5.214256768146533
Sgms1os1,3.2100854281337927
Ube2t,4.119495824526321
Zcrb1,10.924844707479243
Spats2l,2.8918004885542827
Pfdn1,10.074945892154233
Ccdc77,2.736938863750138
Glod4,7.85055695097996
Nde1,7.549225812281233
Eif2s2,9.454747960952828
Utp11,8.07684541357702
Lsm1,5.556568212261685
Gatad1,7.143762883365127
Armc10,3.9337046276333094
Mrpl55,8.328113675830865
Cmtm6,5.1539996926741205
Mboat2,3.124493237951704
L3hypdh,3.1355407774487993
Med18,5.289412181178054
Plekho1,4.900975703591133
Srfbp1,6.772309706440342
Rrp15,6.248429939502007
Med29,2.982776581016045
Rnpc3,5.354262654150209
Tmem19,5.266694554378918
Dph7,2.540879497313478
Prpf18,6.997540778476325
Zfp329,3.7238600975739633
Tbc1d20,5.237057111877474
Zkscan14,4.151166738116703
Cinp,7.48161198126157
Fam220a,8.021858638171402
Rpf2,5.541187952423999
Smc6,5.918829408742685
Gemin6,6.13686352539478
Gm10266,2.3658428013232715
Peli1,6.263344843257272
Resf1,4.151868528208879
Mtarc2,8.867314485164671
Gm9564,1.9568519492080274
Tbc1d19,7.65643913789875
Cap2,10.721678669655809
Bmerb1,2.367058837087972
Zfp422,7.7393143931619734
Cers4,2.968094349560577
Zswim6,2.7883691338916283
Ndufb8,11.839260051309067
Dipk1a,9.145961602662377
Uqcc2,10.491091002711148
Myl12a,8.18187343990869
Agtpbp1,7.9926530250475905
Mrpl42,11.91591561310373
Cmtm5,2.113145173621303
Ndufa10,12.025274583251763
Eri1,3.803334141867593
Pagr1a,6.599717106584687
Med31,6.732439622157007
3110009F21Rik,2.3729574242987126
Washc3,8.592275066754036
Slc25a19,7.030812179035479
Cwc27,6.8109654368087265
Ift22,3.9951571266676056
Parp6,5.546054509442858
Srek1ip1,5.889468952639482
3110040N11Rik,4.383109247998788
Ccdc137,4.298984230918994
Pigc,4.488165321718216
Rab3c,2.147869626593598
Socs4,2.34613609005828
Gprasp1,6.810849089912746
Dock7,4.505695502186042
Cltc,10.89954273052489
Zc3h13,3.2615885260322877
3110070M22Rik,2.6623968680573658
Gpx7,5.517403995115642
Zc2hc1a,5.7911390958755335
Pbld2,2.7037609172390717
Mrpl46,7.8419822124682455
Prl8a9,1.8838491808249718
Inava,1.8820140718134448
Ceacam12,2.0161121900396783
Iqcf4,2.138075111073938
P3r3urf,2.3805828669544282
Adissp,3.0289588680684374
Lyzl1,1.9978912843193424
1700047M11Rik,2.5856698149058466
Atp8b3,2.4566271374542428
Snrpd3,9.340766101413527
Stk35,3.268086133883015
H2ap,2.217698240542906
1700054K19Rik,2.5160170243427196
Cstf1,6.098106123340237
Rffl,5.290786743005022
Spmip10,2.2417655189320507
Dynlt5,2.4197125824926062
Herc4,8.675936361948741
Tmco5,2.632856947613251
1700093K21Rik,2.071320657108376
Pudp,2.1451519010853546
Tmed11,2.368001423047679
Paxbp1,4.219290450969389
Qpctl,2.5456446502423185
Zfp606,3.3633757389254995
Gtf3c6,7.969128024505323
Prss3b,2.4057685377596605
Jam2,4.07638071151393
Qprt,1.8661725302294119
Bbs2,3.1739607880853957
Dedd2,3.0992527121471922
Med4,7.622718719518773
Brd3,3.3820735833028195
Bag4,3.0865268026443213
Unc50,5.744700176688696
Rab5if,10.436058686918514
C1qtnf12,7.627001293119811
Mrm3,5.620540136423634
Fundc2,10.837214151259483
4833420G17Rik,5.619891268727396
Cxxc5,6.652816980261027
Ppp1r2-ps9,2.0678602226370377
Erp29,6.95486990644335
Srpra,10.817072079929586
Pdlim7,11.513357141841434
Txndc8,3.0113682199939333
Nts,2.4768408437714
Cylc1,2.898553683644962
Mtcl3,2.036489692206226
Mfn1,10.489380955602165
Armcx2,5.020903364269236
Ears2,3.71534582257485
Ppil4,7.244256021772912
Armh4,4.157410493641312
Far1,4.135260222521384
Dhdds,3.50693761882624
Eps8l1,3.1109277123411236
Coq8a,9.657744883508393
Nudcd1,4.60579164646121
4921536K21Rik,2.2221436291428476
Hoga1,2.4281352211245193
Ccdc127,7.458535123787911
Ankrd33b,6.727113158925765
Ssr3,10.964578730661222
Xab2,4.4814092031495685
Mtpap,7.545009478203909
Isoc2b,4.284118727223579
Retsat,8.586454141900973
Map1lc3b,10.680707583635934
Ilkap,7.7992601372666925
C1qtnf4,4.553420479678356
Dusp28,7.079128370579457
Plxdc2,3.9587899072233745
Pkp2,3.7346453139497364
Pnpla8,8.42749406300454
Slc25a46,9.517576307567978
Ikbip,4.608742140543879
Klhl13,4.444843118124024
Ergic2,7.944590087614727
Frmd8,3.3427425542075895
Ergic1,6.546490844340711
Nvl,3.8636322281216753
Decr1,9.507562475076098
Poc5,3.4469877851530253
Entpd4,9.246967175528143
Sf3a1,5.297684070942257
Pdcl,7.221009215233405
Gpalpp1,3.380933422089736
Mmd,8.214931841846626
Abhd5,7.580793061238279
Abcg8,2.199831613626192
Gpatch1,5.7937453483142844
Mtfr1,7.888235313930395
Slc47a1,7.798771475866443
Snap29,4.136838529037718
Ero1b,3.929529929921031
Abhd15,2.559366330590182
Cwc25,4.014914124740154
Cfap95,2.707129907432225
Eepd1,9.030375735323725
Polr3g,2.6018777062338287
Dhx40,6.312190627002831
Calcoco1,7.043100416300095
Ap4b1,7.173606698760362
Ufl1,7.822858123795477
Mettl16,6.475409509350058
Tmem167b,4.527019460043494
Kcnv1,2.207612720476936
Ccar1,8.113497568757525
Ccdc50,5.7552590162039925
1700001G17Rik,2.086041016307709
Rnf151,2.5101937127112137
Prl7c1,2.6498528398353405
Spmip5,2.7010475592419545
Saysd1,6.141926373396284
Tvp23b,6.524835098073651
Tmed9,8.081670627836756
Faap20,2.786733332272244
Ttc33,8.992316276619421
Kctd4,2.0147457359648713
1700097N02Rik,2.429315947591142
Trim62,2.4351203071063487
Atg12,7.161814992567515
Nudt7,7.733603643943565
Fgfr1op2,9.890549126346176
Mfap1a,8.255362814704059
Ppfibp1,7.140886889928868
Ttll4,2.5263155180921077
Glipr1l2,2.099345198402913
Zswim3,2.938762975047743
Cog6,9.412282771990915
Pabpc6,1.962991126699735
Fam120b,3.7074895287912475
Slc39a8,2.1376878312872125
Gphr,5.22906363277699
Macroh2a3,2.0759258180540843
Slc25a30,3.343576698272607
Mgat4d,2.260372130259453
Pigm,2.7831442276312273
Gm9648,2.477179988458086
Larp6,2.943472901251337
Wdr48,5.584577166421113
Ciao3,7.290134907158699
Tmem35a,2.196848550768634
Mgat4c,1.884341471417294
Loxl4,2.4420258128412153
Alg13,3.2910167687225296
Potefam1,2.000476019363037
4930429B21Rik,2.1053147882099643
Patl2,2.090621000536564
Lrrc18,2.460932772103996
Zfp605,2.216921244644291
Tbc1d23,4.288753859337049
Slc25a26,5.711216674168571
Ubxn11,2.543545850196471
Rnf41,3.0226583099902036
Tctn3,2.69150899221713
Ubl4b,1.9789516646953895
4930524B15Rik,2.288347072044769
4930519G04Rik,2.610291622227999
Tespa1,2.1996923958634196
Necap1,5.60817428043869
Dusp6,7.467480917542654
Akt1s1,8.42098177264553
Fibin,4.665790811660478
Zfp788,3.0425106244417583
Narf,8.011857643505653
4930453N24Rik,10.503407227362862
Rspry1,6.382884195823581
Ube2r2,8.146676770202204
Aasdhppt,7.378832522795463
Nob1,5.381187090245081
Lrp2bp,2.9308150246176137
Bend5,2.6962242318615766
Mxra7,4.51524547644511
Tm7sf3,4.22509139440852
Spc24,3.2629644794217287
Samd8,5.49471677324113
Ftmt,2.019969241326285
Etfrf1,9.49372447339069
4930470P17Rik,1.8351047048019444
4930465K10Rik,2.2722484771221194
4930515G01Rik,1.950001358682987
Armc12,1.9771763794170265
4930522H14Rik,2.1098190814131015
4930523C07Rik,2.9725448292537657
Spaca1,2.1237695567202413
4930544G11Rik,2.081979027950051
Ctdp1,5.82428563739429
Ccdc121,2.869983622355855
Rabl3,5.2792311020216
Ift172,7.096721759057547
Tex46,2.769613584838082
Rnf125,5.9117152800869475
Dctn4,3.908976584667309
Hapln3,1.9955944271235044
Alkbh8,6.177860152977455
Hikeshi,10.032931038293624
Cuta,8.78121308641701
Rpp21,7.371267640130914
Lsm3,8.111463671264737
Sdhb,12.849809730838603
Mrpl18,10.160853012763843
Pbdc1,5.77984051501939
Luc7l3,7.587905577233397
Dnaaf4,2.771643459821831
1700011L22Rik,2.306945814114638
Aldh3b1,2.789346255441933
Prss37,2.067041421961731
Hypk,9.393251204013175
Ift74,6.805478848414786
Ost4,9.295777334226605
Fam174a,8.168428354891203
Wfdc2,2.251526453025836
Rnf149,6.502740427756465
Kirrel3,2.8506907917218585
Arln,7.226954804812763
Stmp1,3.842379163813265
Tmem179b,5.175928518917483
Mrpl24,9.677967266046194
Pcnx4,3.4769323048718443
Reg4,2.3766960516512934
Polr2g,9.091469925364976
Nsmce1,4.415089875882154
Slc25a37,7.795767472756471
2010106E10Rik,2.2968268213511163
Gm9706,2.6349368972022944
Lipf,2.2406432516934034
Lce1h,2.696289758908667
2310057J18Rik,2.180711959241186
Actl11,2.176765988499046
Pop1,2.940493244969037
Nudt13,5.844507035815006
Fam114a2,8.38441641676833
Stx17,5.61681751236997
Dph2,3.568591900160571
Mansc1,2.613895039791944
Fbxo32,10.955275401036348
Iah1,4.7415123776267825
Itgb3bp,2.6105731561015206
4930528A17Rik,2.6253055240026812
Yju2b,2.99493431318662
Ttc39d,2.2635046110847843
Slc48a1,6.827821830152986
4930579F01Rik,2.5990732078064207
Samsn1,2.4934680037796806
Ribc2,2.3784265623926357
Mgarp,3.109130339053062
4930578I06Rik,2.262029217469745
Saxo4,2.515766838344128
Eqtn,2.619829964612942
Ddx47,6.392654539657219
Aadac,2.230461893986251
Plgrkt,7.149801910668738
Slc38a2,9.928827692991705
Prpsap1,7.065381465390627
Jagn1,8.219513683934231
Hemk2,4.302779504722571
Gpatch2,3.666131582653456
Caap1,3.5823050099123814
Arpc5,8.302701367530707
Chd8,4.946637017928103
Kat8,7.727856753433314
Borcs5,6.68385042585705
Rtp4,4.045896206335317
Vwa5a,6.226135658845621
Zfp639,8.045794967704063
Ilf2,6.1995555835184675
Sfr1,10.373530473711165
Dalrd3,5.053083046482976
Rab39b,2.220937718402812
Rgs8,2.2853933946365106
Rnls,5.8291832718672465
Snrnp48,4.3633460151813
Dgat2,7.180700925834079
Pllp,2.8431983899364215
Limd2,2.72596681085081
Snx2,9.361997846985963
Tprg1l,10.397639913061356
Rmdn3,4.184560664237014
Poldip2,8.714371264992607
Ubxn4,8.245092530797702
Sec14l2,2.5443754651598276
Derl1,8.447896204517459
Atp1b4,3.701628795166622
Nmral1,3.1070228041091235
Snap47,7.993243922807718
Lce1f,2.195092612909687
Rer1,7.108128423294905
Brix1,4.9263350312947765
Idh3a,11.524112307556157
Wdr83,5.844032387250586
Dnajb11,4.0081159236997514
Gpsm1,2.9799822469346324
Mrpl57,4.635952864549167
Atg3,2.740019377831226
Nop9,6.478914154465655
Slc35a4,8.354931297755684
Rab32,3.0490781742797495
Rnf115,10.380275560981863
Tmem39a,5.214999381815266
Sncaip,3.06516224461879
Ddx55,2.7938618191162985
Cdca5,2.2380285661143984
Mtres1,10.073445460245892
Slco6b1,2.127077137676068
Asprv1,1.965799145877381
Echdc3,3.8839925707335716
Ppp6c,8.249849770883193
Cysrt1,2.253729316959123
S100a16,8.81753148080279
Akr1b10,8.819124384783459
2310033P09Rik,3.69437501467031
Slc25a11,10.793205516220949
Yipf4,7.722178410476675
Rgs10,4.6244364189296485
Wfdc1,7.926996698723859
Lrrc28,6.823939536507411
Cela3b,2.6199037882630205
Paip2,10.937206191630636
Enoph1,6.8207735257881295
Mrrf,5.035809320851189
Nsmce4a,9.162648877929188
Mri1,7.316603106753893
Rprm,2.5893203509296314
Coq10b,8.325361345485353
Tmem33,5.6719938539495205
Dcxr,3.98137431798664
Mdp1,6.296838184186128
Uxs1,4.930720405811207
Cfap410,3.1269076947036982
Mtln,9.85689172430831
Camsap2,3.127828750398302
Saraf,10.252793323432476
Tmem100,8.79376285662122
Rbm18,7.765243790959122
Ufm1,5.39810285992511
Rpl4,12.82531268928164
Coa6,8.446886795744378
Tmem86a,4.454259479880995
Dennd10,6.72757645292653
Ppa1,9.2532234547455
Ccdc80,5.164179724521617
Rnmt,8.262195604682764
Pef1,7.608266804585095
Cmc1,8.356240932016581
Mtfp1,9.508660012551326
Sumf2,3.6852512519314335
Gipc1,5.795449764111425
Ppm1m,4.458782063168086
Galntl5,2.0279569234935235
Zfp169,2.070987959628831
1600012H06Rik,6.385479834772194
Coq9,11.900531203748221
Plpp3,9.860780379701573
Zcchc3,2.8330298120902793
Mak16,7.01879114591659
Ube2f,8.984525188353938
Fam32a,5.101468416250342
Eloc,8.947980931712685
Cby2,2.4014656559177134
Abca14,2.438895004366707
Ccdc70,2.6728017657114562
Serpini2,1.9905876462296845
1700129C05Rik,1.9998673180890147
Hcfc2,6.428138505627388
Wdr55,4.479358566590194
Tmem59l,2.3978476251685
Myl12b,8.251944751531935
Prorsd1,8.202935710620823
Rps27l,11.010094328038194
Mesd,2.426300296616612
Tex13a,2.8156403796961507
Spata6,3.0235049266269605
Fbxo28,5.999803563895511
Nifk,6.913403048962194
Tubb6,5.9555256926367415
Sugt1,9.218511207476011
Kmt5a,8.108609796876513
U2surp,6.399122535800341
Puf60,8.600693996715721
Npc2,7.80533293524303
Zcchc10,5.218927414498093
Pold3,3.7523686066306694
Ooep,2.0680528320131812
Tppp3,7.960011369658595
Atp2b1,7.656237762661317
Mphosph10,6.597957794057849
Ccny,5.2439637351445105
Trabd,5.6719254159820265
Tctn2,2.204514013681959
Atad1,8.633095296627543
Gnpda2,4.562542464145502
Pdzd9,2.1033971994503795
Tmx3,7.512115768572464
Nacc2,5.4311545769008776
Mrps11,7.191752959901927
Srsf6,8.541061930020634
Ddx59,6.5278900270398275
Retreg3,4.026343152767824
Cfap298,7.4991049258645575
Sdhaf4,9.56553114478045
Bambi,3.8386052633313246
Zwilch,2.38522729573373
Trap1,10.176971377074997
Cavin4,10.15053679523838
Mrm2,4.151659330952131
Cert1,4.054429388090605
Coa8,9.13251896660886
Bphl,7.972993053694611
H2bc4,11.46702515970324
Pclaf,2.2181281149240237
Tmem178,2.1581730335872287
Rnf146,8.461100151829895
Emc4,9.603781155740748
Cox19,8.799450763116376
Pabir1,6.834805650862035
Rbm42,8.56901202422313
Zfp706,9.04707663626782
Chid1,3.0958963870257796
Nmb,3.337097717332805
Zfp593,3.9147859126835995
Mid1ip1,8.286202304747526
Eef1akmt1,8.054434604707192
Chac2,8.788379796976292
Rtraf,11.942652246372559
2700062C07Rik,3.7799488816335174
Mpnd,9.092685973750449
Aen,3.0755687263187923
Nutf2,7.739516779937545
Ubxn2b,3.3177403373093135
Serpina12,2.529686735084788
Dmac2l,7.599709566661395
Chd1l,6.645674851524247
Tm9sf2,9.938534087055837
Slc25a39,9.512258851426475
Mrnip,2.672817160163713
Pdzd2,3.596845081365153
Atpsckmt,5.080652895814832
Lurap1,2.830078232345681
Nop53,8.284428430616714
Pdcd2l,7.757819316777695
Gpn3,5.659524088366034
Dusp19,6.905512017616561
Pak1ip1,7.696004137395531
Dcakd,4.543807482119943
Arpc4,7.360151342936544
Yif1a,8.681843135091885
Ncbp2,6.11554650215638
Smarcc2,6.350636555914658
Ociad1,9.583128713276528
Dynll2,9.580506819714259
Rchy1,9.24725586458089
Cibar1,7.661748997324277
Nt5c3b,2.285659705962535
Cntd1,2.234091452803078
Snhg17,2.0366410214006208
Entr1,5.832257894133893
Pwwp3a,6.419602258053715
Maip1,6.114871007700366
Apool,8.794430533630555
Atg101,6.502691246514579
Cmtm3,5.58019908690282
Cep70,2.9102864520167224
Fahd2a,6.5598826683120945
B230217C12Rik,2.403822971731453
Fam120aos,5.025498111691177
Upf3b,7.351138979027041
Eif3h,10.51444375054952
Kdelr1,9.213573393421084
Tigd2,7.752443228644373
Ino80,3.364026889410168
Etaa1,3.15028307543755
Arl13b,3.399672582565074
Gar1,7.230378257686112
Otub2,6.485118216264323
Wls,7.122145911411835
Fam133b,7.495126627029375
Gtf2e2,7.319557466152823
Stx19,2.085141682303049
A930003A15Rik,3.063694602651207
Fdx2,8.466202685851103
Spire1,3.546754561985607
Ndnf,2.320592714166176
Iftap,3.759926813417413
Pate6,1.975151506381996
Rpl39l,3.170696803250857
4930534H18Rik,1.8087073178196216
Inka1,4.509947336969618
Ebpl,5.847911222336845
Cgnl1,2.9256744791578124
Hyi,3.7018954360868936
Bcas2,6.492727309999239
Denr,6.111613186298855
Fam135a,7.144450975897747
Sympk,6.4463229651694
Leprotl1,6.949698325267225
Hsbp1,9.84166344212973
Ndufc2,11.704585640334201
Ndufb2,11.89215500728725
Ccdc34,4.471097198903634
Ndufa5,12.229516455547795
Diras2,2.2586755345197056
Urm1,4.344564140174103
Rnaseh2c,6.267939045808565
Tmbim4,7.216230621981977
Gsto2,2.0915233430220534
Fam98b,8.851925369195836
Wfdc15a,2.2201599527491034
Cimip2a,3.1964539531656277
1700067P10Rik,1.9059943700315207
Efcab2,4.923939035756697
Spindoc,3.205556360106103
H2al2a,2.5521716514738935
1700120K04Rik,2.3145910773260177
Fam229a,2.250522162886314
Mturn,2.4619389943616894
Gtsf1l,2.022930416885138
Krt42,3.551327908840951
Rpa3,6.611870772032089
Mcrip2,8.980968897024015
A930018P22Rik,2.249763230685106
Ciao2a,9.543442253779178
Babam1,9.474538428083312
Ift80,3.5318263275237194
Tyw2,2.175164862239567
Agpat4,2.7078602027347674
Pdhb,11.001680311983641
Iqcf3,2.363307296961414
Slc25a22,5.397783444153834
Zdhhc21,7.7097372341509605
Dnaaf1,2.0057623354398935
Rbm28,6.956560767054595
Pomgnt1,7.513323635862793
Toporsl,2.397464983422369
Rpa1,9.268287364499141
Toe1,4.005127231554946
2310057M21Rik,8.046468349919117
Ddx39a,7.786034874855623
Mcoln2,2.2935724202046126
Rlig1,4.833958425196663
Matcap2,2.1170560960948897
Mto1,8.232677813607255
Stt3b,9.840880952975445
Mfsd10,2.6355832343756838
Aar2,3.6037334331192397
Ncapd2,4.7524498518037115
Vps53,5.018626047730013
Fam114a1,4.346066809115016
Poglut3,3.990231575552793
Lrriq4,2.1283521045061593
Zmym1,3.6400973601642455
Lypd2,2.3278080121839952
Gstm7,2.6429682830040915
Nudt22,3.47076851053291
Tsr3,7.487949006286413
Rab13,5.056630236238063
Sdhaf1,6.976291810628538
Crip2,8.608767968701445
Golt1a,2.159176027518722
Ndufb10,12.654705435838723
Tmem174,2.148967957140298
Sirt5,6.851036253610246
Mettl26,8.306378316934952
Serpina1f,1.850796900582852
Mul1,5.8026706051035335
Aspdh,2.2752014440478163
2010204K13Rik,3.020021691872875
0610030E20Rik,4.19234550641914
Rab14,9.752231428067773
Tmem129,4.2873242349111225
Pbld1,2.1553070817286675
Ndufa8,11.684352204540096
Ciz1,7.101990404108246
Tlcd1,2.9019636104570856
Mogat1,2.324727570128221
Ccdc163,2.4742690234243647
Nat8,2.2172320134200945
G6pc3,6.437877096838186
Nrn1,2.23093078442562
Sycn,2.658521266273835
Ankrd13a,7.410174640363629
Lmbrd1,6.702389198078272
Ankrd13d,2.5856612728942086
Slc39a13,5.820605658795961
Steap3,3.8830984344163872
Fbxl15,3.3681027519006173
Dusp23,6.374694637957615
Rraga,7.671944301637794
Cyp2d13,1.9623524715366305
Tbc1d10b,8.238303131607156
Gpihbp1,8.879761384549024
Ppp1r14a,3.145898219127768
Dhrs7c,10.608682264183347
Mrpl14,7.944857110249885
Adipor2,7.231729723144579
Ly6g6c,1.907722894636257
Sox6os,4.4782461960747275
Mob1b,2.9778947179587276
Ssna1,8.030468662203004
Rmnd5a,6.198853371732532
Phf5a,9.056771230887064
Card19,9.05537279272695
Mpzl1,3.8452194688944714
Krtap6-5,1.9494487406925387
Tmem140,8.895326827478216
Zfp579,4.0114010022268936
Ndufaf4,9.176197798534956
Arel1,6.268921756655961
Tspan11,2.207108734553133
Mrpl53,9.955777150817172
Nsmce2,3.091643970927296
Vps51,3.738712729137987
Ppfia4,2.767281855146343
Ptx4,3.1637512845833062
Ints1,5.759887372062946
Tomm5,7.4096154835575705
Micu2,8.647592916864147
Myadml2,6.94772835057364
Eml1,7.239811720385852
Zfyve21,7.445625030714212
Entrep3,6.995046786621397
Ciao2b,9.452507440461128
Wipf2,3.0804399453061557
Evc2,4.289152795714874
Ucma,2.8426077658900897
1110020A21Rik,3.0510266770059586
Mphosph6,5.139581952161166
Mrpl13,9.951526830382033
Tmem109,10.37929254867918
Trir,9.126840070962922
Ecscr,5.672838462216187
Sgo2a,2.0385155294643007
Tefm,7.174932293233517
Smim14,8.211837771897775
Col6a4,2.697448072358022
Uckl1,6.69326082834651
Ankra2,4.456491502202071
Pdrg1,8.702094344652934
Nufip2,7.860837259315517
Mrps18a,8.953128582838238
Caly,2.487365690615277
Cgref1,3.0857865117956513
Mrpl58,9.119478900298397
Lamtor5,9.720187423878922
Tmed10,9.472346780913226
Rtn4,11.815652357318038
Cthrc1,2.2068389749550517
Mocos,4.424633096488397
Syf2,8.082655293962025
Dnajc8,8.528471421824081
Pmvk,5.409459450640573
Ppm1f,3.332224706903076
Serhl,5.053183193696433
Mrpl28,9.751557840753986
Ube2c,3.1016264497213055
Letmd1,4.07826529580385
Gdpd3,1.8421839126082837
Mtcl1,3.1809163772897926
Cfap57,2.056945406701894
Elac2,4.68854922713994
Fbxw9,2.9763823157803
Cryl1,3.6436336938771525
Myct1,3.581343665299175
Tm2d3,5.254902169575228
Fahd1,7.78127906802906
Tmem216,2.933729474990985
Abhd14a,5.994612123165169
Nadk2,7.150916395533259
Tab2,9.58036936087216
Samm50,10.639781637399098
Fndc1,6.618466822800731
Gask1b,7.399202819223665
Scgb3a1,2.208058271518858
Svop,2.1416963716489774
Trpm4,5.5385740194807696
Klk5,2.3125453712541613
Pcyt2,3.4008972676222684
Krtap4-2,2.3101287098223886
Arb2a,6.2441035361170565
Smtnl1,8.861149193055654
Fitm1,10.515335874106027
Slc44a2,9.079775409761233
Kansl1l,7.992114323497284
Hnrnpul2,8.271697958688186
Hddc3,4.016979254375205
Ppp1r27,10.225304665872388
Rere,9.223925870927035
Gtf2f2,6.535556586945472
Rabl2,3.586871029059891
Ifitm1,3.0028016601545118
Rnf166,5.148700195558036
Lce1b,1.95166191928392
Cfap68,8.863146558588694
Hrnr,2.063949581508053
Arl8a,5.1157701620218825
1110032F04Rik,2.4978336383041317
Trp53inp2,11.706860005819928
Trim37,3.0964007903971105
Dus1l,7.7487483512531155
Rbfa,6.657698964200769
Carmil1,2.5120673365886437
Ppp4r3a,6.0280543050773
Mrps18c,7.910104453379515
Tyw5,4.430471945210633
Angel1,4.21714436064577
Acss1,7.560706688936126
Krtap22-2,2.2335692796978908
Tmem219,4.863066766150824
Anln,3.3049386684929054
Zfp740,6.541667952206155
Rreb1,4.13987246753359
Mybphl,2.2746134559986495
Cgrrf1,8.561410531286215
Abhd11,9.712669802510872
Synpo2l,8.472166317295528
1110038B12Rik,6.825729580266583
Cdhr3,2.592752834607611
Washc1,4.371361443286064
Krtap4-6,2.0717869065164907
Phtf2,9.671026266184114
Ms4a6d,2.7275209401921514
Atp6v1c2,2.220230738472249
Taf11,7.092636550724841
Tmem53,2.706897839498867
Gucd1,8.316265566341153
Srpx2,3.435384906076529
Flnc,9.933171326817366
Tmem214,6.55381209972768
Pdgfrl,3.641923489339767
Rgmb,5.666361089692714
Prr32,1.9880050234842683
Elovl5,6.5401392673243945
Mypn,11.197957778800832
Dock5,2.198620587743649
Btbd10,6.125608746919497
Ppil1,4.298091303194284
Ddi2,7.516862441444386
Zfand2b,4.8624813966145775
Sync,6.1570333778785935
Ldah,4.362671166064744
Pdcl3,9.997106438762751
Mrpl52,9.118367030967352
Foxk2,6.311522159305571
Ankrd46,5.502316446151878
Lppos,7.128030437236299
Pih1d1,7.401817043349712
Rnf208,2.182594738329806
Lrrn4cl,5.745651130730592
Asb11,11.045430430865098
Dtwd2,4.80812693466212
Dipk2a,4.602742834766118
Arv1,3.633882609085101
Rnf122,3.9999830527970324
Ak8,2.2686628505887696
Tmcc2,9.165364364796124
Atp23,2.971929129415218
Maf1,9.463505859157365
Prpf6,6.704943267321242
Fam240b,2.4506684751040635
Gkn3,2.919536387332252
Ubac2,7.0379905325229934
Cd177,2.784155625116337
Rasl11a,2.611304990179883
Abhd13,4.0981069854379575
Zfp467,3.9491098052854667
Pygo2,5.90533171041685
Vars2,4.306154347646268
Cdkal1,7.256698674150779
Hint2,6.807201308718874
Clmb,2.487343963934588
Dnai1,1.9406378353597271
Rpap1,6.377186814822969
Ubap2,8.75192512566671
Ptcd2,7.902075104943097
Mospd3,3.2062420026593696
Smim11,9.06382748951761
Aspscr1,7.050517217111477
Rasl11b,3.3686083761711187
Chmp2b,8.44798045157969
Pink1,12.355376957369884
Tmco1,9.146915416478992
Chst8,2.075674823784172
Fam216a,4.866510239843376
Zfas1,7.568076184487438
Tlcd3b,6.3823040189572735
Chmp2a,9.701632818351449
Srrm4,2.0890025613542362
Paqr6,3.099727233252303
Phkg2,5.225902417016254
Ctc1,5.5170662343679355
Ngdn,8.204554550918902
Cdan1,3.0159891892392388
Eif1b,8.819341764102562
Dcaf12,6.619729783377051
Tamm41,5.759877665636348
Tatdn3,5.467260762036658
Med27,5.552000962534805
Haghl,4.8637069652827
Nol11,5.829798464502574
Wdr53,2.583915203451964
Snrpa1,7.733457622872449
Prpf31,5.741302205364941
Ssu72,9.021835363529346
Zfp580,2.4381989800823782
Mcts1,10.157858352106725
Anapc10,6.275938460450153
Cab39l,6.944744538533388
Thap7,5.163283654119822
Anapc13,10.633907423748804
Spcs1,10.922391058739569
Zfp707,2.572129167624985
Snx15,5.7060086101638205
Mitd1,3.3817435115823216
Smdt1,9.824199014876696
Lyzl4,2.0335614495388694
Nupr2,2.178386622838817
Zdhhc3,6.541914274667572
Zg16,2.8994459534993946
Tmem258,2.023324492427618
Isca1,11.054157836133683
Atp2c2,2.2005102692071805
Slc30a5,6.805002735884504
Nat8f5,2.293765767833985
Pycr2,5.091655866867668
Hapstr1,8.183955922802163
Pnlip,2.2299037946335614
Fuom,6.478283408465167
Chac1,10.127017612905371
1810010H24Rik,2.60076625903913
Tcim,7.620880943931397
Tmem273,2.53389627353642
Tmem97,2.2936577285168624
Ebna1bp2,6.527982966158334
Kdf1,2.5498633500384567
Triap1,5.790875622168514
Psmd11,10.73164309595253
Gmppa,7.519937900402957
Zc3h15,8.427179559383463
Sult1c2,2.3798732043280726
Zcchc9,6.455198802134459
1810019N24Rik,2.112845430360318
Oxa1l,4.210362396791251
Ascc1,6.116685316924335
Vps26b,5.0476549778133375
Tmem160,8.618461243150302
Trim15,2.2003112593884944
Ydjc,2.0260109578473586
Marchf5,9.587152262327608
Stoml1,4.55037140279668
Ccnq,5.785972419449908
Alkbh3,9.247803704396516
Ubr4,7.890865867560766
Adh6a,2.035876573523455
Chrdl2,2.3348976823709697
Eci3,2.18689822893824
Cnot8,6.720121624685987
Pex11g,2.9862653465790956
Cdk12,2.4842462416006783
Fam25a,4.453388764265774
Tusc1,3.933983683786202
Vstm5,2.1900100103434617
Cd209f,4.9828628925064145
Gsdmd,3.12511633999746
2200002J24Rik,2.265377523380272
Kbtbd3,5.689072592958568
Snx4,6.054383569684384
Lzic,3.877087918189783
1810030O07Rik,5.362087140153602
Comtd1,5.022473627557582
Rhebl1,3.587849065185432
Manbal,3.7154220001502085
Sec31a,7.708164002732036
Mrpl44,7.483957615485188
Cd209b,2.2427962562629133
Bola1,6.5135073602632945
Fcmr,2.0486086109066983
Cnppd1,5.538989313408603
Snx5,8.675618460558916
Stimate,3.8962458519162495
Dyrk2,6.425912078916483
C1qtnf2,4.102301819360783
Dtwd1,6.049931206111869
Tmem256,9.690137840433685
Erp27,2.5139393608306744
Mcemp1,2.4553606172396574
Dym,9.850348856110335
Pdia2,2.1508362566448493
Dhx16,6.661756439341765
Tmem121,1.7831863943436523
Ptms,5.690323472715506
Srsf11,8.81585916428561
Sat2,4.214986311569885
Igkv15-103,2.2127434467268787
Svbp,6.177278404426736
Plekha4,2.9772207418657413
Ddah1,5.772002258777242
2410006H16Rik,6.264675128443944
Igkv12-46,1.971298838047088
Naxd,7.502834414259539
Snx24,8.532418729153678
Selenot,11.080323037834694
Zfp746,4.381092610964128
Zfp688,2.7603649367611176
Gtpbp4,8.438306940874249
Pdzph1,2.0694849385180443
Polr2d,5.809018662378771
Hspb2,8.719098840315487
Zfp397,5.158901574576999
Elf2,5.9353317663524585
Kctd5,4.578922937860585
Ing2,6.683393076232558
Rfc3,3.0855689737169807
Scnm1,6.9868745371616
Gins1,3.3625453680921766
Ctdspl,3.7927554795783665
Sec62,7.781101476987224
3300002I08Rik,2.0655400060752735
Spata4,2.195244925913307
Glipr1l1,2.221538199190047
Cimap1a,2.47297862858362
Rhobtb1,5.443631567586345
Cst13,2.206770106452479
Lrrc46,3.4144588805393075
Asb9,2.467281609232358
Tescl,2.637174173057644
Dcps,4.284542385678766
Efcab9,2.72561152077852
Pxt1,1.6071299700033566
Slc16a13,2.809265839469217
Pacrg,2.6283135756636726
1700008K24Rik,2.280686132820488
Ppp1r42,2.375462405080403
Izumo3,1.8279306904137649
Cfap90,2.1044255049961484
Hmgb4,2.3702219295260663
Fam24b,2.2897438370797336
1700012B07Rik,2.1282513960260494
1700012B09Rik,2.3059922262077084
Pierce1,2.2328371975672834
Ccdc54,2.0551047418610886
1700008P02Rik,1.9651197102851043
1700008O03Rik,2.1306767611489836
Smim23,2.7464876882245934
Necab1,2.1191303575762537
Slc38a4,9.288862557411859
Lrrc51,3.188981459858441
Cypt3,2.1746097597157763
Cst12,2.0164676493617857
Spaca4,2.414201628483922
Cfap107,2.5454190057416315
Glrx2,8.656615278979487
Wdfy1,3.670306743478193
Smco2,2.503274102811579
Mocs3,3.7088600536354477
Zpbp2,1.9994288504258
C8g,2.973267200937498
1700013G24Rik,2.0396270343106586
H2bl1,2.2043192708005694
Tmem89,3.0874122115481692
H4c8,7.814838784524632
Dnajb13,2.0489592524408367
Fam236c,2.2178696088683005
H2bw2,1.939087034701328
1700019A02Rik,2.4239621468778485
Cdhr4,2.123822690788626
1700025G04Rik,8.221968192767346
Plac8l1,1.8113264373007592
Dnajc17,1.9884166204185487
1700016P04Rik,2.372563290797283
Ms4a19,1.8506619295077422
1700019M22Rik,2.400942281150062
Spmip3,2.441723373860601
1700023F02Rik,2.388219527448917
Snhg10,3.9583167838952824
Mroh4,2.0303945788450957
Dennd6b,3.0208919276651893
1700027J07Rik,2.167493691529287
Lyzl6,2.519500594649386
Prss56,1.9245241809190812
Clic3,2.6196658571877856
Commd10,4.123222484893058
Tmem45a2,2.2729577867055872
Ubl7,9.025236259955168
Tmco2,2.083875356817129
Tmem127,3.7623889203820333
Krtap3-1,2.961614766740416
1700029M03Rik,2.5801471592255267
2300009A05Rik,4.266198277353994
Cfap96,2.424479228127656
Ttc9,2.76971490127904
Actl9,2.539317238462776
Ndufaf5,7.784615307558415
Dydc1,1.9551542121340326
Tsr2,4.534024818905404
Klk12,2.5681007745812834
Rwdd2a,2.5628573274031736
Lce3f,2.259300326285438
Esam,8.088051028888772
Mrps9,8.27382375675581
1700030J22Rik,1.9840388498451496
Krtap26-1,1.9382421211740215
Avpi1,5.930097806888308
Ten1,6.243985345154695
Hemk1,4.511447614517263
Dnase1l1,10.162630014691246
Antxr1,6.749297380795071
Trnp1,2.7021430797541015
Klk10,2.473572621821621
Lyg1,2.1000560303677083
2300002M23Rik,2.752917473669768
Capns2,1.9702846256644386
Wdr5b,2.8629619230997343
Mapk1ip1,7.947638299358712
Nkpd1,1.6728275816016307
2310009B15Rik,5.395478229917873
Bst2,4.557837251043469
2310022B05Rik,6.203428738050211
Ripor3,2.5143218379861807
Klhdc2,10.013904412436814
Bod1,10.36177540936046
Cdk13,4.644154167122405
Mrln,10.08219320887679
Nmrk2,10.74963788735999
2310015K22Rik,4.7492545183500345
Mfsd3,6.223311957811457
Hilpda,3.657738092150492
Cmbl,10.107522812129629
Smco1,9.2333652306467
Fastkd3,6.965580274672219
Rhou,7.247721671135852
Plekhm2,4.651378426915435
Hjv,12.007117914278437
Gpx8,5.976319511769776
Odam,2.0780850814282315
Ap5s1,4.007320982325077
Afg3l2,7.805760590603623
Dab2ip,4.669657901865242
Otop3,2.285747434536345
Lnpk,4.951609478143632
Mtfmt,4.329652959675078
Sec24d,4.73521849708139
Lce1d,3.0008770259888755
Pitrm1,7.291334241302837
Fam89a,2.229855427816199
Arhgef12,7.305112027340968
Clybl,8.77130650488088
Dapk1,2.919079737235377
Exosc8,7.131543129600793
Fam83g,2.631512148996648
Wdr20,3.473954842602236
Mlip,9.197357628411917
Dctn2,9.076799789879889
Cd164l2,2.381099482004285
Pir,4.832681962216342
2310047D07Rik,5.567999325273008
Tmbim1,8.178315006688637
Krtap13-22,1.9341074942562486
2310061I04Rik,9.91812324992596
Ddx51,4.302285561867468
Krtap1-5,1.7058772018918666
Upk3bl,2.252857598359061
Psmg4,2.7103513845936558
Ccdc115,7.260639213144475
Tmem52,8.804324870406578
Txndc15,9.013368427377635
Mif4gd,7.173072611844494
Il36b,2.0798988602544366
Cdk3,2.3438228035520794
Emc10,6.663995664132435
Aarsd1,6.741361262968037
Hddc2,6.883953117608694
Pof1b,2.094326703820644
Tatdn1,8.05659215776659
Krtap13-21,2.00832967718324
Camsap3,2.536758468774115
Slc52a3,2.9655859080556475
2310079G19Rik,1.8908048485244855
Col22a1,5.265538918857387
Ndufaf1,9.453964568543162
Lrr1,2.240771761458869
Iqcg,2.4920194365296315
Ptrhd1,7.30402081987211
Arap1,3.3049962213303323
Tfpt,6.168757575093831
Trip13,2.4669365958084297
Ipmk,6.275946517792143
Cad,3.193022992071441
Nkiras1,9.58582552826614
Rpain,3.924988888480582
Rnaseh2a,4.464880268693411
Smyd3,3.545423932626243
Usp46,5.143351592144335
Gemin7,7.74197950801096
2410018L13Rik,1.884292235450648
Nup37,5.960134353068916
Ttl,2.93509943878396
Dph5,5.179221444818818
Tm2d2,9.320573966884435
Casz1,2.8541693171656295
Pold4,6.994140286150322
Zswim7,8.755507079343522
Aldh16a1,3.6621277522814526
2410021H03Rik,2.868011113460381
Zfp511,4.123912959001122
Fbxo7,5.6186242344734465
Leng1,4.906133126255337
Aoc1l2,2.4438505226415663
Tnfaip8l2,2.8651532886210944
Fam174c,3.5344445548790113
Bdh2,2.8754362879395945
Timm29,7.01566615876212
Ms4a6b,3.640010073301504
Smap2,5.435851757409806
1500009L16Rik,2.7093746886335714
Ceacam13,2.0433159541295365
Tprkb,6.276708501738258
Anxa13,2.105728057221072
1600023N17Rik,2.477315608051621
Med30,7.205328767813754
Med6,5.94677478315262
Cox11,9.115340790756052
Tmem147,10.767527071779492
Slc39a11,3.605683823952262
Trim32,4.276668781238121
Pou2af2,1.8469605482797817
Clec4b1,2.940003887593979
Prss32,1.8649896361623852
Krtcap3,2.3726689906997724
Mzb1,2.531848707048089
1810059H22Rik,2.062256305719884
Mterf4,5.159711290234401
Fyttd1,7.384544972514938
Glod5,2.153249454817661
Ms4a10,2.0268598356874343
Polr2f,8.895348877988
Rab43,3.557478347653459
Pla2g12b,2.18046565520072
Wnk4,2.1865246280970325
2010007E15Rik,2.255326205330128
Tcf23,2.75913909598027
Eif1ad,5.8224205035356205
2010003K11Rik,2.1337323779835766
Ttc39b,2.5966808237546926
1810065E05Rik,2.345262588403183
A1cf,2.2286476681483856
Polr3gl,9.069898669829952
Ppp1r35,2.8723491680391717
Ndufa11,11.0656361267964
Thap3,6.684023785513264
Snrpf,3.6497788046803374
Ints14,5.964611252219942
Aunip,2.611630009984528
Zfp219,4.124183604039264
Coa7,7.100601811258372
Fam241b,3.3814512950668316
Mfsd11,6.545863125628379
Rasip1,3.814725698386491
Slc25a32,3.7748555814702507
Rab3b,2.707141106913548
Nup43,3.6583718328922985
Nabp2,5.895260935816535
Polr2i,9.680606446699645
Vrk2,4.0168514350245195
Cenps,2.1024046392852678
Zfp715,6.814816145293741
Trmt10b,4.786769982017435
Scrn1,2.237187010755807
Exoc1,4.37536009464641
Rnf113a1,3.2203879168187264
2810021J22Rik,2.9144973474442515
Tunar,2.2987105934888805
2810025M15Rik,4.77675535354171
Fars2,7.742586866526357
Cdc16,8.550504798768403
Rpp25l,8.241230542975469
Mettl18,3.69894633788778
Galk2,3.365145055336599
Cdc50a,9.646460088158856
Spink2,2.7967540947631924
Spaca9,2.7381864374519114
Chn2,2.5975615672422423
1700028I16Rik,1.7522947988930326
1700028J19Rik,2.217640103001474
Ace2,2.439950424568596
Cep85,7.28549658636732
Ino80b,4.134134166635655
Nt5dc2,2.7971354845248064
Mcm10,2.2955795012521913
Acot7,8.294663615935269
Tspo2,2.5232854672087996
Dop1b,4.887501567134446
Cmtm8,2.713944744252561
Dancr,3.585278012363869
Tut1,3.0981093322853206
Gpr15lg,2.3015705034590623
Trnt1,5.046470039846797
Prpf4,5.909501923713111
Ccdc89,2.2203515771041533
2210008F06Rik,2.305981620811623
Degs2,2.16360177164863
Spata3,2.448300889419293
Sdr9c7,2.2038572176149813
Ctag2,2.198689211821471
H1f7,2.601690032139053
Nol7,6.851302094258128
Igsf23,2.3631239945665636
Lysmd2,3.0505185202803986
Metrn,6.8135114841106414
Cysltr2,1.9856756074149484
Meaf6,3.9368363860059716
Ube2q1,5.785802412278579
Sash1,8.074893865364304
Smc4,4.2771804436591365
Cyp4f16,2.505428975074098
Znhit1,9.605240986956359
Ifi35,6.491765432735249
Cimap1b,2.636179341254445
Yars2,6.741495326939021
Mllt3,9.037070814899474
Nbdy,7.466008889436629
Slc44a4,2.3356825088263515
Misp3,3.5229655706540477
Lrch3,6.619164997384288
Tmt1a,7.612261334869438
Ogfrl1,3.4636888587996117
2210409D07Rik,2.194880477932885
Vps36,7.675372096192244
Lypd8,1.826643234233207
Lipn,2.2250909800835594
Abhd17c,5.2742002632246265
Fam162a,10.465627936956649
Cd209g,2.9472069911995136
Ctsll3,2.0647390603587232
Med23,4.912935050350637
Tmem143,5.158746725533015
Kif18b,2.4957302824776946
Nars1,10.121351196059255
Ppil3,4.451093999881856
Zfp619,2.7207655240438826
Gorasp2,8.580743220704838
Cd2bp2,5.834611305338501
Poc1a,2.6529010972576796
Bhlhb9,3.825795422153501
Rnf168,3.675168727061372
Gtf3c5,4.098870051748976
Ufsp1,7.639210530651515
Psmd1,10.713838254417354
Dazap1,6.5278522993807835
Atp5mj,11.744822856605333
Chp2,3.2522665611097317
Kyat1,5.058972586358927
Ly6g6e,2.4788973494732764
Rpf1,7.596277826757727
Mkrn2os,2.064811477368784
Afap1,3.7703809090682903
Rnf126,7.843959024144245
Tbc1d13,3.9349141808507344
Gcc2,4.128723197289158
Fuz,3.276929514376248
Plscr3,4.4934073901266185
Cactin,5.319765762950398
Rabep2,3.9691101520632963
Hdac8,3.755908117502539
Arl16,3.2499848576351096
Reep6,3.7141747662288864
Iyd,1.9908704709382938
Ube3d,3.5721024075116863
Copb1,7.5872681429446756
Ppp4r1,5.7168818089818885
Secisbp2l,6.152291011322494
Gprc5c,5.264467984118583
St13,8.450194098596127
Kcnip1,2.361666266443328
Steap1,2.0494916487908443
Gtpbp3,3.326363411239227
Lman1,7.914938129829738
Fam135b,2.2172722078523717
Speer5-ps1,2.6733959500754323
Bag5,6.061189153464778
Fbln7,3.6862679857231644
Gpatch2l,2.673531541635375
Ica1l,1.8551176777087137
Derl3,2.1725383483812544
Mospd1,10.300297502454013
Tecpr1,5.504037650870905
Kctd2,5.084969800486306
Cox10,7.527241971173844
Spdl1,2.1516842713287296
Ttc9c,4.385172505528685
Asb12,9.488485562431263
Kptn,3.87645525451652
Asnsd1,9.869779938498246
Tmem70,10.67252976973281
Calml3,2.0661376290778777
Polr3f,4.177422505086569
Stk26,3.0755408138299782
Megf10,3.12264626585657
2810408A11Rik,2.5583030867198766
Arpin,3.197169438448545
Ints2,4.313062940166382
Tspan15,3.5380571203573137
Csnk1g3,6.455761077498406
Tekt5,2.1978357824993764
Mier2,4.656519917978191
Polr3b,3.6713723507775584
Tbce,7.451573967349393
Rufy2,2.784110285095292
Draxin,1.8664431825992205
Inf2,3.953223670386322
Taf15,2.4755692860087963
Cd248,3.990745505724704
Unc13d,2.5176276344604958
Dhrs13,2.8140427076602066
Cenpl,2.464468392557085
Mpc2,12.364594497205074
Crtc3,3.793984131092529
Wdr77,5.716410347124103
Ckap2l,2.8230217785743625
Rprd1b,6.794084889253409
Atad2,2.6967433364598072
Pnma1,1.9647023120641418
Slc35d2,2.262537746452765
5730403I07Rik,1.8997710455684977
Atp6ap2,8.205888155388953
Arhgap17,7.376564133362499
Ddo,7.188378314992693
Bbx,2.6793232972229055
5730405N03Rik,1.945492174845245
Rnf167,8.956301012910316
Eef2kmt,2.5646389513349868
Stambp,4.225255160024553
Lrfn2,1.9973781385080709
Btf3l4,3.744361674977295
Qpct,2.9959321459938284
Tmem242,9.000194256276815
Zdhhc2,2.364506449039284
Tln2,4.934695714914693
5730416F02Rik,2.568828136101963
Tmtc4,3.028917479855543
Lrrc56,2.441172773133912
Slc25a33,8.185505669758847
Wars2,3.1347797536041497
Txndc16,6.041216855062813
Prxl2a,9.039502132931858
Fra10ac1,7.466387897724395
Cpne3,5.152161519588991
Tcerg1l,2.181726052162417
Ipo5,9.611873805358668
Tbccd1,3.6173433448887096
Cpm,3.3121232664886353
Gfod2,4.248506931091517
Zc3h11a,6.5548333988493015
Pak4,3.6738599174700113
5730455P16Rik,7.506882877393861
Filip1,3.258539497086092
Ecd,7.371131550203821
5730488B01Rik,2.1099589205259024
Mutyh,2.6382120947985555
Dnajb14,4.676465931709383
Zdhhc24,2.5131773280557814
Fbxo33,5.054616859979709
Tmem230,9.541200726026304
Ankrd24,4.8332170667991345
Sugp1,7.608412892802359
Ube2v2,5.584170895562821
Med26,3.2050423221683446
5730522E02Rik,1.9774600231813382
Entrep2,2.6295545367634934
Dcp2,2.3466523394757
Oip5,2.635489167458349
Naa30,7.73344556331205
Zcchc8,6.484726427087192
Tmem144,2.2592519492347365
Prdm16,2.7947794602414446
Vcpip1,5.404468696671273
Gulp1,3.211195229300524
3021401N23Rik,2.7235920762482024
Abraxas1,3.848699991821023
Utp20,5.384091215430462
Dusp16,7.867740064982972
Adgra3,7.147024548707858
Magea9,2.4030030605785266
Nup205,2.8640395197196415
Nipal1,2.309935505639377
6330405D24Rik,2.361600327450559
Medag,4.680800662113017
Arhgap45,2.5481210610129605
6330411D24Rik,2.177817889619439
Angptl6,4.111630756932254
Rasgef1a,1.9263684513333619
Nos1ap,2.274916945192185
Cgn,2.2789506315763535
Tspan2,4.6109065098870605
Hacd2,3.2689971633624517
Dclk2,2.8553516236217305
Prpf3,4.559390825436041
Nolc1,5.52758973419306
Gpr173,1.946370840607589
Ggnbp1,4.462180869908128
Prdm5,3.139361242208943
Rasl12,4.60740838301453
Dennd1c,2.3456196766162125
Klhl30,9.905907499521712
Kynu,2.1207077918409376
Ubr5,9.035293795135933
Hars2,4.205765391161939
Zdhhc1,2.5008118105557657
Ankib1,3.866382553400788
Pwwp2a,4.504885741121463
Pgrmc2,6.77353699760867
Arrdc2,5.990440658423291
Clec2g,2.0351372430314836
Krt25,2.7832106403873915
Spmip4,3.0549697917038614
Hmgxb4,3.755389700563794
Trak2,4.748048852495612
Ccdc93,2.3780952091072365
Krtap31-1,1.8858693730043388
Spag9,11.235533101932786
Prss22,2.8780110018930523
P2ry12,2.042449965023483
Slc22a16,2.85125849853256
4921508M14Rik,1.7119519687398081
Ttc6,2.204579449923767
Vwa3b,3.0049227108592382
Lrrc63,2.1685550746699005
Akr1cl,2.1142093987224944
Spata16,2.769674388244028
Fam47c,2.254293182403069
Slco6d1,2.1725118236134704
Nt5c1b,2.139939801422598
Armc3,2.173665398663285
Ccdc81,2.503959549635787
Ints10,6.828350885254584
Dmrtc1a,2.420134144445818
Spdya,2.364945727848394
Ttll7,4.716264162772919
Glb1l3,2.284630205229495
Efcab3,2.111859020570448
Garin2,2.3472009385806043
4921517D22Rik,2.258418782313362
4921524L21Rik,2.034298459556154
Lpcat2b,1.9561266394688692
4921504E06Rik,2.352996575808
Phyhipl,2.784683006368781
Nsun7,2.0419113645278135
Tex47,1.899514536051388
Cdkn2aip,3.161524292361326
Trim69,2.2332113778329745
Nol8,5.427223506628674
Speer4f1,2.639653806354264
4931400O07Rik,2.726148322560872
4921539E11Rik,2.2975674546228686
Mmrn1,2.125980394956933
Wdr20rt,2.1269864791549433
Spata1,3.194765323825324
Ankrd69,2.386693398276576
Tex19.2,2.18947682116951
Eva1c,2.2257929534755996
4931429P17Rik,1.6241610985987691
Pgm2l1,8.04263897624694
Tektl1,1.820434128376401
Cabs1,2.4616679163718236
Fancd2os,2.6829924435303223
Ubqln5,1.9298629226614994
Ankrd68,2.5206457144518186
4931406C07Rik,5.233428305694327
Alyreffm1,2.1593034756639327
Jhy,2.449544711444893
Prss54,2.0324531482827664
Spef1,2.0439601780122274
Phf6,3.1756266078113256
Naa40,6.714597393058329
Mgat4e,2.2307766023822175
Prss41,2.164640012602289
D7Ertd443e,2.473001957010292
4933401B06Rik,2.589615244190881
Spats1,2.2447998734265187
Speer3,2.8848224814135808
Cdc50c,2.090641949730807
Prss55,3.540207943377704
4933406B17Rik,2.2884461080512826
Pcgf6,4.343765787182369
4933405L10Rik,2.248420079548451
Hexim2,2.734600441568498
Tekt3,2.775231329239753
Zfp597,3.6466330077279707
Hsfy2,1.9690376422385565
Stox2,4.959593874701919
Arhgap19,2.041537623482539
4933412E24Rik,2.8257244099353453
Septin12,2.316199365248288
4933411G06Rik,2.2565296897282714
Cdkl1,2.2069864844674068
Atoh8,2.4269188064889313
Sntg1,1.9474248067013713
Tssk4,2.47481069069976
Uvssa,2.776608913436404
Glt6d1,1.8373508465430437
4933413J09Rik,2.271953458532517
Stx18,4.368406159665412
4933407I18Rik,1.9050615954015238
Sh2d6,2.249754680818524
Zfp689,2.8127103948356815
Cabyr,2.1562252670889364
Rfx4,2.2159683146905924
Tmem217,2.1113073241912055
4933407L21Rik,1.8509330481425812
Scara5,7.885318845827313
Golga7b,2.917951727306916
Oxsm,3.462215901326587
Mier1,5.78575952865319
Eri2,2.445795485101931
Lrrc72,1.8430624227810462
4933421I07Rik,2.36415179787117
Zfp626,2.2198305274189734
Zdhhc11,2.503982241421984
4933424G06Rik,2.4580659187400027
4933416M06Rik,2.0771341875503615
Nipbl,7.885827251382189
Fbxo24,2.3259087538512953
Ints13,5.321037596102975
4933417G07Rik,2.7620735865734254
Clec12b,2.6126966228612685
Otud1,7.055729605804821
Dydc2,2.3510122583226027
Katnal2,2.782010256080602
Nudt4,10.564519308924018
Cage1,2.4172836171684486
Daw1,1.8813126400032785
Dlg5,3.027037017584535
Enkur,2.309438982632822
Sdhaf3,8.937085937376454
Osbpl7,2.82288086117286
Dmrtc2,2.1844282868106926
Spata24,3.140632420442568
4933428M09Rik,2.327141908187427
Naif1,2.2108448842161477
Mro,2.5056039930985765
Lrrfip2,8.918145839152462
Noxred1,2.098463544950502
Ccdc57,3.590110561365839
Slc29a3,2.4548715311129006
Apobec4,2.6420664384837997
Cpvl,2.501757227449169
4933431K14Rik,3.0027906555831216
Rnf148,1.8668979032207176
Arhgap26,3.456017724639198
Mfap3l,2.4783040078241836
Tbc1d9,2.4923941687757
Fsip1,2.08006040390266
Rassf8,2.826060109197694
Tchhl1,2.483261099142083
Treml1,2.482370174345881
Rcbtb1,6.543072524566001
5430411C19Rik,2.138168448395869
Rbks,2.46728284388431
Riok1,3.3184129746790823
Ano9,2.2637892278573046
5430427M07Rik,2.1510353833565716
Wdr31,2.107696198864694
Col24a1,3.2272614256596026
Aifm2,4.446053856734026
Krtap7-1,1.8295601439699698
Chst9,2.246206635825555
Krtap16-3,1.9403120132748797
Arid5b,2.7795867520015007
Prr16,2.1162450723825645
Foxn3,6.620403603243613
Pex1,4.546187124008488
Krtap28-13,1.8712817623048423
5530401A14Rik,2.18612499891613
Chd6,3.6076579394724426
Kctd6,6.616697824983933
Cdcp3,2.079289598155711
Tasl,2.191161974461727
Spaar,3.00215424123478
Fmnl2,6.866561236080462
Dhrs2,2.2737475266502187
Amtn,2.320860003749409
Arhgap21,7.455680178745804
Flrt3,2.5169185146112008
5530601H04Rik,2.91598013942604
Get1,5.178959320645904
Tmem80,6.70197257776005
Mettl13,3.336860697860119
Ankrd40,9.670971662704423
Krtap2-4,1.985520165390852
Bcor,4.6607602219495226
Ptk7,2.1909600033514764
Usp19,7.457084625460912
Ppp6r2,2.685871356920758
Alpk1,2.2779999881882804
Bbs7,4.281141635459779
Zfp935,3.5259178545057814
Sfpq,8.806216421190017
Vps35l,5.682854173808988
Cyp2u1,2.6663418819797733
Grap,3.7054244438081674
Pds5a,5.9744613833155364
Ggt6,2.5929328024074514
Kazn,2.874232734653997
Fbxo9,7.705857620379405
Arhgap42,3.915312600545968
Afmid,2.854335197972518
Clmp,4.514569025622367
Mcm9,2.4279207015742137
Tmem238l,1.820369965420622
Sval1,2.2951017661722415
9130008F23Rik,2.3005625285697655
Gdpd2,2.578227413002846
Ifih1,4.778423164950033
Isx,2.0591876246326106
Senp8,4.304643389165011
Ceacam20,1.9644816958379956
Myo1e,3.2094176128001712
Snx20,1.6337991405616694
Tradd,3.375848386146251
Arl14,2.439293263102178
Krtap5-2,1.6897909547356107
Zfp949,3.8963757942686676
Zgrf1,2.7002136216790493
Optn,8.668697544580127
4930456L15Rik,2.11102128285571
Shtn1,2.9079809221318986
Rarres2,7.5385406915020985
Tmt1b,2.5309170147087925
Fuca1,5.70494554965602
Tmem248,7.993236884577567
Acy3,2.7252442325320647
Rnf215,3.33370159853477
Sanbr,5.649698432232281
Wdr27,2.4020119723078404
Gypc,7.03960043267706
Rbm43,3.2831980105953265
Galnt14,2.5063750640347635
Tmem25,3.8510718086067306
Esm1,2.7609573544857677
Pnma8a,3.470926914692123
Colec11,2.893999938118878
Slc41a3,9.599936561452507
Pnpt1,5.748828513317413
Cdc5l,8.095394026242046
Armcx3,7.346615923044272
Arhgef3,5.618328537389966
Slc46a3,3.9738137113506675
Ubiad1,5.469547984710449
Syde1,3.8774139455672203
Lrrcc1,4.247884015621802
Mus81,5.452671990237476
Dram1,4.0057154223432505
Cdc40,5.695126894707163
Dhx35,5.844512316673847
Telo2,4.405655178650821
Osbpl3,2.019751057158819
Fam13c,4.668734937957926
Cic,4.8387504986402865
Dhx34,4.4219989495599465
Aox3,2.109261606515114
Smug1,4.57285598675997
Stk11ip,4.148774165666878
Rgs12,2.3032584738772592
Vps11,5.698148948186737
Susd2,2.534950303060405
Lrwd1,5.585932708730745
Mamdc2,3.5878276084111005
Nectin4,2.108454238668681
Ulk3,2.7349755607607307
Coasy,4.61232946164797
Cul2,7.278875621099586
Rgl3,2.253309684190004
R3hdm2,9.50683220708827
Gtf3c2,6.16557698214336
Tmprss6,3.2508254825423606
Dhdh,6.7686134723991005
Etnppl,2.2884298068640994
Amdhd1,2.2935950319421443
C2cd2l,3.1605481070072776
Klhdc3,8.988233210653886
Raver1,2.9668521382990556
Tysnd1,4.66824792422179
Vwce,1.6754879299840182
Bbs10,2.5148092463305916
Ap2b1,4.728470360592074
Plbd2,3.6311939734523944
Ugt2b1,1.838123959505974
Shroom1,2.104380508975865
Inhca,2.3449294741724334
Tha1,3.75083451921903
Ing3,3.269794804491978
Klhl5,2.272417254707042
Marchf8,7.975306475147964
Isyna1,2.8091720332448475
Slc16a14,2.2143197899023455
Ankle2,7.039384666153777
Pdgfd,3.0671062737672217
Trnau1ap,5.968599152132197
Anxa9,2.150241028842754
Ints12,5.915851168777013
Pitpnc1,7.591732799509722
Chst13,1.8001205988223197
Ptcd1,3.6778694643922756
Plekhf2,4.489784978028108
Slc25a18,2.1830079827444933
Mtfr2,2.30599423730373
Nup93,6.070241067965625
Tars2,6.254197640778784
Ranbp3,5.892223502476867
Tmem50a,8.080323845337515
Kif23,2.788773980065957
Dync2i2,2.724156935003854
1700006A11Rik,1.5833777854840774
Lrrc34,2.0156490794349735
Gtf2a1l,2.0789772732473373
Ddi1,1.9425128936295584
Pdilt,2.5342590387876434
Iqcm,2.596996877703179
Csl,2.9284151226011783
Dcaf7,7.41129773456153
Zbtb43,3.9898209891493117
Lancl2,3.517015164703503
Shcbp1l,2.5653474365703897
1700003E16Rik,2.5806936117082295
Phf7,4.513943618464915
Osgin1,6.759640585312197
Tekt4,2.445041832294776
Tcp11x2,2.172961575852718
R3hcc1,5.88968495748533
Nup58,4.590664061454524
Syce2,2.7880072858197296
Pdia6,7.26488772762242
Dpep3,2.517176319311191
Wfdc3,2.2285743318942117
Cfap52,2.3812337616172616
Zswim2,2.420706290561661
Gpr160,2.2616095305402966
Tex44,2.4915142827917607
Fbxo30,6.185462741787966
Spmap2l,2.2851865222632046
Serpinb12,2.1180662964428705
Cfap45,2.5570295350017918
Aox4,2.011576428750408
Mab21l4,2.0838363294816222
Cenpu,1.9516449250047048
Efhc1,2.336005058255606
Fam83d,4.404136900851797
Apmap,7.628636764205752
Coq2,9.906315839206236
Chit1,2.8707406529430806
Faap100,3.854815565242687
2310002L09Rik,9.259815439029447
Ppm1j,7.999427905645255
Krt33a,2.0409727102688793
Epn3,1.8055785129151947
Mad2l2,4.7077555996577285
Cdadc1,7.213214055643661
Noxo1,2.1859224895481812
Lypd6b,2.1276332886508285
Tmem106b,5.08122818559293
Fam219a,2.484197285266244
Cand1,3.044344585601402
Paqr7,3.288812093274205
Serpina9,2.1442548807851787
Cldn23,1.9896056974529877
Haus5,3.2820274353182755
Plpp5,4.913814875938147
Bdh1,7.642982932106789
Jsrp1,10.083189708921022
Tmem79,2.8280897406860013
Antxr2,7.724205219029597
Dus4l,2.8853069733556063
Zcchc24,8.16526444282661
Rpap3,5.844635861665971
Epgn,1.9915594639409295
Borcs6,5.465690924762986
Tube1,2.8901870041853477
Itfg1,8.197187761993373
Tmem123,8.330740722765283
Ephx3,2.8912536787731735
Car13,2.2748360199264224
Cars2,4.444236755190455
Tom1l1,4.1753408748336645
Endod1,2.87425314491365
Tmem94,5.098241853048321
Cers5,4.794064964237747
Nanog,2.0123180553240476
Gpc2,2.8488240369623603
Riox1,4.307230008095167
Suds3,8.22498686964102
Ist1,7.738707649305013
Rnf135,3.6171449755889724
Ints11,6.271613417155694
Myh14,6.365385366810844
Castor1,3.8321070311320558
Cdca4,4.0925337889391615
Nkiras2,6.044769437830543
Wdr73,3.4377042971580978
Zbed5,2.387423409626578
Zswim1,5.165237129607097
Dnmbp,2.481312646741955
Rbpms2,3.012207430763031
Prmt3,6.211234839647812
Ppp2r2a,7.304034904339982
Prr23a3,2.239357051354505
Tdrd12,2.278779755331415
Snx10,6.371502598315619
Tmco6,3.51533106221518
Sars2,5.551333905636888
Acad10,2.640487824381548
Ddx28,6.15285541951232
Esco2,2.4716319677684773
Rpusd4,5.388239744118678
Ddx54,7.268389209030143
Ercc8,2.938297840591017
Cnn3,8.477017225566057
Fthl17a,2.18044395964485
Smg9,3.5394344480842705
Slc25a35,4.278681069286951
Fbxo22,7.543254398707873
Lmntd2,2.406996910445964
Slc39a5,2.1124055372250647
Synpr,2.2631568274081553
Fndc3b,6.860904158986433
Zfyve19,6.667186314578712
Btbd17,2.4004597072278036
Tedc2,2.7217076686570567
Cyb5r1,9.896285448220587
Fundc1,7.498577984656364
Zfp654,6.692064803108103
Slc35f2,2.4842320556883304
Cyb561d1,2.6093461219563707
Trmu,4.267099231686963
Slc39a4,1.9814910599219644
Cnpy3,3.8834637528661275
1600025M17Rik,2.040527716957034
Tsc22d2,7.344438651437623
Mccc1,8.650080926198752
Cdhr5,2.3228143806732855
Alkbh4,3.6071149404352614
Cotl1,4.981304667976482
Sulf2,4.42864248605142
Mfsd4b2,2.1800334998186623
Urgcp,6.602359857469458
Ddx42,7.5115851113215255
Tnfrsf13c,2.6723396584466474
Poglut2,3.419110321511853
Tmub2,6.460112781713769
Cyp4f18,3.1744273504613516
Slc38a10,7.300427617277865
1810055G02Rik,4.519844131350102
Phf10,8.831285481789601
Igsf5,1.9959692393881048
Aopep,4.223838978938291
Rap2c,7.7913180524749714
Cnot2,8.00972057868352
Anks4b,2.312400223455836
Ogfr,5.234607720830645
Mospd4,2.4459581850941077
Gcnt3,2.315484392252646
Sapcd2,2.361514652154149
Cyp2c55,1.7722318196407247
Mzt2,7.698474878370135
Pigx,6.5669373359513585
Osgepl1,9.00111148072783
Ush1c,2.845759899389318
Entpd8,2.075573281000907
Ugt2a3,1.9220975810338647
Eef1akmt2,4.154678352394904
Cracdl,2.4646266436686646
Tmem68,4.368993831811153
Dusp11,5.479156400989431
Aplf,2.772603990482787
Jmjd8,4.8374773446221715
Dscc1,2.429399641477936
Ppp1r14d,1.909649186489906
Adck1,4.202378404124395
Zbed3,3.5121638017710812
Naa50,10.35720893528854
Tpx2,3.9359845529989834
Dennd2d,2.4659322221616304
Ccdc71l,4.507198443342492
Seh1l,4.896872910986862
Amer2,2.0570556633057673
2610008E11Rik,5.623251140131487
Pex13,5.179133744080274
Trub1,3.453257510279114
Pygo1,4.2048304598257005
Chst14,4.139482045524993
Wdsub1,6.262117169466623
Cep89,3.5549960943621315
Adpgk,4.683528345802103
Slc37a3,4.183891710677758
Wdfy3,2.4943186715931445
Zbtb46,3.5352444528599336
Strada,3.7705754944922663
Rfc5,2.2551289572709794
Zfp157,2.7482174016570364
Cenpn,2.2362301526319968
Pgm1,12.474182512120073
Tmem163,2.413333930194774
Dhx36,7.416601944339643
Thumpd2,2.835299989020563
Aifm3,2.581349482917114
Trim29,2.005837090658988
Chchd4,7.899060365389677
Shq1,2.976623120366438
Mfsd8,7.5023231538431245
Fbxl2,2.0773357296103354
Zfp661,3.151652097617346
Nsun4,7.534634518264781
Snx6,7.0974115359932695
Klhl35,2.201770599131925
Dbndd1,2.0005436657567635
2510009E07Rik,8.95663484346391
Scaf11,5.768537533042415
Fbxl20,4.249801721082686
Supt7l,4.634015810417433
Mtrex,8.76452079409484
Mms19,3.7365509790607114
Otud6b,10.940570538618529
Eml2,3.4527479718069145
Spmap1,2.112819473406123
Cimip1,2.1870822365083864
Zfp558,2.126405655513522
Tsnaxip1,2.5296927655404935
Tbc1d5,5.43129410739224
Psg21,1.6969626694892828
1600014C10Rik,6.008728895826773
1700014B07Rik,2.107176246595926
1700022A21Rik,2.9449844704276757
1700030K09Rik,4.9378471841073726
Kcnk10,2.3220279065429645
Tram1,8.058872990185991
Lrrc8e,2.247959772681006
1700027F06Rik,2.4884165317097726
Cda,2.317686971651151
Fam186a,2.1076921070835772
Ccpg1,9.097629950697245
Sh2d4a,3.540394087592336
1810062G17Rik,2.567670515480701
LTO1,4.135491404782811
Plekhf1,7.167235361730872
Lsm11,2.8607395847762724
Nkd2,2.571075304414475
Rusc1,5.2558192165124575
B3gnt3,2.559170900837059
Shisal1,2.252698904902281
Zfp777,7.305314905430749
2510002D24Rik,6.605993289487425
Brf1,3.753986720049609
Tmem158,2.2662977717803687
Nkg7,1.9776395533723212
Fryl,4.302000099557616
Cyth4,2.9421305785500285
Kifbp,9.046422946707127
Xpo5,4.431374190082583
Asb6,3.281035874266969
Plxdc1,3.409354559295672
Vps9d1,4.401088595409047
Klhl40,9.514472188036674
Palld,8.661784182491639
Wdr89,2.592545937634896
Elp6,2.891303942214016
Usp36,3.3919711634580296
Amer1,4.3156060376091725
Dusp3,4.406278909906107
Zc2hc1c,2.4459149935782873
Ptar1,2.7785607370225
Ttc4,7.724338274311207
Cdpf1,6.376612597519745
2210016L21Rik,6.390648844035553
Ces2g,2.744920392175924
Borcs8,6.487127362587256
2210408I21Rik,2.2272458097079357
Psca,2.4711898830512027
2210409E12Rik,2.577170216620941
Cnfn,2.3188337684614004
2610035D17Rik,3.759728773120694
Ripk4,2.3590875986551603
Cdkn3,2.1677150552996465
Tmem175,3.954377218288871
Faim2,2.0768155059587543
Rbm12b1,3.4619714972729674
Brap,5.182648645945423
Pinx1,3.545563176568073
Slc43a1,6.131774577989383
Wdr44,3.9141678914671267
Kcnmb2,2.0460883693318483
Sgo1,2.180039834455405
Lrpprc,8.34658883243253
Ift70b,5.120390828286847
Katnbl1,3.722266367568576
Ceacam18,2.5790829609193473
Spink5,2.0730284070735787
Rab38,2.46862695460227
Lypd3,2.025239088850908
Rhno1,4.518975194840039
Prr5l,2.6746780160023165
Ccdc71,5.440017479609996
Htatsf1,10.052037377665592
Prcp,4.18532100070549
Rrp1b,3.193436927132263
Plcd3,4.074761599689832
Slc16a10,5.180449836214368
Ssbp3,5.506794091740919
Tmem87b,5.408585090485379
Hsdl2,8.840982960508248
Tspyl4,3.752867329260308
Acbd6,6.18135284939093
Obi1,2.717455926201089
2610206C17Rik,2.425307586689072
Ier5l,3.4106342176944273
Cwf19l1,3.853711020322296
Bltp2,5.085080940259829
Taf4b,3.4327371358632646
Dzip1l,2.8290327629700323
Rps6kb1,3.5995103559725954
Sting1,3.0902340044402057
Fgfbp3,3.5023464345070363
Wdr43,7.6538520745788405
Pip4p2,8.39813358574228
Atxn7l2,3.9485720654246244
Aldh1b1,2.3173824534695
Pgam5,8.19762057133979
Mvb12b,5.757629991143429
Exosc6,4.024697895251154
Reep4,2.6150283624623594
Hsdl1,6.888914480814347
Utp14a,5.46944447451881
Shisa9,2.4019548150518784
Zfp566,3.725616709768745
Naalad2,4.421721021069887
Pcbd2,7.2175914521740365
Uaca,10.036889406194376
Bclaf1,7.54682480934024
Lin9,2.7691181966167076
Bbs5,4.226012981310789
Zup1,5.3010313103369
Cul4b,4.19578086583348
Lypd1,2.216719060684262
Pan3,3.8240468318922307
2700012I20Rik,2.270373185332972
Ppme1,7.021922143972538
Pdia5,4.315975696780029
Car10,2.2111668704963314
Usp13,8.68989452423632
Zfp655,5.360611086266051
Hpf1,6.686416723135359
Pih1d2,2.3458472646882615
Anks3,3.0246574896783103
Pdzd11,5.377380165735432
Hspa12b,3.784575484909267
Tdrkh,2.801423204001002
Lins1,3.320820448183723
Mex3a,2.8584182039531423
Tmem209,4.9221093488584025
Mtrfr,1.9161194309413723
Ccdc12,4.758036282555989
Snhg5,7.561674492506389
Ints8,4.5945435571648705
Selenoh,6.554607869179399
Mettl28,7.608265693377426
Serp2,2.7692473573586245
Dis3,5.671283377226605
2810039B14Rik,2.119665409678787
Zfp444,2.5746154414451268
2810032G03Rik,2.6236389317370747
Zfp518a,5.500499279343678
Adipor1,10.875058100580738
2810049E08Rik,2.2650836705571393
Dnajc6,2.2175821634592734
Fam110d,2.733156245604302
Calhm2,2.6216522933629274
Hnrnpll,8.022256399072397
Zcchc12,2.760841729465829
Lime1,3.3086220177989385
Zfp618,2.045541331090233
C1qtnf6,2.4582374989275704
Angptl1,4.651416642475735
Zfp248,2.460800686121447
Fam98a,9.514793386502797
Zfp74,5.260429189821863
Tbcc,2.941860859383462
B3gat3,5.69608787277664
Cdc42se2,7.212672875333001
Eldr,2.9571840143561388
Tmx1,8.117813589557612
Zkscan3,4.84436318068366
Tmem161b,5.616568468581942
Ttc39c,3.4751572714132166
Hdhd3,2.4652582907289244
Tonsl,2.2651058036117604
Fam117b,4.684913298566898
Arhgef10l,5.963730423455668
Tmem135,4.4407903406935665
Rint1,3.109355711614306
Fance,4.38301380915181
Sass6,2.9598474062225777
Dnajc22,2.1999415641817195
Rspo3,2.8414049327573294
2810474C18Rik,2.1587381148238696
Ndc1,3.5710109742153775
Veph1,1.9063810239392402
2810459M11Rik,1.8957325566312602
Ttc19,5.909921589547646
Zfp429,2.6587540183241565
Scn2b,2.9305597094118823
Pard3b,2.6027881113697884
Mon1a,4.767761556439852
Fam76b,6.612113711362618
Ubash3b,2.328070420506444
Dhx30,7.774458947776431
Crtac1,2.346314976225497
Prdm4,6.158806193967668
Kctd17,4.241163562604581
Mblac2,3.2967010816804305
Rtl8c,3.5268995586997627
Bbof1,2.9507122120428453
Zdhhc4,7.422829158417767
Yju2,4.897412799486632
Setd5,3.0613448788983653
Asphd2,2.1527595334404306
Macrod2,4.281378049996737
Ndufv2,12.381498866180968
Spock3,2.4913331678543003
Marchf1,2.369968848582556
Hepacam,2.321056577109391
Ppp2r2b,2.3691351118421444
Swi5,9.20839174092505
Ddx41,4.223474326573117
Ift25,5.177276035778482
Lrrc47,7.682213817031574
Phykpl,8.015329773243108
Tppp,6.286733266496181
Ccnt2,4.50682283557934
Top1mt,5.444477332033602
Slc17a7,2.4326033478295193
Tymp,4.641467866986971
Ccser2,7.694516416587951
Cnih3,2.0114126846011744
Thap12,10.276829127533839
Appl1,5.503421825378577
Kantr,3.231828251708231
Insig2,8.818729375947823
Gpr22,2.0479869881902064
2900073C17Rik,2.668432909678332
Emc7,9.405648961500384
Ttc9b,2.2339929668195535
Glrx5,10.662037770181689
Camk2n2,2.2692175748268526
Ppp1r16a,4.378379009890868
Tmem192,7.284551865982024
Pofut4,3.134685092912933
Prr36,2.017047661070594
Ppil6,2.2290162161976266
Pmpcb,9.83579309163808
Rps6ka5,3.9800327247070046
2900092C05Rik,2.273361328465303
Sgip1,2.4407658698025245
Slc25a42,5.449922093029984
Slc22a23,5.03075264707065
3110009E18Rik,4.242522035667559
Abracl,4.891288383880052
Rflna,2.436521045091819
Tgfbrap1,5.876431858061629
Golim4,6.733147857296536
Tmed5,8.333508141813901
Slc25a16,8.69025347029218
Prrc1,5.952966810867043
Cenpv,4.652011003382502
Clec4a3,2.9935835079104187
Larp1,8.549697857240398
Otud3,4.47224454479402
Tm7sf2,4.080922450362638
Arhgap8,2.4518574998925122
Exo5,2.42472902451981
Pcdh18,3.067989859020859
Tbkbp1,2.7683732879358787
Wasl,6.718109886009725
Nfatc4,2.727065788664549
Pear1,3.69171054028476
Fezf1,2.310792335118651
Xpot,7.384081566321961
C9orf72,7.312998190065641
Chlsn,3.7468106020774434
B9d1os,2.114612943220159
Sppl2b,4.679222657029489
Fam118a,3.8613936240434668
Bmper,4.622860334906006
Zfp942,6.016040452635146
Snorc,2.8936906174423043
3110054G05Rik,2.1658516460758968
Atat1,3.2523125207978545
Prl8a1,1.9598698435914574
Rassf6,1.9792547267264922
Setd7,9.02552114479255
Ccdc18,1.971053925120656
1700026J12Rik,3.0040088442298405
Cib4,1.9596759345287031
1700037C18Rik,3.6229873957110996
Speer6-ps1,2.4562923916750066
Gpbp1,9.322562682823888
Ddit4l,11.338624087227748
Cabcoco1,2.103450187366902
Vps50,6.935946941338334
Ccdc103,2.554192334444071
Rhobtb3,4.338507933358383
Fundc2b,1.7166255178144667
1700031F05Rik,2.346472548127718
Ttc29,2.2373638294240235
Spanxn4,2.77858402073591
Lrrc69,2.5730384413083467
Calr3,3.8514121184393715
Ube2d2b,2.2533045542930727
Clhc1,2.4024651990169548
Pradc1,6.329339090546692
Ccdc30,2.1817271055974112
Slc25a31,2.0820359471107928
Prss44,2.5740597513484147
Itpripl1,1.97938597824813
Arhgef6,8.022975552111772
1700034J05Rik,2.4848428799010187
Actrt2,2.2883183918016727
Actrt1,2.0531941774155205
1700056E22Rik,2.780996390926362
Col20a1,2.7094373019536384
Phospho2,7.510127112507948
Cimip4,2.697016708670809
Dcbld2,2.6032191222843992
Cmtm2a,2.3268015010570626
Prss52,2.3107302893062003
Bpifa3,2.1776211058947856
Hbp1,7.811773279369359
Msl3l2,2.3710427216203613
Nipsnap3a,2.53614756370555
Spmip8,2.4381030353126962
1700065D16Rik,2.139011634759462
Armt1,6.319447365798628
Ccsap,2.3303354576032667
Prox2,2.381153552639315
Zfp974,2.6689514549574667
1700052K11Rik,3.454040978311564
Tex35,2.6959035198394226
Hspa12a,3.2031527498305117
Wdr13,3.9192235345187343
Smim33,2.1223096920102953
Zfp763,3.9584928151569776
1700067K01Rik,2.3246960239917462
Izumo1,2.068607476034557
C2cd6,2.5793775538570283
Ms4a13,2.8868265822430836
1700066M21Rik,3.4856467953681345
Rnf38,3.471431927727963
Kif2b,2.3783895582505856
Spata18,1.9531726640466658
Iws1,4.5725944228943005
Prss59,2.082997565331433
Samt3,1.9766942042894635
Mbd3l1,2.314776391467792
1700086O06Rik,2.431833401346641
Pebp4,2.569475702966171
Nudt16l2,2.255575995505652
1700080G18Rik,3.7406411545220504
Tssk5,2.398370618701481
Cfap141,3.4114453572542103
Dusp21,1.8353772898126077
Vgll3,4.50521137307536
Camkmt,2.212732573415592
1700001O22Rik,4.557083082919314
Trp53tg5,2.863689064610604
Marveld3,1.7910921814721863
Rhox13,2.3112097502795916
Chct1,2.6450216421526376
Ptges3l,9.748449649141412
2210039B01Rik,2.11460739746279
Capn9,1.8074082856537617
Cybrd1,2.63143969754837
Ms4a6c,3.571663485413886
Spns1,4.940511539867797
Cabp4,2.0647528166082245
Thoc3,5.281952411742532
Ttc21b,3.8950094058982185
Sult6b1,3.2445838192732324
Rec114,2.7709795422102474
Wdr75,7.178608636398072
Psma8,2.116581141661555
Tex19.1,2.0232526173705563
Zbtb8a,2.6701891434819025
Trmt11,4.834719326893498
Atg16l2,2.467172281871219
Glipr1,3.011242358211005
Cplane1,2.4853121506306013
Dppa4,2.2690836734845132
Ndufaf7,6.186011671349739
Ppp2r1b,4.36275116952703
Dppa2,1.8133542840252668
Gucy2g,2.565371865715344
Dppa3,2.2714257909871374
Mvb12a,7.130075203599535
Dmkn,2.2791115883656623
Lce1c,2.2156337563462443
Cst6,8.452419683080057
Spmip6,2.2244652319320424
Lce1a2,2.2133805789045335
Sh3bgrl3,6.42838871170571
Mcee,9.330344578825938
Psd,1.8631434382808525
Lce1l,2.460380199064599
Muc16,1.7950069234080068
Bbln,7.315707234454945
Haus7,4.3863323613184715
Cby1,6.5301265134530375
Man2c1,5.350905698094411
Gadl1,2.961622844572007
Whrn,1.6224135892137184
Thap1,4.823159616239262
Prr27,1.96115937342923
Kif2c,2.448380169741506
Tex36,2.3975352620076964
Satl1,2.1816251900299553
Mfsd12,3.2965065588170064
Gm17014,2.2120043997282397
Ppp1r21,4.449202284884622
Poldip3,6.623294980446457
Tmem198b,3.1676150105315344
Dcaf4,7.812068814796093
Eif3k,9.56922296430786
Fam98c,5.510106058679874
Atp6v1d,9.969660609316513
Ifitm5,2.345653497674983
Slc35b2,5.212224334974008
Ankrd45,2.3797631469261296
Fam110a,2.3118655163656334
D3Ertd751e,2.670097716078384
Spmip7,2.19576699673773
Spmip11,2.1423682664833223
Pabir3,2.006303493598979
Fam161a,2.7546110040813523
Zdbf2,2.2956774484057303
4930431P19Rik,2.748442586168552
Tmem202,2.039967207656997
Psmb11,2.0546947321800046
Arhgap18,3.158799173726719
Irak3,3.0628301548526635
Ift57,3.73662371502933
Lyrm1,4.94302307102462
Cldn34c4,2.054510154656971
Ccdc175,2.099120594816539
Hapln2,1.9484059495816102
Fam151b,2.9537967996794836
Otud4,8.023777823340609
4930413G21Rik,2.174537689521283
4930438A08Rik,2.16814029711148
Atl1,2.7413708188096577
4930448F12Rik,1.9790439454387634
Herc3,7.028980717513247
Psd2,1.9038452279595741
Dnm1l,8.480473151376282
Abtb3,2.5798339042217346
Arsg,2.380093405478148
Slc25a27,3.2947049930197814
Rap2b,2.6574090168429882
Rftn2,2.6704463101708633
Fcho1,2.4125635080720653
Phf19,2.283172345487992
Als2,5.926462899719209
Cpne4,1.777965615437809
Glyr1,7.850106535001932
Msl1,6.394379240770724
Rin2,5.7411694317361155
Sdr42e1,2.1809606874374547
Nol9,3.5905538330169278
Nfam1,2.3832397483803756
Ddias,2.1752644263551395
Phf8l,2.20749228286805
Pex26,3.9648808805866516
Ttf2,4.102353520051836
Vsir,4.3129900698297154
Steap2,2.4588611711124115
Ttc21a,2.1898510825222655
Grip1,2.5940909541067003
Plce1,4.631779890541135
4933404G15Rik,2.260035193338138
Asz1,2.2186449783622195
Serpina3a,2.1151027395983766
Lmntd1,2.159946801544158
Syce1,1.853822045677379
Nmnat3,6.525573317972268
Cep350,3.405064845546024
Slc7a13,2.3397319639134952
Them7,1.966973647245143
Paqr5,2.104901517028184
Npl,3.4738767965619672
Tjap1,6.500267974938325
Hvcn1,2.4154922846867506
Pop7,5.008325929503196
Czib,7.200365347757779
Arpp21,2.5287507595910492
Slc35a5,3.6109045885150572
Nebl,1.949138723563949
Abcb6,7.869954274800519
Gga2,7.271120086711096
Dcaf6,9.875274323056635
Cep55,2.130106113951439
Parn,3.270315351418587
Rbm19,4.918799036059622
Usp16,8.874858345426436
Crot,8.800170950599933
Pi16,6.442411507144231
Actr3,9.563877842940695
Zfp263,6.56181340312513
Acoxl,2.4158386079655156
Tmem43,5.90367489165405
Foxp4,2.3933481651772426
Armc8,7.052290209294777
Syvn1,6.8754530698838465
Dmgdh,2.3924795577813964
Sash3,2.523613738416073
Rnf6,8.661115648443191
Smg8,3.9739040919296826
Cyp2s1,2.0556728403672158
Sec14l1,7.472117747458914
Nuak2,2.132567768618603
Tm9sf1,6.681687211273601
Lonp1,8.336046384178983
Opa1,7.806569016933551
Robo4,4.300109177042072
F13a1,7.558246154199344
Ehhadh,5.990630805381453
Cluh,8.53601559151715
Zfp946,5.91749870596826
Slc35f5,7.799651323975941
Stra6l,2.102580159349173
Uba7,3.708963401663457
Errfi1,7.4828807130700765
Acot12,2.2566779346074743
Cmtr1,6.917758920698553
Josd1,8.082913921824028
Acbd5,9.22423260585538
Nfx1,4.984890340029879
Tmem38a,11.86529005073451
Nudt9,9.171638732013887
Zdhhc16,7.422564761594106
Gtsf1,1.8167977627956065
Crct1,2.476380402182413
Tgm5,2.419823204504357
Stk40,7.6343747523686245
Muc5b,2.250163697432909
Gpcpd1,9.295941587261638
Perm1,9.535720776550745
Gbe1,8.40456807862975
Ccdc3,5.944113068689113
Katnb1,4.380037548809301
Prl8a8,1.8479792096266074
Phactr3,2.1561367149345383
Exoc3l4,3.22673270844505
P2ry13,2.2283547575743703
Arpc5l,10.36145338032416
Rnd3,4.1146268621588895
Elp3,8.265573680191283
Ttc27,5.148937917737924
Gtf2e1,7.5514026657306195
Dtx2,4.880835392733437
Vit,3.2563549209039664
Khdc4,6.654226132092926
Cep97,2.975870063807763
Fblim1,2.4612951054183054
Eif4enif1,6.299320195556967
Xpo6,5.3918460316770735
Acsl3,6.816099889341548
Sipa1l3,3.426846786387545
1700017B05Rik,3.4092323794164217
Rbm26,4.9059603102382745
1700016H13Rik,2.1955628953983672
Spmip9,2.49173284369246
Septin14,2.1266624922373625
Paqr8,2.2964227721754273
Liat1,2.091313857810015
Tubgcp2,7.411152917534515
Mterf2,6.8205754607598905
Iqce,2.7957027099273373
Chpf,2.2220166457212667
Slx4ip,2.827638065860752
Atg7,3.046335640653299
Ctbs,4.148780973293853
Gale,2.217459240386966
Lrrc2,10.018556870074645
Ankrd9,6.825689512538087
Armc1,8.794848692695195
Klrg2,2.297873021381855
Gpn1,7.560907084431801
Smu1,8.651423924658197
Cyld,6.423113495122029
Tspan17,4.693380948993992
Rnf138rt1,2.2174705616609107
Iqcf1,2.293137146672447
Aven,6.795600002691178
1700063H04Rik,2.305611828964859
Usp20,3.0924848539627963
Cldnd2,1.6414955777236446
Chic2,7.672447956430204
Magea14,1.913555772397494
Spatc1,2.2190226834158246
Sertad4b,1.8763263667280607
Tbc1d21,2.1431328696054197
Kcmf1,10.255668474905622
Spem1,2.4220510853229316
1700095J03Rik,2.54809949259405
Ccdc182,1.8849814858522809
Mtmr3,5.836491083172919
Prss46,2.112902092117061
Osbp2,2.3606797964198987
Rnf145,6.866472457564259
Isca2,9.280482314246749
Hopx,4.264184522001877
Mettl23,9.436907985864519
Wdr33,4.045731508083448
Cxxc1,4.6385837751426005
Cltb,9.278918536253082
Hnrnpr,9.041978538928344
Dnajc14,6.024857125856021
Ranbp10,7.875372082421823
Xrcc3,2.7446721607396363
Slc6a19,2.7705417406883868
Ahcyl2,5.68597081915576
Lrrtm1,2.0329811241787272
Crtc2,3.6259739779848617
Fhip1b,5.388095452329181
Zfp84,3.7313580351637725
Lrguk,1.8096628802312924
Matcap1,2.5319106354449117
4931414P19Rik,3.392939699426851
Cep57,4.462025414524877
4931429L15Rik,3.010949634758385
Spag17,2.484539329026793
Lonrf3,3.0128008197923806
4932422M17Rik,2.4057338898486464
Mei1,1.9622618867934207
Rptor,3.110439681621779
Clec16a,3.386330189853039
Gcc1,3.0709082703813735
Myo18b,5.46256535912935
Hsf2bp,2.3084024354084334
Ubap2l,8.851410427175372
Ap5m1,7.033232266421329
Rmi1,4.57611284910962
Epcip,1.8047819833912746
Dpp8,7.423152769491633
Specc1l,7.622645794013482
Map10,4.27313017126242
Zfp819,2.21936594162365
Terb2,2.1726671630658605
Efhc2,2.4670724263482433
Odad4,2.66224065046003
Hyal6,2.1864693899517786
Plpp6,4.12039270857166
Gle1,5.546427084865139
Tc2n,2.3973395779721494
Polr3c,7.289638328560115
Tktl2,2.1261396935168038
Tmc5,2.2786451364009115
4933402D24Rik,1.860747350414141
Eaf1,3.6343454627177016
Cfap20dc,2.3898061304386924
Sohlh2,1.9009515002468766
Lrriq3,2.428330398406277
Magec2,1.85335637899514
Clvs1,2.2204026553582907
Cmip,3.940505437486992
Slco6c1,2.030156244083768
Sgms2,1.856414475427913
P4htm,4.315855673447106
4933412A08Rik,1.999056172417547
Slc9b1,1.9718320224753214
Arl13a,2.115615503441719
Pank2,5.116170134425438
Pgs1,6.156433996518373
Cfap53,2.5268543846040186
Nsun6,2.613905985426558
Exoc3l2,2.5594808740379
Zswim5,2.0000205052824676
Mfsd13b,2.217432247238945
Pus10,7.266460774230631
Hyal5,2.0810235589278974
Taf7l,2.2423858612260474
Cep72,2.2287544607880374
4933440N22Rik,2.2348015725547565
Stpg3,2.1746574478940905
4933427D14Rik,2.8827888346454906
Snx29,2.313205398176472
Snx11,3.824434036197733
Samd4,3.7293409022693336
Batf2,3.2907581853056693
Ifitm7,1.979803385538555
Osbpl10,2.622736153512173
Lrrc15,2.3323251836638863
Mamstr,4.847360855722643
Kbtbd13,7.019957581000734
Tnks2,9.943670185270335
Gorasp1,3.7728373780808275
Sost,2.6069030423584514
Fam53a,8.532192490306837
Neto2,2.966341403141343
7420700N18Rik,1.9868820233377356
Cyp2j9,2.908030238251495
Ppp4r4,2.666055211966658
Morc2a,6.920528338705768
Fam234b,2.362789773042826
Mgme1,3.2572773277920213
9030612E09Rik,2.961127816316426
Gzf1,7.647769636431467
Gsdmc4,2.6552581221969946
Mau2,2.849378526272158
Pck2,3.248256736876027
Nipal3,3.175984854331879
Themis3,2.412276137382733
Elovl7,2.383766018021708
Nkx6-3,2.105285776580462
Rasgef1c,2.071583303432499
Mlkl,2.6468817217786023
Ttc17,6.811930771384424
Zkscan1,3.2386033308744673
Lvrn,1.955069750249643
Pyroxd2,2.433518303686972
Sppl3,5.026616053859058
Kbtbd12,3.9064774300618055
Cds1,2.773046092312566
Mrpl47,7.265405832990344
Cd200r3,2.137718206429977
Abcb8,5.780205859115282
Ocstamp,1.9138670935064788
Scrn3,9.111010280274797
Scpep1,7.5226889902868
Tmem81,3.019989398221648
Shpk,2.9082343874339642
Tent5c,2.3854760997498277
Spsb1,3.0260298723762227
Cpa5,2.0707169531175813
Pomk,5.823891311847593
Tex55,2.1657615380599196
Drc3,3.2260864780742597
Brme1,2.3565503155200727
Zfp943,8.512342288673935
Spdye4a,2.755325908561769
Ptchd3,1.8969717292607233
Wdr35,3.5632954924987676
Dnaaf8,2.1314984568477278
Slc25a54,1.889773433671425
Tdrd9,1.9096208219704274
Tbc1d30,2.0617990374304154
4930517E11Rik,2.153487396312699
Ccdc7a,2.274836603924412
Dnaaf6rt,2.3178869288262844
Ttll9,2.0004646575389216
Wbp2nl,2.583624289352839
Spata17,1.8606077880448826
Snx16,5.725872723090539
Tmem114,2.0121817383445744
Setmar,4.239302849738582
Stx11,2.3970043856967664
Rhoh,2.3563031487080868
Pcf11,6.2167579227511816
C2cd5,3.27280174051339
Ddit4,4.247651250938758
Slamf8,1.9772720886093251
Trmo,2.607829497076238
Dhcr24,2.467019106743697
Rab3il1,3.7147602194438147
Mxra8,7.3426691634643975
Mdga1,3.866196903373338
Naa60,7.593924588453107
Klc4,3.9510802327311616
Yipf2,3.8971135627777262
Pik3cb,3.551893441347529
Hhatl,10.022523400394887
Atp13a2,3.597765595206159
Lmbr1l,2.5376469537239443
Ppa2,8.606196252377243
Selenon,3.8401750334693596
Rrp7a,2.2557345701807403
Wipi2,5.829920174078065
Glt8d2,3.479709490819118
Naa15,8.680044900568506
Manf,8.262464505070112
Usp38,7.910053772002166
4833419G08Rik,2.240016257404185
Mss51,10.110515492875528
Meikin,2.015435910481975
4930402F06Rik,2.0287516094877147
Tmem65,10.896240420693344
Morn3,2.543088931357451
4930447A16Rik,2.1492477513368207
Ccdc181,5.552037797214254
Kbtbd11,2.6149516812750115
4930480E11Rik,2.096067911170425
Atp6v1e2,3.005630971388419
Iqca1,2.196486499553028
Slc35f6,4.676204485146333
Odad2,2.1513060263921413
4930503E14Rik,2.1158557683770494
Cldn34d,1.9728838860239268
Csmd2os,2.0142091204386983
Usp47,11.086478436142551
Rab11fip2,3.8303444102314743
Mindy1,7.326157553285573
Tmbim7,1.8371843741710672
Ct55,2.4232052085373144
Samd13,2.4723048387968922
Rnase10,2.0791368993850092
Purg,2.6048641092061446
4930503E24Rik,2.0894825370662393
Mei4,2.3575224832528483
Efcab10,2.0206653261847074
Kif27,2.1483769412933174
Cfap210,2.383012729482201
Sf3a3,6.299294578940362
Zcchc13,2.0769748625261926
Samt2b,2.073252848173203
Zbtb49,2.698341809278213
Usp50,1.995777336814082
Cimip6,2.383091014519517
Bltp3b,6.2777747887487
4930515G13Rik,2.070167542625405
Lysmd4,4.17488042811015
Mmd2,2.407287146187144
4930519F16Rik,2.0929091450074275
4930509E16Rik,2.722043159583947
Zc2hc1b,2.6560645370463507
Nxnl2,2.3207934598234825
4930513O06Rik,2.2572379800917552
4930524J08Rik,2.2980219749594983
Rsph10b,2.303674760258218
Rprd2,4.59066176329181
Rasd2,6.751588112734659
Mfsd13a,2.477475648009047
4930527J03Rik,2.5868972198338347
Tex38,3.2982542243465125
Meiob,2.146620185565499
Tmem269,3.245218532642675
Samt4,2.0996724654645598
Sap25,3.649916122835825
Kis2,2.4342964440517423
1700009J07Rik,1.873631655019743
Ankrd7,2.2487860421747876
Spaca6,2.3479552443662683
Sv2c,2.025366555788349
Prr3,2.4996624699126335
Rnf121,6.038277774881668
Cep128,2.613491143627008
Dusp18,3.918971615914282
Dpp3,5.321250930523427
Rnf19b,5.21089055853996
4930562F07Rik,1.8641705137055578
4930564D02Rik,1.9663566762235671
Erich6b,1.973362921601583
Pelp1,5.0102618112301185
Tmco5b,1.8278068661432958
Ppp1r1c,2.05132634356503
Bcdin3d,3.982684386489874
Slc35f4,2.18406398594828
Zbtb3,3.190923593761548
Prkd3,5.191209282891884
Cep43,8.164223388799348
4930548F15Rik,2.382081177360638
4930556N09Rik,2.040339536751658
Asxl2,3.342272396128733
4930562A09Rik,2.3568685583024247
4930563E22Rik,2.407283718694725
4930550C14Rik,2.2956830748169894
Taf1d,3.5748161531878027
Parpbp,2.242460477680693
Etnk1,5.06639798562276
Fam243,2.222109006634215
Atf7ip2,2.0528980545520805
Ccdc83,1.656572678227244
Mphosph8,5.8646954463442595
4930564C03Rik,2.6634456079632978
Slamf7,2.599449673272883
Magea13,2.013241922502092
Sirt4,3.7082110111156226
Boll,2.254237172416617
Spp2,2.0909864981707105
Mrpl32,8.79294841154649
Defb29,2.151236213199746
Arhgap36,2.1947558969035477
Ndufs7,12.114763627263676
Slitrk5,2.0226540618597464
Kmt2b,6.100873474358558
Arhgap12,3.7439451692126693
Nop14,5.83494756214921
Secisbp2,3.7516858410323164
Mettl5,8.37855331650502
Arl5a,6.137758055912442
Zfp820,2.457887858832247
Tti1,8.063604255568118
Igfbpl1,1.9157757974066545
Cfap144,2.374266345453922
Anapc15,5.657421796139684
Cimip2c,2.459116411237857
Cfap97d1,2.2603428021093457
Cypt12,2.305293059438723
Fam236e,2.3940738653479663
Ccdc192,2.6799060782125372
Ascc2,2.7017559867520755
Ccdc7b,2.6192815089208685
Phpt1,10.436692159739254
Prps1l1,2.138119793302795
Cklf,2.277073366445039
Syce3,2.4179271029507485
Cimip3,2.2814781793480274
Dynlrb2,2.327160523308861
Stpg4,2.5498033076481863
Spata19,2.2379199728773247
Iqcf5,2.4099821988836916
1700009N14Rik,2.1296535127901075
Cfap126,3.724793214787803
Oplah,7.722904927426268
Pfn3,2.265253873546478
1700003F12Rik,1.7663861154772675
Hspb9,2.117580842203766
Cox8c,2.2019393741679196
1700010B08Rik,2.632387758559695
1700012O15Rik,1.8328445650000293
Morn5,1.9266276313094328
Fabp12,3.042599183037071
Cmtm2b,1.9516179900204704
Cfap276,2.044746697641583
Pou5f2,2.964168944271068
Izumo2,2.6412277884344117
Gpx6,2.17426630159335
1700013H16Rik,2.3225625918070194
Ttc32,8.601560489030069
1700021P04Rik,2.321197659287924
Tex48,2.7579943581810666
Eppin,1.8373194575477314
Tex29,2.104460854601465
Lyrm7,2.169000896449011
1700025H01Rik,2.449951933801503
Nme5,3.676980822010211
Garin5a,2.231512140651088
Fpgt,6.4355571922739445
Nat8f4,2.5370292536483303
1700019P21Rik,2.4378096637987148
Akap13,4.102388999020497
Paqr9,3.090525432108175
Zc3h14,8.171093767575545
Nscme3l,2.113679523275796
Cfap161,2.3414471057177373
Ep400,4.015724058069941
Dnali1,2.108868759838697
Rsph9,2.1564592382135594
Sgf29,7.313074577345955
Capsl,2.181860138042552
Nhej1,2.8917903119835215
Spata9,2.3076736687282278
Acyp2,11.951653908576267
Prr29,3.885943043308672
Dynap,1.95699648586268
2310034G01Rik,2.2629952822885984
Zbtb4,1.8148797982083593
Yipf7,9.072063334042
Krtap9-3,2.0269750519867973
Dusp9,2.3238493861425966
Prl7b1,2.1585734937995613
Ndufaf2,7.886571987601978
Pcdh1,2.9736474398217543
Calml4,3.021380822801124
Tm4sf5,2.1410513029273712
Kdm5b,3.568874538325568
Wnk2,9.237342585678322
Chmp4b,9.61554724132214
2010109A12Rik,2.1377638687913936
Gns,8.255837280053994
Med25,5.162157868094882
Smim15,8.986194319495743
Fastkd2,7.606712529814907
Spaca3,1.9473973136426113
Tex30,5.349122029894759
Metap1,8.518780392883038
Mageh1,4.59805894159796
Snapc1,7.119008327576786
Frey1,2.6532396602711077
Spata25,2.2985082036041056
Ccdc172,1.9693686245064044
Rai14,3.6021235026651817
Ssmem1,2.15305891438167
1700020A23Rik,1.8081683952024825
Wdr54,2.504364012423457
Lin37,3.8072412333577508
Tmem225,1.8303719376225978
Rasl10a,1.937790671486341
Pik3r4,6.01068201920243
Tex22,2.0203962953489207
Ippk,3.3806817346214793
Nudt16,4.058350288159411
Ripor1,6.979175658853666
Higd1b,3.8572888152877827
Vsig10l,2.170904449369124
Nr2c2ap,3.3290607373719276
Rilpl1,11.515188652902062
C2cd4b,2.6911662248048924
Shld2,3.4797401807592494
Ces1h,2.9058824040984654
Eif4b,9.489650559332064
Krt24,2.368388927284005
Rbm12,4.480637949467699
Tmem14a,3.1487034925414377
Cul5,7.532241899490988
4932414N04Rik,2.309124358796357
Amotl1,9.535206575026296
Phf14,4.734498661750069
Fam227a,2.3231744290731737
Idnk,4.6597569500098155
Iqcd,3.16166934310568
Mff,10.776495022314748
Pank1,7.642938418451634
Bcl2l12,3.6695845163178222
Mpp7,3.210905045345406
Morc4,3.923398453828342
Sesn3,6.405706292974666
Slc10a6,3.2972181233037348
Ipo4,8.548391882219747
Klf17,2.057544857218413
9130401M01Rik,7.368413289277677
Apol7a,2.267212583616973
Dcaf17,4.51053335628491
Slx1b,2.363411930941746
Dcstamp,2.364358427487758
Rab11fip1,2.2013561026282593
Plppr5,2.3447336805261956
Brsk2,2.292522335744682
Pnpla5,2.0990074683238125
Adad2,2.1220756023534655
4930402K13Rik,2.4858401514869706
Them4,5.8648232404621865
Lca5,2.341123917503459
Cfap299,2.3535007864181248
Klhl24,7.800164725821386
Ckap5,6.923802469913923
Smurf1,2.95511236055683
Cdyl2,2.698249740550834
4930444P10Rik,2.1537710842735045
4930447C04Rik,1.9998215029606687
Nln,3.4633304991384364
Saxo1,2.0687203971356896
Tasp1,5.94751084425602
4930470H14Rik,2.4623468862144695
4930509K18Rik,1.9662513410286226
Wdr64,1.8183531239553734
Senp2,7.875893434963129
Pramex1,2.190511627371042
Vmn2r-ps54,2.3436264348622546
Rnf139,10.546880171665615
4930568D16Rik,2.1480551782470267
Tex26,2.0783275071679
Clec4g,2.176579320749062
Arl5b,2.970292475943971
Tcam1,2.2449430296343578
Zfp821,2.787475153015175
4930579K19Rik,2.0645953022769246
Gstt4,2.386682317410859
Adal,6.66515742554168
Dcp1a,2.8648896720981853
Dipk2b,2.4311501749567777
Fam184a,2.074446818891976
Vmp1,8.89761732620855
Exoc6b,2.7370160108354846
4930579G24Rik,3.793365221979314
4930584F24Rik,2.410135858294607
4930572G02Rik,2.3042749180246775
Samd7,2.6567121194600625
Srrm2,9.762702257380527
Zdhhc20,3.83186317657902
Dock11,5.656977996023102
Rab30,3.1966183042641902
Agmat,2.4485492790613
Slain2,8.22266095086888
5033425G24Rik,2.062527118428203
5033430I15Rik,2.397992003307516
Ms4a18,2.019879307655731
Zmym2,8.126726194368121
Zc3h18,6.406706216446461
Gm11346,2.244467233646946
Cant1,3.499820488009448
Ccdc125,2.656080293625809
Ncapg2,3.46696203879657
Ganc,4.834209931054638
Oga,7.793437928256179
Jakmip1,2.0922900582695827
Rnf183,2.164393394962512
Pcgf5,8.282278129869015
Gbp8,2.3351048974323376
Ttpal,2.6977271683378565
5830468F06Rik,2.5258626773408897
Dock8,2.4221559095815857
5830454E08Rik,3.636370681907495
Rap2a,3.4292130240405263
Lpo,1.9596370186667451
Arhgap15,3.0511081127952715
Gpsm2,3.1644023536047747
Las1l,6.782668225345097
Faxc,2.336416264060497
Ppp1r14c,10.383395583998754
Fam131b,2.424530790389724
Slc35d3,2.406223574708861
Lamp5,2.246500159514216
Snrnp35,6.789333669534865
Coa5,7.599497599827263
Usp31,2.5525833233675956
Celf6,2.1464364589275617
Abca6,2.1332880256137448
Adhfe1,8.3637672249211
Abhd12,6.7653465878046255
Stard3nl,5.152599764944209
Gpr165,1.9188052143606054
6530403M18Rik,2.1592829363570263
Jakmip2,2.3299754706468585
6430710C18Rik,2.5354217867255904
Arxes1,2.237982259014482
Magef1,2.888074964523756
Agbl3,2.2779040304937297
Dnttip1,8.49030540716818
Tmem275,2.118798742902525
Grhpr,8.368716242766238
Rtf1,8.117049843358545
Ercc6l2,2.7420793435088773
Atp6v0e2,8.434792118371861
0610006L08Rik,2.0090093814155483
Slc38a3,7.504454832029826
Ttc8,4.536958622547985
Pgcka1,4.941438480381871
Gstk1,9.03264617005672
Tsen54,3.330524402781228
Fads1,3.7968201189105724
Ndfip2,7.149134965379446
Cyp2d26,2.01715094469716
Gpt,7.0873235590944
Mfap4,2.652336392825405
Asb5,12.199287538613177
Atp11b,7.20703314960024
Erp44,7.967853794104076
Pcnp,9.831171265824901
Osbp,9.394092839392444
Slc18b1,4.4597650135157725
Rab1b,8.052898782935829
Cog2,4.590087483331057
Rab2b,3.0674778536909084
Tgds,5.65985723338909
Trmt5,4.403958135985078
Tbx18,2.464652650089502
Mtif3,4.998166909910925
Trp53rkb,2.7000396292108317
Zfp773,2.1871229304632736
Det1,3.7281870462218247
Slc24a2,2.4584442822919965
Ropn1,2.050691674646992
Cep112,2.960942875830226
1700012A03Rik,2.0789420330227064
Ankrd48,2.4833157970425446
Zfp735,2.417210409979224
Il31,2.3331425098205005
Pbp2,2.2675607442885455
1700018B08Rik,2.535370411271763
Saxo5,2.0554601985374696
Sun5,2.1780210166949447
Abcc3,2.4451496438097298
Ift43,6.584731699858423
Spaca7b,2.33325510364333
Fam187b,1.9920379495495475
Polr1has,8.19970880178695
Smkr-ps,3.079295828001584
Mroh3,2.0172996140841675
Gid8,7.794664869643878
Fam209,2.3592935898956724
Lhpp,6.704179468587949
Rftn1,6.970192317215264
Daam2,2.9114400722740377
Krtap4-7,2.0759278829034327
Ppp1r18,5.014952336568644
Prss23,8.33935101813025
Fbxo31,6.721300887653268
Ccdc134,4.133098110258531
Car12,2.084746162413867
Knl1,2.186391403933419
Msrb2,5.8190366094324135
Pcolce2,5.898165453270635
Haus8,2.964302949530069
Smndc1,7.523222958126193
Rmc1,5.1086532613719084
Lmf1,4.5399833026048775
Kndc1,2.122746004688347
Glt8d1,7.365356059000056
Ly6k,1.7944693285975417
Ppp1r3g,2.0361595421028578
Abhd14b,5.152601341288704
Ppp1r11,7.049945097002467
Paqr4,2.688959643106143
Clasp2,3.2176562492065557
Ip6k2,5.149212300178223
Commd9,7.16093080125679
Smim45,3.077710871735848
Aoc1,2.0632263032844196
Plet1,2.2274934558775183
Trappc9,6.224552476684809
Lsm8,7.741773855761156
Cln6,4.492148431764787
Il34,2.128595184879129
Fam204a,6.919907254645575
Tmem101,5.2340358498981105
Ccdc6,9.293600827893062
Atg2b,4.803650348122428
Prss8,1.7481141688118556
Snx7,3.5039673442303987
Qrsl1,7.972534816728344
Rflnb,6.2355429068101556
Ift46,5.681683408925636
Styxl1,2.1092387065177363
Spatc1l,1.9821698154749143
Mfsd2a,2.6787621231410044
Faf2,2.7301097266817975
Mib2,5.930034119481463
Ipo11,6.32676716899239
Lce1i,2.5054715976651796
Unc5cl,1.5113300222241346
Dnajc18,3.251582592122444
Llcfc1,2.30570055427918
Hectd3,3.30146261671171
1700063K16Rik,1.814338338797419
1700071A11Rik,3.229758192654934
Lrrc27,2.9517464614753783
Immt,10.068679597322364
Got1l1,2.254372955110879
Msi2,6.890955622642856
Prr30,2.1993032012529277
Tmem270,2.0635424247709007
Stambpl1,2.5797419640317174
Lrmda,3.2786431250477492
Zim2,2.349791468666711
1700121N20Rik,2.4212274631161566
1700113H08Rik,3.095285316549369
Pkd1l2,1.7971860551751728
Wdr38,2.272273850634726
Srxn1,5.968706346108241
1700122O11Rik,2.0419566896633836
Actrt3,2.141146631981058
Cby3,2.2750833602474727
1700123K08Rik,3.1739106541189686
Mdh1b,2.285356478313482
Cfap70,2.345148955538482
5330417H12Rik,2.5587671683424698
Trim12a,3.749288332546939
Clip3,3.0469247742299195
Spcs3,8.552559629802161
Arfrp1,5.345729902713033
Ctrc,2.079002192323926
Cpb1,2.057776044528437
Ppp1r2-ps7,2.292179395851586
Clasp1,7.136927024167669
Arpc2,9.768676781991333
Kansl1,4.052489978441608
Ckmt2,13.29420638519523
Creld2,5.637212009964238
Efr3a,7.688364847971099
Snx27,5.657748863050784
Gje1,2.145395092290124
Dapl1,2.808174937552072
Trdn,13.101744518176794
Gsdma2,2.260725082874998
Alpi,1.938881806136519
Ntaq1,3.6344988438577928
Slc10a7,3.353516638337427
Cluap1,6.462880958030333
Mettl4,4.353035442288555
Mtif2,8.577424759983833
2410124H12Rik,2.0847165105698897
Ppfia3,2.39711902203141
Klhdc10,3.9098099621190645
Mzt1,8.015226218854771
Spring1,3.2085283731988867
Snip1,4.866954863833218
Tbc1d9b,5.199550014089449
2410137M14Rik,2.663995732524388
Tmem234,7.723961704346092
Usp42,4.345234239696347
Kdm4c,5.880765650942185
Bri3bp,2.622483500321351
Armc6,4.2809885623105774
Calcoco2,2.4010055955609033
Sdccag8,3.73973045049801
Cyria,3.1894595990096626
Mtfr1l,9.841601026127533
Dok5,2.6880037128555876
Dtl,2.1132277689584216
Rps9,11.38655408741984
Ago4,4.243578121605323
Gper1,3.330157260158036
Catsper3,2.1965896600462007
Spopl,4.208564016733987
Nlrp14,2.1021926807009232
Dcun1d5,9.115839493721623
Morn1,2.2735019093940916
Rhbdd1,6.355115859345722
Ccdc116,2.0121020611840126
Rab36,2.0745682381433457
6430411K18Rik,1.9338968732871935
Cyfip2,2.6515728629566313
Fam81a,2.140247358646884
Coq8b,2.8727764875255084
Memo1,7.959160260105816
Rnft1,6.98646825352282
Cers2,5.023085312724333
Mettl15,4.280266719913925
Bicd2,6.397995556424038
Ralyl,2.005411097931273
B3gat1,2.3849589307733425
Golga1,3.2645377305545815
Ssbp4,4.830650665686337
Jade2,3.5136895453432153
Lrg1,7.700044705677311
Mnd1,1.7852206396582992
Timmdc1,6.079443307367655
Flywch2,2.025360050573107
Arrdc5,1.9920381761174177
1700013D24Rik,1.7709154439569315
Spata46,2.6680500165720367
Tsacc,3.6546170448865056
Arfip2,4.234549417728181
Ifi27l2a,9.139830080230665
Hnrnpm,7.482472049271098
Rbm17,8.606781694622024
Lypd5,2.604090169985693
Psapl1,2.5561622097668772
Ndufaf6,9.096496612122193
Nt5c2,3.045549848952622
Dennd2b,3.812424244975974
Chmp5,8.948218212902196
Bcas1,2.2986038455554794
2610028H24Rik,2.7648206417757613
2700049A03Rik,2.251009223092872
Chst1,3.862044705099963
Sult2a8,2.003626960861307
Urah,2.924129161407759
Arxes2,3.163249688728429
Ube2ql1,2.685688921494849
Vxn,2.1869957217583273
Scfd1,6.939706384263304
Hdhd2,3.156261680730769
Fam219aos,1.888620733860696
Fbxw27,2.248523062741828
Ddrgk1,9.378592421636279
Ticrr,2.218023649930389
Col25a1,1.9351241399509191
2700099C18Rik,2.762167903830226
Slc9a8,4.116173163693965
Tstd3,7.5350649996744385
2510039O18Rik,7.725987178016072
Kdm8,5.466820137794332
1700109H08Rik,2.753605008166076
Mrap,3.284366878403785
Arfgap2,8.972983914743866
Atg16l1,6.950912258001549
Arsk,4.6308480546227395
4632433K11Rik,2.432398464709775
Arid2,5.808723559788649
Bcl7a,5.298648815812513
Cep83,6.964172433300885
4921528I07Rik,2.109318174892398
Sun1,6.769511370980067
Krt76,2.302232207327314
Tmco4,3.531003480769941
Ints7,3.732132271395282
Pate5,2.3903220417441724
Ankrd11,4.3143528745298
Ocel1,2.7697933670384365
Tanc2,3.449674720924681
Klhl2,4.608604168186009
Mtmr2,5.037469589201511
9130221H12Rik,4.875976917930173
Il33,4.120912173184865
Crebrf,7.666989613917508
2810433D01Rik,2.5899367378789404
Hnrnpa0,8.757303958840856
8030423J24Rik,2.394736080191034
Ptgr2,7.8995729529192715
Tmem200a,2.1038082020580355
9430038I01Rik,4.233370902661211
Yif1b,7.6837159948992
Zfp142,2.7454703657876576
9430024F10Rik,2.3726460518369765
Nkrf,3.1111041080417254
Fam162b,2.148051805445046
Raph1,6.435322342681228
Wdr82,8.407214804708438
Ankrd55,2.2661065175804516
Akr1c21,2.1977493095492266
Sec24a,9.479594404507854
Lyz3,2.2644750202997064
Rab35,7.722981801493224
C330018D20Rik,6.7915703714379445
Spinkl,2.926153784019188
9530002B09Rik,2.303202207501421
Tmem116,2.2747648233366635
C030014O09Rik,1.8049478318575234
Kidins220,5.410570499024679
C030048H21Rik,2.062684780487987
Stk31,2.5306825860090725
Dnhd1,2.3914847310591036
Zfp266,3.5392057526487157
Mtus2,1.888070330514892
Tmem213,2.2093849740119476
Anks1b,2.3908114774979663
C030034I22Rik,2.894917643101905
Shisa4,8.911825439957477
Agl,12.100150353374389
Limch1,9.021324973694375
Vps33a,6.105926646922249
Tcaf1,2.8197057805887784
Spns3,2.3096966445113956
Myh10,7.46138761062981
Mboat7,6.793000409251661
Notum,2.0705055345828556
Chst15,2.6320351385685075
Ddx10,5.00073964724444
4931406H21Rik,3.0616942963936604
Usp45,6.974488053544125
Nup210l,2.230098531840491
Adgrf1,2.0315667400862956
Rbm12b2,2.6631106230210744
H2az2,8.41293644205521
Odad3,2.2188100072641013
Prss36,3.476060482140323
Prelid2,2.217227841850772
Apex2,2.91722344757569
Smpd4,3.862197936885647
Efcab6,4.638922904084903
Sphkap,2.1087860617862972
Prdm8,2.908327888529458
Pramel13,2.207913950002214
Snapc3,4.463148474308365
Steep1,6.781318697703591
Trat1,2.0899755394104
Arhgef38,3.3669237951680344
Ehmt1,6.370850014596498
Mmab,5.12554459004672
Gvin5,2.273313191923888
Lcn12,2.43763911332618
Lcn9,2.497683907056167
Cstdc2,2.7948267624976464
Mrps5,4.321874239781433
6030468B19Rik,2.0666256418552584
Rnf170,8.439228931977421
Adamtsl1,3.4822098854593673
Bora,2.683867674906296
Elp4,3.103538174174034
Ermn,2.1075559126518586
Csrnp3,2.182486294038153
Dcst1,2.082757985278308
Epm2aip1,6.234761488510617
Polq,2.8987095517753514
Adamtsl2,3.4033744014104723
A930009A15Rik,2.244510074694514
Sla2,2.6267764334287196
Shisal2b,2.0903371895461653
Esco1,3.513875912146979
Lrrc42,6.421406534941624
Krba1,6.566266445712398
Tchp,2.8996893738043905
Mlana,1.855205842173003
Msl2,6.9067539797313415
Thyn1,5.959167651304711
Ypel2,3.4234757372382583
E130116L18Rik,2.695869847497986
Cyp4f41-ps,2.7514059726667797
6030458C11Rik,4.281966217343517
6030440G07Rik,2.1862075795438263
6030498E09Rik,1.8881663065953216
Lbh,2.686672279985459
A030003K21Rik,1.7956397239310136
Krtap17-1,2.230722021060305
A030014E15Rik,1.7113562217311957
Krtap19-3,2.079463070967004
A030005K14Rik,1.9627774363842718
A030005L19Rik,2.1405943758201977
Yipf6,5.844236136604558
Fam53b,5.4559329269169785
A930004D18Rik,2.846331289348291
Rpgrip1,2.978759556723172
Cyp20a1,3.5818711166311026
A930023M06Rik,2.1853480666578133
Rdh12,2.067172004052288
Tmem50b,7.091074028761759
Nuak1,6.648324367019714
Sbf1,5.205023230203662
Ascc3,2.5768869978066076
Mir99ahg,3.754583102907636
Cutal,2.312543335702892
Grifin,2.469671972705367
Prr15,2.3098796402794766
Ccdc150,2.4036246387623064
Mccc2,6.972973139467132
Tmem190,2.176559635793915
4930583I09Rik,2.168320086150245
Cpt1c,2.8740338737252302
Lcn8,2.323748194934152
Crisp4,2.1535473090477493
Sowahb,2.2241965015998884
Msantd4,8.579847763628806
8430431K14Rik,2.7405783673250905
Lrp8os1,2.786822271126845
4930451I11Rik,2.310762282697968
Lpar4,2.7341684200504908
Cox7b2,1.7764111142783345
Flicr,2.194019525554219
Tmem210,2.3919876869750936
Trappc6b,7.641427265257545
Spint4,2.013750869596309
Cst11,2.0158276339781875
Spink12,2.2870235360472857
9230112D13Rik,2.092161633578321
Dnajc21,9.357084481838063
Acbd7,2.929379297905276
Phf23,7.581210822170276
Armcx1,3.548405584985056
Adgrf4,2.3295892606321194
Iqch,1.4606572651934406
Zfp712,3.093596462505461
Nxpe2,2.599134061080553
Ralgps2,2.432955148197259
4921539H07Rik,2.1628771575164696
Lrrc9,2.362749970532052
Mroh9,2.2568897258624907
Zfp687,5.079697255068193
Klhdc8b,2.8526485880828427
Map7d2,2.3413138003117413
Creb3l4,2.4983895785641383
5330426L24Rik,2.585397259506593
Nav2,2.908166560017019
Rbsn,5.33497863572651
H2bc27,2.0733037999037722
Naa38,9.557327550144189
Gpr108,6.844380258031059
Cul9,2.745088779233614
Ccdc88b,2.1299736797782685
Ankrd23,12.547992725418487
Fam219b,3.9802677758080094
2310010J17Rik,4.350743268125019
Ndufv3,12.16896736113101
Cdk19,6.077178297236865
Ttyh3,3.159012099932966
Lypd8l,2.3704304817830395
Icam4,3.113137883103375
Snrnp25,5.234451302924403
Sapcd1,3.821319358849028
Mvp,5.859571462288264
Pla2g4d,1.833507511391879
Ddx52,6.9285644026550655
Ntf5,5.463230151405997
Fam131a,6.391342362560509
1700034E13Rik,2.481204098569316
Rnase6,2.679840829950065
9530053H05Rik,2.3194574905443486
Pgpep1l,3.029907882951845
2700046A07Rik,2.1244699893879098
Helz,6.706324590813956
Plscr1l1,2.11134822581968
Tmem247,2.2260383585033456
Skap1,2.092916483168722
Tmsb15a,3.317519037547202
Nup50l,2.2596027591015617
Arhgap10,4.355889121201021
B230219D22Rik,7.225982888165092
Mrpl9,8.22508714682994
Asb8,9.622147939069803
E130119H09Rik,2.2045321942857563
Htra3,4.847572361039087
Adgra2,2.636649520016434
Utp23,3.114857467856428
Srbd1,2.9370408548748266
Nrip3,2.255046148403786
Pde6h,2.2677232417641187
Cstdc1,2.1964999656087865
Uvrag,7.0675480869138605
Btbd19,2.1079052759368304
Cstad,2.519415261333936
Acap2,7.202704516774719
Zfp449,4.220407645665497
Acsbg3,2.2554088613059786
Spaca7,2.4498881306277727
Lsm6,6.151386696049546
Bola3,11.308082144190925
1700066C05Rik,2.319279503953993
Brd8,4.358592873779752
Ncapd3,4.894601240107349
Plekhj1,6.829628134724506
Nol3,7.122952344572799
Naa35,6.856310753157331
Pus7,5.969298782271866
Spink8,2.203501138768378
Pramel13os,1.830993094990956
Ly6g6g,2.4439778515156787
Troap,2.1652666775243854
Rassf10,2.575953451686539
Zc3h6,6.75503244388739
Csgalnact2,9.525794251821134
Galnt15,4.720818878777274
Pabir2,2.64268458284723
Rictor,3.4346424555126234
Efcab11,2.0247040935103633
Mctp1,2.2111148706563477
Tepsin,2.4328040688521653
Spata2l,2.757981947039761
Zc3hav1,2.759052254229708
Brpf1,6.377736537034219
Celf3,2.0438929545210813
Clip4,8.325500891081989
Usp54,2.6185855292894726
Armc9,2.380756299603247
Ndor1,2.789816888284525
Eml4,2.8748620034835413
Ak7,2.254483863097244
Ift70a1,3.797370756326888
Fbxo43,2.003262773073077
Stpg1,1.857034900726718
Stxbp5,3.927469232635852
4930562C15Rik,2.295600805740239
Gmip,2.6405027212737147
Desi2,9.340610251106101
P2ry10,2.6073208517832125
Tsc22d4,7.087672817405488
Slc25a12,12.092617698546883
Cacul1,5.007582347345591
Gins3,2.628319893319175
Zfp623,5.906096256987513
Coro7,4.38589371824439
Sfi1,3.5111377400105526
Wsb1,5.60502909467566
Trmt44,2.2477985604341755
Scyl1,8.169889967165664
Crispld2,7.625750322824818
Cnot10,6.611615134913575
Aacs,2.723019370267687
Pus7l,2.590462582230634
Ecrg4,5.529578942367006
Wrnip1,4.108293265820137
Misp,2.825940425184461
Asb15,7.841447335061798
Trim42,1.8499982573232707
Sp2,6.01669249071922
Ltn1,5.010233499262669
Nadsyn1,3.9334712455487364
Fndc8,3.113336117489941
Dlst,10.272810159894306
Zfp747l1,2.4349419191798365
Chsy3,2.5913913147222867
Srd5a1,2.136114537315461
Gas2l1,2.9413650112152574
Pigt,3.738141874367077
Polr3h,3.4781529255573886
Saal1,2.930204534337252
Avl9,2.6380884286579476
Fbxo34,5.239593350154074
Ern1,3.2213664345128046
Popdc3,9.764941311985071
Spsb3,7.640928111970955
Mrps34,9.835535789576648
Nme3,4.7775824904942015
Rab11fip4os1,2.1368138955071765
Gm9799,2.0484753051576567
Osbpl5,4.0119282217098275
Tnfrsf23,2.6825798815365167
Tnfrsf22,2.462455479855244
Hdac9,3.091877792669043
Zfp319,2.914348215501595
Lrat,2.0320054725868153
Trim39,4.157568708807447
Krit1,5.86410589195368
Bhlhe41,3.0593291678822183
Spz1,2.217290565601831
Pdcl2,2.3367860697342984
Recql4,2.7376398609622417
Lias,9.382755740350055
Cptp,5.727057685674669
Ublcp1,7.70223614641155
Mettl27,2.5334058208925936
Sh3bp5l,5.132943748573699
Cdk5rap3,6.837155018844254
Cttnbp2nl,3.6165547401591644
Abtb1,3.493875889184771
Smim12,7.735060525120498
Parp9,4.607946833386388
Tusc3,4.109505982668498
Apobec3,3.139778669675032
Bcl9l,2.512088103129904
Lysmd3,7.223584751175534
Gpr146,6.717891747191843
Rilpl2,4.116320249276335
Zxdc,4.634250408328928
Pofut2,5.964871902510656
Sptbn4,2.3668104164690225
Kcnip4,2.3446751055871777
Tex21,2.573538704732749
Tusc2,5.762786215763999
Med8,4.600671088776085
Rnf227,2.161694328892855
Herpud2,8.813439893860872
Or8a1b,1.9824675731308676
Wwox,3.2108351409591886
Pacsin3,9.641280379868574
Rab27b,2.4283604849279334
Igsf6,2.5623978911853826
Pbx4,2.646520512955585
Slc19a3,1.8588690185530297
Mynn,4.390609954427769
Car15,2.503287237473047
Vps16,4.283367289111792
Cwc22,4.150662044463867
BC004004,9.077212300019662
Lrfn1,2.6436845172685035
N4bp1,4.495277746493128
Rnf34,7.150547755044195
Fam20c,5.584919503620346
Klrb1b,2.3672485706256094
Cblc,2.2120377194409753
Calm4,2.5639607450600628
Clca3a2,2.503365912550908
Rhoj,8.196019279006977
Fgf20,2.609619137344034
Nfkbiz,3.0917437915069086
Ghdc,2.768537241517271
Dhx58,2.348338416279186
Ifitm2,9.56773135510315
Lrba,3.0415966756663573
Slc16a3,9.854255706738936
Kank3,7.66728955183594
Ntng1,2.3949222347999695
Maged2,4.840088902110362
Hcar2,2.4970699584234715
Senp3,7.619383830103174
Hspb8,11.18596126257153
Tlnrd1,2.5237316359773243
Trim2,2.9940966914994687
Fcrl2,4.106570948932269
Zfhx4,7.247838901711809
Tmprss5,2.407756718206668
Erap1,4.500448995911687
Cxcr6,2.129089986166309
Zfp202,2.9890063358717
Fgf16,2.232775587071228
Dtx3,5.4572453668572996
Polh,2.3034577135680228
Kcnip2,2.2768864197480796
Lactb,8.403169952307296
Abo,1.9650350923416482
Castor2,3.284842809250916
Gpr84,2.0948213642341744
Acox3,3.143761703473048
Pum1,8.068384923809502
Pum2,8.932722100582046
Uck2,6.231215392790865
Dusp12,3.9289893831615292
Syt13,2.0191818280052227
Mrgprh,2.778454438217103
Slc26a5,2.198532390396786
Cemip,2.1206496103432477
Trim44,4.034037199743536
Ckap2,2.637031364048706
Nckipsd,3.4440873831406402
Rad54l2,2.9373768783083904
Trim23,1.8361826755903052
Tbl1xr1,3.8631200990217
Gpr63,2.137559275707944
Defb5,2.347398683369804
Vmn1r172,2.229882208868862
Vmn1r65,2.517012785678992
Vmn1r58,1.9489649066965133
Vmn1r56,1.918645954972825
Vmn1r62,2.375946599858717
Vmn1r63,2.0557567774762453
Rnf114,8.412914498862355
Dnajb1,5.5859924486697805
Sil1,7.482606072863894
Sgpp1,6.5432613926331165
Chia1,2.4102293658307437
Kat5,6.906923329546562
Zbtb22,7.463313797256537
Egfl8,3.005554937347474
Ankrd17,7.926352823467805
Jdp2,4.95681985319361
C1qtnf3,2.9936409456647404
Sorcs2,3.4725566354713053
Gpank1,6.920726862271238
Tnxb,7.853584865284584
Tfcp2l1,3.9662444671211023
Ift122,5.641570994924625
Tlr9,2.2640622785232476
Sf3b1,8.944657033154405
Cacng7,2.1085052627053984
Tmem108,2.1776443681957143
Zfpl1,3.716416104327229
Rrbp1,3.5260255352376695
Klb,1.987781353868236
Siglece,2.3874195990875253
Tfap4,3.0770187662030466
Sp6,2.2589016707535117
Glis2,2.774829035789759
Akap12,6.124454191222817
Ndst3,2.2544850674663883
Gimap3,2.071861571759581
Lamtor2,9.157568912962683
Cstf2t,9.477825017444454
Ucn3,1.8721271732661924
Ctns,3.7209873717284316
Il23a,2.706203511950863
Ndel1,10.066579322877104
Trem2,2.505881041080832
Rsph6a,2.49580037247553
Plekha3,5.948148070349579
Plekha2,5.080053171695333
Chrdl1,2.717341216132569
Nxf2,2.411608739480104
Mov10l1,2.474589693391713
Ngrn,7.57184465364575
Rbm5,5.038609167645053
Pik3ap1,2.2981748253801317
Pramel1,2.210399803735119
Gsdmc,2.534139914978273
Sacm1l,9.01691313462702
Tktl1,2.1024503756333375
Fstl3,2.97490714486225
Tex13b,2.2423680087702778
Tex16,1.9563102185014294
Lin28a,2.282206145650287
Tex11,2.408645857343862
Tex14,2.0436796450510637
Tdrd1,2.211885158306577
Usp26,1.8889513509284275
Nlrp4c,2.3891434060650085
Gtf2a1,3.132950266585574
Elovl4,2.134749923399536
Wdr6,6.333244345957184
Sytl2,3.5509359630370594
Sytl3,2.468405893970431
Snhg1,4.9059155226075655
Cnnm1,1.8457525072267449
Bicc1,6.785112434393348
Pde4dip,8.620009167763367
Crispld1,3.2440347617459224
Srrt,5.438763940280022
Akr1c6,2.1828409402821407
Dbr1,5.09380566388191
Slc12a9,3.447147446889337
Otof,2.3487768689608135
Actl6b,2.2624911102437713
Wasf1,2.7142075444937874
Dpp7,5.562598641320725
Tas1r2,2.2281579872188924
Tas1r3,2.895559115683932
Smarcd2,4.977056714780356
Smarcd1,2.918407793215087
Tnk1,2.1190207527601332
Nedd4l,6.491469878969796
Cenpq,4.144881446397667
Slc25a2,2.2887981404473767
Cemip2,5.966515477800862
Cep41,2.3105473459614854
Gpr137b,2.38978623111025
Trps1,7.019177779109305
Dnaja3,8.79032600277772
Phip,4.020696638805848
Nrg4,2.651803048951873
Btbd1,11.498427100951863
Jam3,4.228450932504161
Enpp5,5.896375500674451
Tssk6,1.9989478069871423
Tbx19,2.12716832083601
Mmp1a,1.9832047562546757
Mmp1b,2.129160932769975
Slmap,5.939100098480057
Mcam,4.734642725329661
Kremen1,4.169793339380409
Kcnn1,4.212821916625853
Usp8,7.271539132878199
Plvap,6.407236702034413
Pi4k2a,4.490870210451723
Gpr87,2.2832546598267776
Sucnr1,2.7841878320564626
Ptov1,6.931207420250072
Setdb1,3.8963544258215426
Hamp,2.55482320953748
Sval2,2.3738022108779147
Cd96,2.2429803944746998
Rnf123,8.648729771494537
Hycc1,5.217147685965981
Hes7,2.291249866297603
Cox4i2,2.0480675194418096
Tnfrsf25,2.106770213683887
Pla1a,5.031608667472988
Kars1,9.180604463260561
Emc9,6.199675244374986
Sec16b,3.139266058136853
Tac4,2.246897453192132
Cd163,5.856944576982495
Il24,1.7299508456729102
Nat8f2,2.0092839360477925
Clec2i,2.94015775349498
Lmod2,9.922518013349336
Trim8,3.7544077191906253
Zkscan8,3.067194292659183
Glce,3.604441053570914
Selenof,10.666987909237072
Entpd7,2.247048599720415
Rbfox2,3.087930870116043
Csnk1a1,10.992045465113899
Klhl1,2.2430989204727747
Lmod1,3.0983407988544767
Gpr45,2.2510495102702412
Klf7,6.061085806494617
Glrx,8.163057826945973
Clec2d,5.812370463270824
Gpnmb,3.5958292946446204
Chrac1,9.573667661609813
Ice2,4.076178531470895
Cpn1,2.484697586822136
Rnase2a,2.5925478197730105
Pabpc5,2.1634650071125754
Lztfl1,4.6559750199893655
Acox2,1.9480384621457223
Mpv17l,3.2960287470991463
Wnt16,2.45197077993465
Aff4,6.672429417435907
Pard6g,2.7044357452159318
Gabarapl2,3.9637355757514072
Pard3,3.786720109752278
Gprc5d,1.8945550786868062
Echs1,9.966067976230162
Immp2l,7.978483211304325
Sirt1,7.150235390405586
Arid1a,7.9279947914954105
Smarca1,4.368368080425348
Smarca5,7.813757575078472
Ube2n,6.830718393399472
Nipa2,8.649413484747528
Serpinb9g,1.8462154537172017
Peli2,3.5354796775074155
Amn,1.6909807037845308
Rnf111,6.209177635728018
Dach2,4.45688840019288
Dqx1,2.4963232583378336
Vangl2,2.3235266074271075
Uchl4,2.231642661491106
Igsf9,2.0584451436048408
Pnck,4.162372018070241
Brwd1,3.5599721374420596
Pcdhb1,1.771022505310441
Pcdhb2,2.404088100302459
Pcdhb3,2.0600757995839625
Pcdhb4,2.1080458486111673
Pcdhb5,2.3381519061457663
Pcdhb7,2.252175333239036
Pcdhb8,1.9166394786637158
Pcdhb9,2.1737146010099573
Pcdhb10,2.059672572960298
Pcdhb11,2.331180114515815
Pcdhb13,2.0099015407467475
Pcdhb14,2.790434354074185
Pcdhb15,2.208375327103976
Pcdhb16,2.342827101816477
Pcdhb17,2.5967250016775516
Pcdhb18,2.078966385192628
Pcdhb19,2.2088864882316863
Pcdhb20,2.9096919704183155
Pcdhb21,2.5027495140032228
Pcdhb22,2.6690246964740516
Fzd10,3.1772813889934297
Cers1,5.70108985645361
Nkd1,2.901886688859291
B3galt5,2.1574186261679333
Hemgn,3.679366448315511
Clmn,2.4221444223057893
Allc,2.5917062322149658
Bcl2l13,8.337441834442261
P2rx5,4.407506001124016
Tmem121b,2.215815947802344
Mrpl1,5.830008307984492
Mrpl3,8.878524380428532
Mrpl16,9.902349842510374
Mrpl27,10.768451743859794
Mrpl34,8.82079512716137
Mrpl36,7.611444042620691
Mrpl43,8.762088791884082
Clec2h,2.2968473570990686
Trim6,2.161536231969012
Trim7,2.9672927304981833
Trim11,4.436638977253562
Trim16,6.85147355468758
Trim33,6.132082079412958
Csmd1,1.9324704739412628
Mepe,2.6413678464565318
Med15,6.874545188633864
Hrg,2.243503758310897
Dock2,2.730785391060113
Mcoln1,5.302384128039075
Krt23,2.577182076534702
Acsbg1,2.046342538344003
Nans,4.571278602101034
Pdxdc1,6.795241701339552
Tnfrsf21,5.459957693514059
Strn3,11.116588292586
Zfp423,3.456375129433983
Ophn1,3.1108734619062886
Adarb2,1.8941846900079542
C1galt1,4.755924784293833
Pag1,2.401722707993988
Ddx50,8.94051556824043
Spock2,2.3073867243739294
Col4a6,2.580141936802724
Lrp1b,1.8304021755761626
Cnnm3,3.8191673470120335
Cnnm2,2.445453661387274
Cnnm4,2.48591279569288
Gopc,5.414768814822647
Olig3,2.0461811015550073
Dgcr8,3.8049884972028694
Srd5a2,2.3706128468913437
S1pr5,2.6028405884732004
Pi15,2.4700119728585404
Slc4a10,2.1418199611115907
Cpsf1,6.753969726001816
Ubqln4,8.0287306781454
Tinagl1,5.6526126006959005
Fkbp6,2.726719633866933
Dtnbp1,8.32454645787633
Arid4b,3.5840306634272863
Slc24a3,4.423451758147679
Hecw1,2.0497748774896185
Rcc1l,6.397165428393126
Maged1,5.64330420014286
Sfxn2,3.041857625340567
Sfxn3,7.242800407218048
Sfxn4,2.967932632152065
Sfxn5,2.6701561740939432
Prcc,4.362622488731754
Cadm3,3.24453183776354
Tmem40,2.821217700691553
Loxl2,2.897652995311406
Hmgn3,4.551854724776985
Susd4,2.4351998947183304
Tmem62,3.0178489707635134
Ptges2,7.330538630215886
Tprn,2.722814531293578
Wwtr1,7.639318864567216
Slc9b2,2.2644343241513485
Nmd3,7.840682769221925
H3c15,6.504524132744481
Nhsl3,3.27715546938726
A430005L14Rik,7.315455339156952
Pramel29,2.282884270574094
Hadha,10.709679502677341
Naa11,2.1690298062432865
Mtmr14,8.011429608968056
Strn4,5.493959514043134
Misfadt,2.419430923950999
R74862,2.883792929993087
B3gnt9,2.8331805924845654
Fam90a1a,1.864529575719444
Cog8,8.449265728471335
Qars1,8.862112695600018
Sgsm2,3.0678012379734674
D930048N14Rik,2.2322700566890443
4833439L19Rik,11.505371535479918
Exd2,6.983120280051103
Serpinb6c,2.192430434872303
B3galnt2,10.04627128149224
Nlrp4f,2.665208529539635
Nol12,6.4254754703602615
Deptor,9.504877140685599
Gtf2f1,5.67487501317051
Tmem132a,2.9639802224912764
Dcaf8,9.582247837169138
Lrrc59,7.56516987244245
Kmo,2.4875143427471644
Txndc9,2.747527814889024
Stk17b,5.473977779302094
D630023F18Rik,1.9522665820500944
Efhd1,5.15249168724161
Slamf9,3.2431737028361383
Smap1,6.043700951337893
Gorab,3.7873075911244527
Lbr,9.435789843301187
Chst10,2.3167411865413325
Slc41a1,5.3215832986770595
Sh3bp4,3.280848889724872
Zfp451,5.967057133990996
AI597479,7.399660481852769
Nucks1,6.275898547665828
Cnih4,9.107315749065199
Phlpp1,7.276679287809851
Celrr,1.9741195423130093
Gtf3c3,6.154204300064241
Pid1,5.409513977786324
Mael,2.3951592080585526
Khdc1b,2.0698186265170713
Atp1a2,11.59418519964247
Mfsd6,3.2003826683203904
Trmt1l,5.7776813254292945
Rabif,6.6898979757801795
Rdh10,4.689896742433393
Obsl1,2.965755395482784
1700034H15Rik,2.4040209293952213
Fcrla,2.4861576363479494
Ubac1,11.583734964108636
Cdc123,9.381296250966075
Eps8l2,2.3566473885742956
Ehd4,7.942222000318066
Usp6nl,4.049569948296518
Myl9,7.786475162021411
Eeig1,3.618948838063217
Nat10,4.072493772382871
Fibcd1,2.474972596944293
Clp1,5.072931345801706
Znfx1,6.151560962845532
Qser1,8.699154742262536
Lpcat4,2.0956739037045646
Pomt1,5.068844693991395
Osbpl6,6.863705792863118
Olah,2.314646953869811
Mrps26,8.732186460890071
Cep152,2.807797111065556
Stard7,10.775820229731087
Cercam,2.8097895755964717
Anapc2,8.039409314408822
Ssx2ip,7.64837384649672
AU015228,2.223116361583814
Tm9sf4,4.874692685900535
Hrh3,2.3158760165726426
Commd7,6.204537714411867
Garnl3,2.7297327582705964
Dnajc24,3.4213135294688457
Arfgef2,5.962382252170954
Cul4a,7.864994748861474
Sall4,2.970839458657734
Abtb2,6.075338903394407
Golga2,7.3126235710326455
Duox1,2.6596410280697094
Magi3,2.4840622858707375
Dnttip2,7.626372344625949
Wdr47,2.963926777795571
Olfml3,5.905006240528152
Fgg,2.247726256387809
Dpyd,3.2319487896098167
Adgrl2,4.311673195460096
4933434E20Rik,9.265085675102556
Eps8l3,2.3473688785893576
Clca4a,2.1386064965495906
Tchh,2.478055977716721
Sec24b,4.377092740916056
Clca4b,2.2069719800808474
Cept1,8.310212249194915
Taf13,8.936054536062997
Kcnc4,7.292185819241108
Tlcd4,5.001261848387367
Arfip1,5.3600983447088355
Prmt6,2.468733120606499
Ifi44,2.6139570599953914
Tiparp,6.794844897475417
Kdm1a,7.323052477454895
